frame_id,index,window_id,direction,station_m,travel_distance_m,road_position_cm,camera_location_cm,target_cm,ball_location_cm,fov_deg,width_px,height_px,size_bytes,sha256,file,native_readiness_status,visual_review_status
window-0000-forward-00000,0,VIAL_TR70190001272-0-interval-0-tile-0,forward,0.0,0.0,"[124072.65351248789,39968.71810853481,66568.38460983036]","[124353.90590806313,39557.28537826559,66828.63629857013]","[123622.64967956753,40627.01047696558,66543.98190784674]","[124072.65351248789,39968.71810853481,66608.38460983036]",76.0,1280,720,1340557,feeb492ed348145e7fb460950346fbb45009a953de39c74099e3dc39d2395412,frames/window-0000-forward-00000.png,NATIVE_LOADING_AND_MIPS_READY,UNREVIEWED
window-0000-forward-00001,1,VIAL_TR70190001272-0-interval-0-tile-0,forward,10.469857064891832,10.469857064891832,"[123636.8117092714,40908.459053447164,66480.60936585558]","[123760.45801119792,40425.77593029038,66742.18573702362]","[123438.97762618895,41680.75205049802,66454.08717198668]","[123636.8117092714,40908.459053447164,66520.60936585556]",76.0,1280,720,1283260,007f2f00aeec28daeec27183c177343c54df3d6b2cdb5f4e1e2f5dcd6360c598,frames/window-0000-forward-00001.png,NATIVE_LOADING_AND_MIPS_READY,UNREVIEWED
window-0000-forward-00002,2,VIAL_TR70190001272-0-interval-0-tile-0,forward,20.939714129783663,20.939714129783663,"[123404.7070148983,41926.068574842066,66406.61500929281]","[123469.85844048217,41431.24760917478,66656.73981104298]","[123300.46473396412,42717.782119909716,66398.41532649258]","[123404.7070148983,41926.068574842066,66446.61500929281]",76.0,1280,720,1333210,1540ce02f0897469c35b4ea64c4c9f036c4ae587dec7151c9357001b61c6d51a,frames/window-0000-forward-00002.png,NATIVE_LOADING_AND_MIPS_READY,UNREVIEWED
window-0001-forward-00000,3,VIAL_TR70190001272-0-interval-10-tile-0,forward,0.0,0.0,"[117691.7618415493,57238.5975250043,64806.900735798066]","[117859.4644983607,56770.429366876066,65078.808294141956]","[117423.43759065108,57987.66657800946,64763.848642447854]","[117691.7618415493,57238.5975250043,64846.900735798066]",76.0,1280,720,1100326,435ee3f48fd866980ad7fde935a25794db0e374247ab35d55965050b32a8a74a,frames/window-0001-forward-00000.png,NATIVE_LOADING_AND_MIPS_READY,UNREVIEWED
window-0001-forward-00001,4,VIAL_TR70190001272-0-interval-10-tile-0,forward,5.424665483667665,5.424665483667665,"[117632.05964895315,57770.777442492545,64749.86814951798]","[117620.82011754577,57273.69977296862,65022.6645830567]","[117650.04289920496,58566.10171373082,64705.393855856026]","[117632.05964895315,57770.777442492545,64789.86814951798]",76.0,1280,720,1001513,6afe8a39cfb770067980a00da8e250ad1241c28309614441e6fc5ad897a1b8b4,frames/window-0001-forward-00001.png,NATIVE_LOADING_AND_MIPS_READY,UNREVIEWED
window-0002-forward-00000,5,VIAL_TR70190001272-0-interval-12-tile-0,forward,0.0,0.0,"[118794.10194011289,65988.55009879917,63860.304732674944]","[118924.58404675826,65508.219103299976,64127.807938968224]","[118585.33056948028,66757.07969159787,63824.29960260571]","[118794.10194011289,65988.55009879917,63900.304732674944]",76.0,1280,720,762624,c3d4b0dee7b05a4b6527791b8c43f35821ed073bf9e853c62523ea98afa1b9f1,frames/window-0002-forward-00000.png,NATIVE_LOADING_AND_MIPS_READY,UNREVIEWED
window-0002-forward-00001,6,VIAL_TR70190001272-0-interval-12-tile-0,forward,19.333795513449427,19.333795513449427,"[117767.71652621683,67552.83350739628,63687.34117131037]","[118188.6303053434,67287.03971731376,63954.08784707414]","[117094.25447961432,67978.1035715283,63652.54649008833]","[117767.71652621683,67552.83350739628,63727.34117131036]",76.0,1280,720,923287,c20e4cf69fdfb443c576e534294629b36b4da6a1df21ffe1405996dabe42ac5e,frames/window-0002-forward-00001.png,NATIVE_LOADING_AND_MIPS_READY,UNREVIEWED
window-0003-forward-00000,7,VIAL_TR70190001272-0-interval-14-tile-0,forward,0.0,0.0,"[116885.89237115812,67892.16924710199,63600.72827737175]","[117355.38352600035,67726.2146834526,63865.8629461845]","[116134.70652341052,68157.696548941,63568.51280727136]","[116885.89237115812,67892.16924710199,63640.72827737175]",76.0,1280,720,999614,66d0951c09bd83e1f19900d50f45ce187fe9ea906d128f8c31b18688217e0166,frames/window-0003-forward-00000.png,NATIVE_LOADING_AND_MIPS_READY,UNREVIEWED
window-0003-forward-00001,8,VIAL_TR70190001272-0-interval-14-tile-0,forward,17.236711135560295,17.236711135560295,"[115279.28063834402,68493.35974505777,63441.92347441207]","[115726.67639941278,68275.09424650042,63708.79782899118]","[114563.447420634,68842.58454274952,63406.92450708549]","[115279.28063834402,68493.35974505777,63481.92347441206]",76.0,1280,720,894360,08c52318b9c287b10ee671c3bc04e79ca94111b98be28ba4510d623d3394b867,frames/window-0003-forward-00001.png,NATIVE_LOADING_AND_MIPS_READY,UNREVIEWED
window-0003-forward-00002,9,VIAL_TR70190001272-0-interval-14-tile-0,forward,34.47342227112059,34.47342227112059,"[113753.01344412394,69271.45620045648,63254.136324477404]","[114208.65620929374,69074.6876896317,63534.73189936716]","[113023.98501985226,69586.28581777612,63197.18340465381]","[113753.01344412394,69271.45620045648,63294.136324477404]",76.0,1280,720,824787,feb0b384e0546d4014766cd24c846a58b64a701c91f7b4bf33ed6f82a7029baa,frames/window-0003-forward-00002.png,NATIVE_LOADING_AND_MIPS_READY,UNREVIEWED
window-0003-forward-00003,10,VIAL_TR70190001272-0-interval-14-tile-0,forward,51.71013340668088,51.71013340668088,"[112087.9337210654,69326.95081075521,63042.56003835004]","[112551.62006603109,69505.03767064228,63319.83170523634]","[111346.03556912031,69042.0118349359,62990.92537133197]","[112087.9337210654,69326.95081075521,63082.56003835004]",76.0,1280,720,910948,235c4c94ddc88dccc3a323e90fc1c3e6633367ec64e1395af26a8dd6f771618b,frames/window-0003-forward-00003.png,NATIVE_LOADING_AND_MIPS_READY,UNREVIEWED
window-0003-forward-00004,11,VIAL_TR70190001272-0-interval-14-tile-0,forward,68.94684454224118,68.94684454224118,"[110865.93729016604,68189.08002711833,62856.59827576194]","[111157.3698585925,68592.23799070768,63126.90448268346]","[110399.64518068368,67544.02728537536,62816.10834468752]","[110865.93729016604,68189.08002711833,62896.598275761935]",76.0,1280,720,1182664,87a666a086c1c85e158131ecd8748fbdc44635a6a02c7cd051cf83247871e21d,frames/window-0003-forward-00004.png,NATIVE_LOADING_AND_MIPS_READY,UNREVIEWED
window-0004-forward-00000,12,VIAL_TR70190001272-0-interval-16-tile-0,forward,0.0,0.0,"[107936.4467692445,65248.73779024929,62443.84321949242]","[108336.08154469937,65545.77108729165,62709.2664150567]","[107297.03112851671,64773.4845149815,62411.16610658959]","[107936.4467692445,65248.73779024929,62483.84321949242]",76.0,1280,720,1026660,8c3efc4f3dc061e26c0e1f3b8b2f32dcc7cec0fdf3c310f56b8c440fece363cd,frames/window-0004-forward-00000.png,NATIVE_LOADING_AND_MIPS_READY,UNREVIEWED
window-0004-forward-00001,13,VIAL_TR70190001272-0-interval-16-tile-0,forward,14.22300538913222,14.22300538913222,"[106799.86465606061,64403.959625980664,62311.714631309624]","[107199.2907675585,64700.837831056764,62579.90293699133]","[106160.782877664,63928.954497858926,62274.61334221889]","[106799.86465606061,64403.959625980664,62351.71463130962]",76.0,1280,720,959032,f3d01376a7297ae2f8e98c674bc6a65b8582f7144194777edb502bfbfe6f7bd6,frames/window-0004-forward-00001.png,NATIVE_LOADING_AND_MIPS_READY,UNREVIEWED
window-0004-forward-00002,14,VIAL_TR70190001272-0-interval-16-tile-0,forward,28.44601077826444,28.44601077826444,"[105663.80429565231,63559.56926076132,62172.75720956816]","[106063.17369341676,63856.405312551724,62441.6698100587]","[105024.8132592292,63084.63157789667,62134.49704878328]","[105663.80429565231,63559.56926076132,62212.75720956815]",76.0,1280,720,858058,f5083ce7e63894a68c0622beb6cbf100f00c53aa944e4e247335e5707fbf16f0,frames/window-0004-forward-00002.png,NATIVE_LOADING_AND_MIPS_READY,UNREVIEWED
window-0004-forward-00003,15,VIAL_TR70190001272-0-interval-16-tile-0,forward,42.66901616739666,42.66901616739666,"[104537.20322008594,62703.45165608451,62033.556185182235]","[104900.99588565191,63042.49546389607,62305.558039620795]","[103955.13495518039,62160.98156358601,61990.353218080556]","[104537.20322008594,62703.45165608451,62073.556185182235]",76.0,1280,720,765268,44e1f87fff858e1a38ea6bfa54c83432b4bafa570827ce90a49c130513173177,frames/window-0004-forward-00003.png,NATIVE_LOADING_AND_MIPS_READY,UNREVIEWED
window-0005-forward-00000,16,VIAL_TR70190001272-0-interval-18-tile-0,forward,0.0,0.0,"[104292.61607936933,61916.91881176084,61921.04592084607]","[104107.96609894914,62376.570709093685,62209.049729630155]","[104588.05604804163,61181.475776028296,61852.23982679151]","[104292.61607936933,61916.91881176084,61961.04592084606]",76.0,1280,720,1163525,8825c0b414ba7ebe7d748e7c07a0b2d154a78d6b8202f8a23e34567c5188d47b,frames/window-0005-forward-00000.png,NATIVE_LOADING_AND_MIPS_READY,UNREVIEWED
window-0005-forward-00001,17,VIAL_TR70190001272-0-interval-18-tile-0,forward,15.579772738632407,15.579772738632407,"[105617.02464569174,61801.35249087749,61727.847677199876]","[105177.28759737186,61569.71896970174,62002.4117698126]","[106320.60392300352,62171.96612475869,61680.545129019505]","[105617.02464569174,61801.35249087749,61767.84767719987]",76.0,1280,720,991478,0ef119db4d8c0962af8560978954a25ed4af67826e14d382c314cccc08ab73bd,frames/window-0005-forward-00001.png,NATIVE_LOADING_AND_MIPS_READY,UNREVIEWED
window-0005-forward-00002,18,VIAL_TR70190001272-0-interval-18-tile-0,forward,31.159545477264814,31.159545477264814,"[106988.28379188656,62523.66957955977,61569.19439524675]","[106547.90421399311,62291.697602871966,61836.67943927054]","[107692.89111651608,62894.82474226026,61533.21832480867]","[106988.28379188656,62523.66957955977,61609.19439524674]",76.0,1280,720,963418,7fbfa5d28e7a6f3039d591a2e0d8608e99e8492734e3b7782df1b420daf29af2,frames/window-0005-forward-00002.png,NATIVE_LOADING_AND_MIPS_READY,UNREVIEWED
window-0005-forward-00003,19,VIAL_TR70190001272-0-interval-18-tile-0,forward,46.73931821589722,46.73931821589722,"[108361.03968274547,63246.773094218224,61427.97294085467]","[107920.32931960566,63014.62804840928,61691.36710552615]","[109066.17626376917,63618.20516751254,61398.542277380315]","[108361.03968274547,63246.773094218224,61467.97294085467]",76.0,1280,720,926393,aede608d049e5a137d2fa3b1fbb678f824a47dc5b1db22130c3ebf2212a8a2cf,frames/window-0005-forward-00003.png,NATIVE_LOADING_AND_MIPS_READY,UNREVIEWED
window-0006-forward-00000,20,VIAL_TR70190001272-0-interval-2-tile-0,forward,0.0,0.0,"[124032.63826234615,45442.53275496885,66206.51131943287]","[123899.15920527198,44961.4145928282,66453.13190133855]","[124246.20475366482,46212.32181439389,66203.9183883838]","[124032.63826234615,45442.53275496885,66246.51131943287]",76.0,1280,720,1160325,3346645d7df9637fd3e8277ef3c26d82821ed7c6b2e54c43333b15e0f084cedb,frames/window-0006-forward-00000.png,NATIVE_LOADING_AND_MIPS_READY,UNREVIEWED
window-0006-forward-00001,21,VIAL_TR70190001272-0-interval-2-tile-0,forward,15.016938706165634,15.016938706165634,"[124433.5985778016,46887.77288654819,66131.85231325921]","[124300.06074936534,46406.44288573939,66373.96743699674]","[124647.25910329961,47657.900887842276,66136.46811527917]","[124433.5985778016,46887.77288654819,66171.85231325921]",76.0,1280,720,1122255,9cb1de2a2317c12b87da345c9c3988cbc5715981a809cf3bed5f1bf25265725c,frames/window-0006-forward-00001.png,NATIVE_LOADING_AND_MIPS_READY,UNREVIEWED
window-0007-forward-00000,22,VIAL_TR70190001272-0-interval-4-tile-0,forward,0.0,0.0,"[125857.39198164083,54523.60409060493,65686.5801512171]","[125921.11992227401,54029.113228124996,65944.23033722589]","[125755.42727662773,55314.78947057284,65666.33985360304]","[125857.39198164083,54523.60409060493,65726.5801512171]",76.0,1280,720,1026125,5999bababc12b4881d3dd02ca4737f750c35e4ade1c434c4acdf6eac1ce77e1b,frames/window-0007-forward-00000.png,NATIVE_LOADING_AND_MIPS_READY,UNREVIEWED
window-0007-forward-00001,23,VIAL_TR70190001272-0-interval-4-tile-0,forward,5.501676936184013,5.501676936184013,"[125766.76040917519,55064.27188878879,65645.13390383824]","[125886.43626145863,54580.3296889533,65903.57395584953]","[125575.27904552169,55838.57940852556,65623.6298206202]","[125766.76040917519,55064.27188878879,65685.13390383824]",76.0,1280,720,1004392,27d7a75d6f794620152da2049252eae3650b7c005969f778f6d1ab1428aa6ea4,frames/window-0007-forward-00001.png,NATIVE_LOADING_AND_MIPS_READY,UNREVIEWED
window-0008-forward-00000,24,VIAL_TR70190001272-0-interval-6-tile-0,forward,0.0,0.0,"[125039.57027997822,57023.971292655915,65462.796573218555]","[125296.51853322212,56597.63741935706,65729.8818536457]","[124628.45307478796,57706.10548993409,65427.46012453515]","[125039.57027997822,57023.971292655915,65502.796573218555]",76.0,1280,720,856578,fc933f118df2fd6c51600aeed74da1544cc482aba636b0a1a2f38a432c9df513,frames/window-0008-forward-00000.png,NATIVE_LOADING_AND_MIPS_READY,UNREVIEWED
window-0008-forward-00001,25,VIAL_TR70190001272-0-interval-6-tile-0,forward,15.195333713152603,15.195333713152603,"[123853.28739076504,57814.50466690585,65316.05304240164]","[124350.37288679402,57836.372056757114,65585.32602585814]","[123057.95059711866,57779.516843143836,65277.216268871256]","[123853.28739076504,57814.50466690585,65356.05304240164]",76.0,1280,720,777679,b97b6b7dd2d30801c5c219604b95af5cf1b3404f3fb424e784a803838909c8af,frames/window-0008-forward-00001.png,NATIVE_LOADING_AND_MIPS_READY,UNREVIEWED
window-0009-forward-00000,26,VIAL_TR70190001272-1-interval-1-tile-0,forward,0.0,0.0,"[90029.30882942164,22494.751889724284,55360.129416097676]","[90046.95493804842,21997.351852849515,55627.89779651098]","[90001.0750556188,23290.59194872392,55323.700007436404]","[90029.30882942164,22494.751889724284,55400.129416097676]",76.0,1280,720,1428447,0f072b95f956a971d72567f8c9e28e12872b16490a8778ae4ab2e1c75007f4a6,frames/window-0009-forward-00000.png,NATIVE_LOADING_AND_MIPS_READY,UNREVIEWED
window-0009-forward-00001,27,VIAL_TR70190001272-1-interval-1-tile-0,forward,16.283650996682386,16.283650996682386,"[90928.48833532429,23729.121260712698,55209.05578574596]","[90476.76105776045,23519.068527999607,55471.720949340204]","[91651.25197942644,24065.20563305364,55180.791523995154]","[90928.48833532429,23729.121260712698,55249.05578574595]",76.0,1280,720,1233045,986b556d847b3d4ba4e4dbd970da45d339f5d4b511cd2be6e096672bd4ee4ea3,frames/window-0009-forward-00001.png,NATIVE_LOADING_AND_MIPS_READY,UNREVIEWED
window-0009-forward-00002,28,VIAL_TR70190001272-1-interval-1-tile-0,forward,32.56730199336477,32.56730199336477,"[92418.75705101804,24375.15347997432,55094.62087338609]","[91960.58583433447,24177.078707639626,55343.69871318322]","[93151.83099771172,24692.073115709834,55088.09632971069]","[92418.75705101804,24375.15347997432,55134.620873386084]",76.0,1280,720,1202339,a40c1eed29f42153bd0fba8a881a0f61548eb96b1ae05b24ec20b278c7de5a86,frames/window-0009-forward-00002.png,NATIVE_LOADING_AND_MIPS_READY,UNREVIEWED
window-0009-forward-00003,29,VIAL_TR70190001272-1-interval-1-tile-0,forward,48.85095299004716,48.85095299004716,"[93911.41747438867,25020.45454696266,55010.443626426095]","[93452.96379432904,24822.257661150765,55253.643145693946]","[94644.94336248405,25337.5695642617,55013.324395597534]","[93911.41747438867,25020.45454696266,55050.44362642609]",76.0,1280,720,1177768,130135e270c2e04defdd241178be534e44d8742b95588937f2b3bb4681acb992,frames/window-0009-forward-00003.png,NATIVE_LOADING_AND_MIPS_READY,UNREVIEWED
window-0009-forward-00004,30,VIAL_TR70190001272-1-interval-1-tile-0,forward,65.13460398672954,65.13460398672954,"[95404.51627362054,25665.94513077289,54935.813964196335]","[94946.05130724923,25467.743365732396,55178.747235768125]","[96138.06021981464,25983.067954837672,54939.12072968146]","[95404.51627362054,25665.94513077289,54975.813964196335]",76.0,1280,720,1120816,1b838a4a1b16fd260c2766fbe13adb1da77f5fa0bf8647f9384af3ef4e49dc01,frames/window-0009-forward-00004.png,NATIVE_LOADING_AND_MIPS_READY,UNREVIEWED
window-0010-forward-00000,31,VIAL_TR70190001272-1-interval-11-tile-0,forward,0.0,0.0,"[95675.24538019206,37151.684168260545,52586.801602517065]","[95182.82967194474,37229.41628577682,52845.3306587957]","[96463.11051338777,37027.312780234504,52565.15511247126]","[95675.24538019206,37151.684168260545,52626.80160251706]",76.0,1280,720,979524,b5c3f371fb01f874f4ac2474a3b2adf6b4675b3ea9c7d9386b29f8b668f856e5,frames/window-0010-forward-00000.png,NATIVE_LOADING_AND_MIPS_READY,UNREVIEWED
window-0010-forward-00001,32,VIAL_TR70190001272-1-interval-11-tile-0,forward,12.439699543962403,12.439699543962403,"[96894.50262092287,37331.35452121496,52491.31100761337]","[96407.8009043845,37223.2896517921,52749.303416266004]","[97673.22536738425,37504.25831229154,52470.52315376915]","[96894.50262092287,37331.35452121496,52531.31100761336]",76.0,1280,720,941401,905cccc75c0eb435517fa70f6fcba4021a3dbd6f95bd3a005e7c0e65b678f188,frames/window-0010-forward-00001.png,NATIVE_LOADING_AND_MIPS_READY,UNREVIEWED
window-0011-forward-00000,33,VIAL_TR70190001272-1-interval-13-tile-0,forward,0.0,0.0,"[98966.27199735958,37237.53838595003,52324.67676733204]","[98545.99690294256,37504.439530497235,52590.85711003489]","[99638.71214842681,36810.4965546745,52290.788219007496]","[98966.27199735958,37237.53838595003,52364.676767332036]",76.0,1280,720,812351,116c02150492ee47b43180601b642ae18bd75f77dca44be60405b576cdb9ae0e,frames/window-0011-forward-00000.png,NATIVE_LOADING_AND_MIPS_READY,UNREVIEWED
window-0011-forward-00001,34,VIAL_TR70190001272-1-interval-13-tile-0,forward,10.34234554884084,10.34234554884084,"[99638.76728832591,36482.07419835884,52240.36243425437]","[99430.2495560585,36935.71802695478,52487.33709100599]","[99972.39565995376,35756.244072605325,52237.20298345179]","[99638.76728832591,36482.07419835884,52280.36243425437]",76.0,1280,720,796455,d48916930cddc1c51680c660c22d974bc24bddcd098775c7da3deece2d416dca,frames/window-0011-forward-00001.png,NATIVE_LOADING_AND_MIPS_READY,UNREVIEWED
window-0011-forward-00002,35,VIAL_TR70190001272-1-interval-13-tile-0,forward,20.68469109768168,20.68469109768168,"[99971.6211549472,35509.977394901216,52205.18737581298]","[99932.80873208582,36008.26698536288,52439.3676391805]","[100033.72103152542,34712.71405016254,52222.49895442494]","[99971.6211549472,35509.977394901216,52245.18737581297]",76.0,1280,720,797979,ee0ede9345bb7e1e33a66a60e72537034bb4840e825ce33d0de3cbe8fc33c643,frames/window-0011-forward-00002.png,NATIVE_LOADING_AND_MIPS_READY,UNREVIEWED
window-0012-forward-00000,36,VIAL_TR70190001272-1-interval-15-tile-0,forward,0.0,0.0,"[96061.71122828382,31295.900154858828,51757.58792812541]","[96498.56981985843,31059.001871027693,52032.66763478146]","[95362.73748176446,31674.937408988644,51709.46039747574]","[96061.71122828382,31295.900154858828,51797.5879281254]",76.0,1280,720,1082767,f0d4ec3a2a83e4560bccd6fa0e725eb6b32363c4e73a02abdddbd33b7e6f2381,frames/window-0012-forward-00000.png,NATIVE_LOADING_AND_MIPS_READY,UNREVIEWED
window-0012-forward-00001,37,VIAL_TR70190001272-1-interval-15-tile-0,forward,16.70872916837475,16.70872916837475,"[94810.80197836056,32368.323253809092,51572.52158588666]","[95148.95130194938,32003.76950705799,51845.015401581055]","[94269.76306061844,32951.609248610854,51528.53148077563]","[94810.80197836056,32368.323253809092,51612.52158588666]",76.0,1280,720,1094731,3d812092837a358398099fc125091db7d97a6c0ffa5142e4db87850a3e7859db,frames/window-0012-forward-00001.png,NATIVE_LOADING_AND_MIPS_READY,UNREVIEWED
window-0012-forward-00002,38,VIAL_TR70190001272-1-interval-15-tile-0,forward,33.4174583367495,33.4174583367495,"[93680.01424968234,33587.40865391281,51408.42858775743]","[94018.58381541644,33222.401849439826,51674.696090899946]","[93138.30294450778,34171.41954106959,51374.400582729424]","[93680.01424968234,33587.40865391281,51448.42858775743]",76.0,1280,720,1053351,35d8a17ea0c783177bfa5620c90ab2430fe46c51754f8de6b05ede08dc29f985,frames/window-0012-forward-00002.png,NATIVE_LOADING_AND_MIPS_READY,UNREVIEWED
window-0012-forward-00003,39,VIAL_TR70190001272-1-interval-15-tile-0,forward,50.12618750512424,50.12618750512424,"[92534.146810415,34793.574268377735,51260.64797918736]","[92912.01103371779,34468.410388790064,51519.21065750812]","[91929.56405313053,35313.836475718,51238.947693874135]","[92534.146810415,34793.574268377735,51300.64797918735]",76.0,1280,720,980719,7e3bd0ffd61853b222692c7c1d44f9ad6e2e1fdb122d6a03f7b69d4a2ba091ac,frames/window-0012-forward-00003.png,NATIVE_LOADING_AND_MIPS_READY,UNREVIEWED
window-0012-forward-00004,40,VIAL_TR70190001272-1-interval-15-tile-0,forward,66.834916673499,66.834916673499,"[91097.44718882981,35620.57448554002,51145.13933403208]","[91572.8722409605,35472.169234191286,51409.26303717064]","[90336.76710542072,35858.02288769798,51114.54140901038]","[91097.44718882981,35620.57448554002,51185.13933403208]",76.0,1280,720,932688,ad2fe29a193e962324036d4b507c4e66cfd29e7cac661517b1713955f3061c31,frames/window-0012-forward-00004.png,NATIVE_LOADING_AND_MIPS_READY,UNREVIEWED
window-0012-forward-00005,41,VIAL_TR70190001272-1-interval-15-tile-0,forward,83.54364584187374,83.54364584187374,"[89498.1024842973,36077.643396479885,50987.244151882565]","[89977.04602492863,35941.448440791195,51252.67562701267]","[88731.7928192872,36295.555325581794,50954.5537916744]","[89498.1024842973,36077.643396479885,51027.244151882565]",76.0,1280,720,938641,98b4d7e4a75422580c82779d6b15449567af1dbaa1b1fbfac2ee3f62e0bb2287,frames/window-0012-forward-00005.png,NATIVE_LOADING_AND_MIPS_READY,UNREVIEWED
window-0012-forward-00006,42,VIAL_TR70190001272-1-interval-15-tile-0,forward,100.25237501024849,100.25237501024849,"[87881.92082213354,36462.96299044043,50827.74179464515]","[88372.95939989416,36380.719353999804,51093.75374326563]","[87096.25909771655,36594.55280874543,50794.12267685238]","[87881.92082213354,36462.96299044043,50867.74179464515]",76.0,1280,720,948737,28226b7e362e523e074a4cbeee9e5626a3ec74328eae6f45b1c9fc29097e94c3,frames/window-0012-forward-00006.png,NATIVE_LOADING_AND_MIPS_READY,UNREVIEWED
window-0013-forward-00000,43,VIAL_TR70190001272-1-interval-15-tile-1,forward,0.0,0.0,"[87881.92082213354,36462.96299044043,50827.74179464515]","[88373.01689540895,36380.93412127767,51093.52291998477]","[87096.1671048929,36594.20918110084,50794.49199410177]","[87881.92082213354,36462.96299044043,50867.74179464515]",76.0,1280,720,948620,385c52dfbc8effb89012ba10d519f894e57e421be5a375cff61dbc7d5abb3b4b,frames/window-0013-forward-00000.png,NATIVE_LOADING_AND_MIPS_READY,UNREVIEWED
window-0013-forward-00001,44,VIAL_TR70190001272-1-interval-15-tile-1,forward,17.624795619935195,17.624795619935195,"[86151.20273136384,36751.48867098956,50661.377070375274]","[86642.30462393958,36669.62349331455,50927.3881972119]","[85365.43970324266,36882.47295526956,50627.75926743667]","[86151.20273136384,36751.48867098956,50701.37707037527]",76.0,1280,720,976132,1ba4c6d2c4363a1fe70c57aabdd171630ee3d98017371103cce08b7421677764,frames/window-0013-forward-00001.png,NATIVE_LOADING_AND_MIPS_READY,UNREVIEWED
window-0013-forward-00002,45,VIAL_TR70190001272-1-interval-15-tile-1,forward,35.24959123987039,35.24959123987039,"[84421.15483176603,37039.88234586634,50488.04496525]","[84911.70385575129,36958.10932879047,50759.76371180704]","[83636.27639338963,37170.71917318773,50445.29497075873]","[84421.15483176603,37039.88234586634,50528.04496525]",76.0,1280,720,1035549,a40eb651af8e461eb9841e9cee2af52f39679b6eb9a8c0667490bf56497ba3cb,frames/window-0013-forward-00002.png,NATIVE_LOADING_AND_MIPS_READY,UNREVIEWED
window-0013-forward-00003,46,VIAL_TR70190001272-1-interval-15-tile-1,forward,52.87438685980559,52.87438685980559,"[82692.54505524831,37337.04877079382,50317.38236107308]","[83175.71208230042,37215.62668932819,50579.882974035376]","[81919.47781196491,37531.32410113884,50289.38138033341]","[82692.54505524831,37337.04877079382,50357.38236107308]",76.0,1280,720,1142517,cc07a641bd770593e4b443a2834079ce417ea99f037ced7a06b5828d584f2c6d,frames/window-0013-forward-00003.png,NATIVE_LOADING_AND_MIPS_READY,UNREVIEWED
window-0013-forward-00004,47,VIAL_TR70190001272-1-interval-15-tile-1,forward,70.49918247974078,70.49918247974078,"[81342.74006297138,38367.368764868,50159.20607076461]","[81553.0366751403,37916.45692559728,50428.74240203543]","[81006.26548350109,39088.82770770113,50119.9479407313]","[81342.74006297138,38367.368764868,50199.20607076461]",76.0,1280,720,1205356,2446a01f37af6989a142ed1307b905a287c70e0952440d48e799a99448dc78ba,frames/window-0013-forward-00004.png,NATIVE_LOADING_AND_MIPS_READY,UNREVIEWED
window-0013-forward-00005,48,VIAL_TR70190001272-1-interval-15-tile-1,forward,88.12397809967598,88.12397809967598,"[80759.01319182594,40021.032250951976,49989.05942925836]","[80907.65894665493,39545.98555093793,50256.33598134383]","[80521.17998409957,40781.10697097445,49953.416945921614]","[80759.01319182594,40021.032250951976,50029.059429258356]",76.0,1280,720,1212411,0b6ac00a37bf1a6aace017dbdd10aa0df19ecdbd144bc8b8dae866044a25a1df,frames/window-0013-forward-00005.png,NATIVE_LOADING_AND_MIPS_READY,UNREVIEWED
window-0014-forward-00000,49,VIAL_TR70190001272-1-interval-17-tile-0,forward,0.0,0.0,"[74539.56977239577,50824.01951653883,48975.36453008968]","[75024.78307095883,50707.7584853379,49227.790253237275]","[73763.22849469486,51010.037166460315,48963.48337305353]","[74539.56977239577,50824.01951653883,49015.36453008968]",76.0,1280,720,926595,fe6bce89adf58ad93a667edb818cef019e7575321f4a32d589af364486661ac1,frames/window-0014-forward-00000.png,NATIVE_LOADING_AND_MIPS_READY,UNREVIEWED
window-0014-forward-00001,50,VIAL_TR70190001272-1-interval-17-tile-0,forward,13.260624047749141,13.260624047749141,"[73234.67201794044,50974.12642161522,48877.55342529955]","[73732.84112339294,50996.29567731124,49134.10566838457]","[72437.60144921645,50938.65561250159,48859.069836363524]","[73234.67201794044,50974.12642161522,48917.55342529955]",76.0,1280,720,870989,33d4466571111f92e6267d01519008e2ca9b6ffb90c28420e339e357e3278e19,frames/window-0014-forward-00001.png,NATIVE_LOADING_AND_MIPS_READY,UNREVIEWED
window-0014-forward-00002,51,VIAL_TR70190001272-1-interval-17-tile-0,forward,26.521248095498283,26.521248095498283,"[71912.39042279776,50915.28295101598,48796.84489292609]","[72411.0101104458,50937.472258280424,49046.61134607219]","[71114.59892256091,50879.78005939287,48789.21856789234]","[71912.39042279776,50915.28295101598,48836.84489292609]",76.0,1280,720,825662,93eca80894620a3e815f80c2c01b0d92cd8be206b394ebd1bd679d6c3492f13c,frames/window-0014-forward-00002.png,NATIVE_LOADING_AND_MIPS_READY,UNREVIEWED
window-0015-forward-00000,52,VIAL_TR70190001272-1-interval-19-tile-0,forward,0.0,0.0,"[68346.25271370169,51142.253889422864,48518.46337894147]","[68834.92761001848,51043.51676399661,48776.51368475278]","[67564.37287959483,51300.23329010487,48497.58288964336]","[68346.25271370169,51142.253889422864,48558.463378941466]",76.0,1280,720,1033170,db0d070ba3c4dc09bfc7fe7691f1f94b54dfec91197e756d07291a7f267d760c,frames/window-0015-forward-00000.png,NATIVE_LOADING_AND_MIPS_READY,UNREVIEWED
window-0015-forward-00001,53,VIAL_TR70190001272-1-interval-19-tile-0,forward,17.885808261924414,17.885808261924414,"[66597.45629636181,51495.59950168707,48392.72825800421]","[67086.43117681066,51396.80176518533,48646.53023357034]","[65815.09648764365,51653.67588008986,48378.64509709841]","[66597.45629636181,51495.59950168707,48432.72825800421]",76.0,1280,720,1047870,1698455bbc12369716e2d5d801ee480b417ad38978fada0e177348d01fe753c0,frames/window-0015-forward-00001.png,NATIVE_LOADING_AND_MIPS_READY,UNREVIEWED
window-0015-forward-00002,54,VIAL_TR70190001272-1-interval-19-tile-0,forward,35.77161652384883,35.77161652384883,"[64849.91997100622,51848.69051143244,48250.43449396717]","[65337.991745193474,51750.075248207555,48515.83243555925]","[64069.00513230661,52006.47493259225,48217.797787419855]","[64849.91997100622,51848.69051143244,48290.43449396717]",76.0,1280,720,1010930,5ea9d867d9a05fd931ade7b7ef6ab256b4af62c680f0e6dcfa9945fc146079eb,frames/window-0015-forward-00002.png,NATIVE_LOADING_AND_MIPS_READY,UNREVIEWED
window-0015-forward-00003,55,VIAL_TR70190001272-1-interval-19-tile-0,forward,53.657424785773244,53.657424785773244,"[63102.619538182626,52201.738168206066,48104.55874464872]","[63591.24561537489,52102.96793986674,48363.1462903273]","[62320.817814675,52359.77053354897,48082.81867156299]","[63102.619538182626,52201.738168206066,48144.55874464871]",76.0,1280,720,1007220,76828e8025756b3ce08db60d31b9277a948c291d1c5206537963db2edd3f11ab,frames/window-0015-forward-00003.png,NATIVE_LOADING_AND_MIPS_READY,UNREVIEWED
window-0016-forward-00000,56,VIAL_TR70190001272-1-interval-21-tile-0,forward,0.0,0.0,"[51406.43179289182,56030.51025411114,47171.7542234806]","[51904.73734776513,56012.883896885316,47428.91449142037]","[50609.14290509453,56058.71242567244,47152.297794776976]","[51406.43179289182,56030.51025411114,47211.7542234806]",76.0,1280,720,681387,fe3515971fbbdd2647507477945523f7528c17ff4aa713504dbc08965fce02e3,frames/window-0016-forward-00000.png,NATIVE_LOADING_AND_MIPS_READY,UNREVIEWED
window-0016-forward-00001,57,VIAL_TR70190001272-1-interval-21-tile-0,forward,2.483573160831433,2.483573160831433,"[51158.85260803625,56028.56250507757,47153.74047127297]","[51656.962536591935,56054.12648373903,47408.854315682926]","[50361.87672234715,55987.66013921921,47137.55832021704]","[51158.85260803625,56028.56250507757,47193.74047127297]",76.0,1280,720,686436,51b1bf9853945cceddbbebf2306d57840ee0f3ab7f5ebd868abe51ab5b1354f1,frames/window-0016-forward-00001.png,NATIVE_LOADING_AND_MIPS_READY,UNREVIEWED
window-0017-forward-00000,58,VIAL_TR70190001272-1-interval-25-tile-0,forward,0.0,0.0,"[59654.38921522582,50894.989153929055,46302.399243347245]","[60061.8595420644,51181.664049168365,46564.65367726358]","[59002.43669228409,50436.309321546156,46274.79214908111]","[59654.38921522582,50894.989153929055,46342.399243347245]",76.0,1280,720,915871,5224ce898407fa537e7939ac47eb6dae37116535cea33ee572956dd979b7bff7,frames/window-0017-forward-00000.png,NATIVE_LOADING_AND_MIPS_READY,UNREVIEWED
window-0017-forward-00001,59,VIAL_TR70190001272-1-interval-25-tile-0,forward,18.957262816147935,18.957262816147935,"[57902.1441243199,51217.93000170047,46109.09585756532]","[58326.60782197151,50958.81215877262,46380.94672884368]","[57223.0022080773,51632.518550385044,46066.134463519935]","[57902.1441243199,51217.93000170047,46149.09585756532]",76.0,1280,720,968789,2c53d88f3142ea8048dbfba41f0fa4b93bf19ed1f7522cda0ebad29c162181a3,frames/window-0017-forward-00001.png,NATIVE_LOADING_AND_MIPS_READY,UNREVIEWED
window-0017-forward-00002,60,VIAL_TR70190001272-1-interval-25-tile-0,forward,37.91452563229587,37.91452563229587,"[56158.01982684318,51925.326661665466,45939.49266756055]","[56636.099325002,51784.39171145087,46199.20832251198]","[55393.092629789055,52150.8225820088,45915.94761963826]","[56158.01982684318,51925.326661665466,45979.49266756055]",76.0,1280,720,917513,12d5c26fa995b2e0e78e65ca5196cc6f024eddf3fac64027bb3988cdeb46ef2a,frames/window-0017-forward-00002.png,NATIVE_LOADING_AND_MIPS_READY,UNREVIEWED
window-0017-forward-00003,61,VIAL_TR70190001272-1-interval-25-tile-0,forward,56.87178844844381,56.87178844844381,"[54299.89140057807,52269.11184938421,45804.707785463725]","[54792.30182765667,52188.60670060659,46057.12525489854]","[53512.0347172523,52397.920087428385,45792.83983436802]","[54299.89140057807,52269.11184938421,45844.707785463725]",76.0,1280,720,907068,f27f04a98716b4065dbca1edb8443c5ea5e51fa7d6d4e906c336556dc2753ba5,frames/window-0017-forward-00003.png,NATIVE_LOADING_AND_MIPS_READY,UNREVIEWED
window-0017-forward-00004,62,VIAL_TR70190001272-1-interval-25-tile-0,forward,75.82905126459174,75.82905126459174,"[52428.7317757844,52540.89767578989,45675.614099759165]","[52925.1346346161,52492.103894223495,45930.3037037374]","[51634.48720165369,52618.96772629611,45660.110733393994]","[52428.7317757844,52540.89767578989,45715.614099759165]",76.0,1280,720,877747,1451657a0663039c6be96937be0b896056e75616f9869d9d524006f5d2de0a16,frames/window-0017-forward-00004.png,NATIVE_LOADING_AND_MIPS_READY,UNREVIEWED
window-0018-forward-00000,63,VIAL_TR70190001272-1-interval-27-tile-0,forward,0.0,0.0,"[48510.436580266105,52979.681797046214,45388.55848660513]","[48986.210635613555,52830.87052539295,45647.214064303356]","[47749.19809171019,53217.77983169143,45366.70956228795]","[48510.436580266105,52979.681797046214,45428.55848660512]",76.0,1280,720,982486,f57f12c3bedbd5fa03a7f33f016f4bc4c3487a40b887915e7cf1d60d1fd15e4c,frames/window-0018-forward-00000.png,NATIVE_LOADING_AND_MIPS_READY,UNREVIEWED
window-0018-forward-00001,64,VIAL_TR70190001272-1-interval-27-tile-0,forward,2.002844608499734,2.002844608499734,"[48320.626786130015,53041.74636537209,45373.359034048175]","[48792.944964669965,52881.95238782899,45630.526532775715]","[47564.9177004661,53297.41672944104,45353.891036084104]","[48320.626786130015,53041.74636537209,45413.35903404817]",76.0,1280,720,984446,25129a648d72c56fe644c17968907c826a92cdcf12262c90c7d45862a24e3ea6,frames/window-0018-forward-00001.png,NATIVE_LOADING_AND_MIPS_READY,UNREVIEWED
window-0019-forward-00000,65,VIAL_TR70190001272-1-interval-29-tile-0,forward,0.0,0.0,"[46995.78210635227,53493.94841790199,45277.368461667465]","[47467.82034963153,53332.82409850257,45532.28050228236]","[46240.520917105445,53751.74732894108,45261.509196683626]","[46995.78210635227,53493.94841790199,45317.368461667465]",76.0,1280,720,980156,2d36d9fa2fd5d720e039d9211e4b3cede3dd2b4acce6442988b6a9c768e63315,frames/window-0019-forward-00000.png,NATIVE_LOADING_AND_MIPS_READY,UNREVIEWED
window-0019-forward-00001,66,VIAL_TR70190001272-1-interval-29-tile-0,forward,13.52882340038861,13.52882340038861,"[45718.256601836765,53930.01568671316,45187.583669965155]","[46190.441788302705,53768.841209155245,45440.201724261125]","[44962.76030349125,54187.89485080583,45175.39478309159]","[45718.256601836765,53930.01568671316,45227.58366996515]",76.0,1280,720,986688,e35d6837b9686fb2164a8f559fec824b4afd74a118e40242e3131e93c47a9762,frames/window-0019-forward-00001.png,NATIVE_LOADING_AND_MIPS_READY,UNREVIEWED
window-0020-forward-00000,67,VIAL_TR70190001272-1-interval-3-tile-0,forward,0.0,0.0,"[99167.60682952008,27292.789597809315,54717.034981483695]","[98709.31181623026,27094.661305234,54963.696948306606]","[99900.8788507838,27609.79486592982,54714.37583456706]","[99167.60682952008,27292.789597809315,54757.034981483695]",76.0,1280,720,989488,59e9e4a4e8f902c8def0f58d6749ca00bd729dc84f0bf24c0092cf5697bc14e3,frames/window-0020-forward-00000.png,NATIVE_LOADING_AND_MIPS_READY,UNREVIEWED
window-0020-forward-00001,68,VIAL_TR70190001272-1-interval-3-tile-0,forward,7.006811760721356,7.006811760721356,"[99810.08570491686,27570.543531142175,54685.21312267565]","[99351.4417303144,27372.264378950684,54923.4087915858]","[100543.91606428078,27887.790174648562,54696.10005241941]","[99810.08570491686,27570.543531142175,54725.21312267565]",76.0,1280,720,992473,abb092ba51327f0ce265988af5bb528fc86d6d0801833066697128c356bb0e34,frames/window-0020-forward-00001.png,NATIVE_LOADING_AND_MIPS_READY,UNREVIEWED
window-0021-forward-00000,69,VIAL_TR70190001272-1-interval-31-tile-0,forward,0.0,0.0,"[42696.00749458186,55353.157973475754,44970.41871123672]","[43139.83820384532,55125.32492400295,45223.681349175095]","[41985.87835976033,55717.690852632244,44957.19849053532]","[42696.00749458186,55353.157973475754,45010.41871123672]",76.0,1280,720,936992,f5e8cc1472e795ce4435399dad90c75a72f0b4c36c2e3d9156952bd6712ea339,frames/window-0021-forward-00000.png,NATIVE_LOADING_AND_MIPS_READY,UNREVIEWED
window-0021-forward-00001,70,VIAL_TR70190001272-1-interval-31-tile-0,forward,19.598604701687698,19.598604701687698,"[41822.06908414583,54420.85591580247,44808.34129060626]","[41564.76554872738,54847.500729040636,45070.40188972405]","[42233.75474081533,53738.22421462143,44781.04433201778]","[41822.06908414583,54420.85591580247,44848.34129060625]",76.0,1280,720,1093299,d6040844f65e22cd2e5a64010c1a2c8e8c58e44d4595a25df821394c254740e8,frames/window-0021-forward-00001.png,NATIVE_LOADING_AND_MIPS_READY,UNREVIEWED
window-0021-forward-00002,71,VIAL_TR70190001272-1-interval-31-tile-0,forward,39.197209403375396,39.197209403375396,"[43411.5980254612,53327.25525587509,44665.45032455914]","[42960.963912527186,53542.19351892101,44912.476965841066]","[44132.61260615562,52983.35403500164,44662.20769850805]","[43411.5980254612,53327.25525587509,44705.45032455914]",76.0,1280,720,1153772,15e3296b61be0e22912cf901dd81c7adcd23e7f69dd0ff644fda7c50bcc38b6b,frames/window-0021-forward-00002.png,NATIVE_LOADING_AND_MIPS_READY,UNREVIEWED
window-0021-forward-00003,72,VIAL_TR70190001272-1-interval-31-tile-0,forward,58.795814105063094,58.795814105063094,"[45178.17748377932,52484.65255647843,44564.301245690796]","[44727.477731038496,52699.62212761479,44809.94917669519]","[45899.29708816465,52140.701242660245,44563.264556083755]","[45178.17748377932,52484.65255647843,44604.301245690796]",76.0,1280,720,1117596,0c4a93cadd53f5d0e021922e00c977a43773e0accb97344652f498d6fe1c83cd,frames/window-0021-forward-00003.png,NATIVE_LOADING_AND_MIPS_READY,UNREVIEWED
window-0021-forward-00004,73,VIAL_TR70190001272-1-interval-31-tile-0,forward,78.39441880675079,78.39441880675079,"[46830.94584939818,51464.70820624149,44462.299766348704]","[46506.15144324629,51843.69953948192,44711.86601503003]","[47350.616899241206,50858.32207305681,44454.99376845857]","[46830.94584939818,51464.70820624149,44502.2997663487]",76.0,1280,720,1148367,54f5612ac047682bd05dc3a4acb7aed96c50cfadab784ae53ee9e1cd0f458736,frames/window-0021-forward-00004.png,NATIVE_LOADING_AND_MIPS_READY,UNREVIEWED
window-0021-forward-00005,74,VIAL_TR70190001272-1-interval-31-tile-0,forward,97.9930235084385,97.9930235084385,"[46356.01895392756,49879.55951318145,44330.73833726882]","[46814.30691808701,50077.01446126266,44582.10209636803]","[45622.75821127245,49563.63159625151,44320.55632271009]","[46356.01895392756,49879.55951318145,44370.73833726882]",76.0,1280,720,984060,a03f399fa4144804cc5b06b6c8fc24196016fe709fbab2e056f5835f41b71069,frames/window-0021-forward-00005.png,NATIVE_LOADING_AND_MIPS_READY,UNREVIEWED
window-0022-forward-00000,75,VIAL_TR70190001272-1-interval-31-tile-1,forward,0.0,0.0,"[46356.01895392756,49879.55951318145,44330.73833726882]","[46819.4643998205,50064.616384081055,44581.9196331678]","[45614.50624049886,49583.46851974208,44320.84826383044]","[46356.01895392756,49879.55951318145,44370.73833726882]",76.0,1280,720,986035,039bb976c05da469a1a774f5686ac5f87f732c8c8ef6807c4c2f7a2adb28f029,frames/window-0022-forward-00000.png,NATIVE_LOADING_AND_MIPS_READY,UNREVIEWED
window-0022-forward-00001,76,VIAL_TR70190001272-1-interval-31-tile-1,forward,12.698855923642828,12.698855923642828,"[45107.321243115555,49844.31995658242,44237.055879140644]","[45600.16286071777,49770.91830867486,44498.52078048727]","[44318.77465495201,49961.762593234496,44210.712036986035]","[45107.321243115555,49844.31995658242,44277.055879140644]",76.0,1280,720,1097471,6d7238e95c6158856c32f201bdead028cb99fcd22a5f28966e19940c33885d67,frames/window-0022-forward-00001.png,NATIVE_LOADING_AND_MIPS_READY,UNREVIEWED
window-0022-forward-00002,77,VIAL_TR70190001272-1-interval-31-tile-1,forward,25.397711847285656,25.397711847285656,"[43901.19192212005,50223.008746281266,44146.28600911732]","[44370.892756086985,50053.94691355393,44394.556546530745]","[43149.67058777296,50493.507678645,44141.05314925583]","[43901.19192212005,50223.008746281266,44186.28600911731]",76.0,1280,720,1162924,1a59421740ff6c8b8715cdb45623a3a83f85bebc1e46be592ce7bf12b9761c0b,frames/window-0022-forward-00002.png,NATIVE_LOADING_AND_MIPS_READY,UNREVIEWED
window-0023-forward-00000,78,VIAL_TR70190001272-1-interval-33-tile-0,forward,0.0,0.0,"[42442.89589053369,50747.90072347969,44059.86467281724]","[42912.60863025102,50578.83460543357,44307.91088247302]","[41691.355506985965,51018.40651235348,44054.99073736799]","[42442.89589053369,50747.90072347969,44099.86467281724]",76.0,1280,720,1114597,edde200ea4c78cb7b638d2f8c45f77e9f68e8f90a39a3e4c02aac8884d394068,frames/window-0023-forward-00000.png,NATIVE_LOADING_AND_MIPS_READY,UNREVIEWED
window-0023-forward-00001,79,VIAL_TR70190001272-1-interval-33-tile-0,forward,15.437701241287321,15.437701241287321,"[41078.0610357693,51424.80863139326,43998.399172261736]","[41405.02487653232,51046.96678903428,44236.57027559266]","[40554.91889054846,52029.35557916763,44009.32540693226]","[41078.0610357693,51424.80863139326,44038.399172261736]",76.0,1280,720,1196825,f619f9e2f41a1e3174f38707d7794f8f579852f5d049d7c08acaab41a970b9c4,frames/window-0023-forward-00001.png,NATIVE_LOADING_AND_MIPS_READY,UNREVIEWED
window-0023-forward-00002,80,VIAL_TR70190001272-1-interval-33-tile-0,forward,30.875402482574643,30.875402482574643,"[40371.91413702707,52788.574480964584,43932.262513468486]","[40567.65121165672,52329.07200462683,44175.59643416149]","[40058.73481761964,53523.77844310498,43934.92824035968]","[40371.91413702707,52788.574480964584,43972.262513468486]",76.0,1280,720,1095896,181d0fb2f508e07d30becf06583ff99336241d417cb8f4375e45bcfb4cb5589c,frames/window-0023-forward-00002.png,NATIVE_LOADING_AND_MIPS_READY,UNREVIEWED
window-0023-forward-00003,81,VIAL_TR70190001272-1-interval-33-tile-0,forward,46.313103723861964,46.313103723861964,"[39767.6467530872,54207.1220903126,43856.09063513353]","[39963.30829021584,53747.7969412058,44103.237831793216]","[39454.58829368139,54942.04232888347,43852.65512047802]","[39767.6467530872,54207.1220903126,43896.09063513353]",76.0,1280,720,1024135,1120e4157fc664a7eb26d79fa6ad7095291898b5b1199f427d1e12e4b21f4d26,frames/window-0023-forward-00003.png,NATIVE_LOADING_AND_MIPS_READY,UNREVIEWED
window-0023-forward-00004,82,VIAL_TR70190001272-1-interval-33-tile-0,forward,61.750804965149285,61.750804965149285,"[39041.63046134054,55560.6348243542,43769.23002152807]","[39329.30837651569,55152.54436552352,44015.75537792218]","[38581.34579706028,56213.579558483296,43766.78945129748]","[39041.63046134054,55560.6348243542,43809.23002152806]",76.0,1280,720,1101761,c5b15d181f1b5d7bd2f2cae0d1c6d92ab1fb5244a9461082a2efcde73eb608f4,frames/window-0023-forward-00004.png,NATIVE_LOADING_AND_MIPS_READY,UNREVIEWED
window-0024-forward-00000,83,VIAL_TR70190001272-1-interval-35-tile-0,forward,0.0,0.0,"[37491.04344351217,57179.75988779217,43637.33243413655]","[37853.010464313265,56836.129332822864,43887.29770643408]","[36911.896210230414,57729.56877574305,43629.38799846049]","[37491.04344351217,57179.75988779217,43677.33243413655]",76.0,1280,720,1154377,4477f270f3963a49032b57ab745a99f9f7c600aa643d5ec17c457c57ed749165,frames/window-0024-forward-00000.png,NATIVE_LOADING_AND_MIPS_READY,UNREVIEWED
window-0024-forward-00001,84,VIAL_TR70190001272-1-interval-35-tile-0,forward,11.520731865107223,11.520731865107223,"[36657.0828597527,57971.473834104836,43566.85312456531]","[37018.97820744767,57627.91132045255,43818.42140816868]","[36078.05030344076,58521.173855948495,43556.34387079991]","[36657.0828597527,57971.473834104836,43606.85312456531]",76.0,1280,720,1134638,8f4996a52fde9436053d738547f426c8c39e4f14b7c839988e231d9defda2e2d,frames/window-0024-forward-00001.png,NATIVE_LOADING_AND_MIPS_READY,UNREVIEWED
window-0025-forward-00000,85,VIAL_TR70190001272-1-interval-37-tile-0,forward,0.0,0.0,"[33474.685898580356,60858.23257388547,43314.801845910886]","[33864.885927046824,60546.37837572665,43556.95803862273]","[32850.36585303401,61357.19929093959,43319.35193757193]","[33474.685898580356,60858.23257388547,43354.801845910886]",76.0,1280,720,1119332,9b136d2f1bda8abcde7f0ed47b545d3f05bee32cd08cc8b49bf15b127a6c3fc1,frames/window-0025-forward-00000.png,NATIVE_LOADING_AND_MIPS_READY,UNREVIEWED
window-0025-forward-00001,86,VIAL_TR70190001272-1-interval-37-tile-0,forward,16.001533693617034,16.001533693617034,"[32166.903280027662,61765.67463666047,43237.68212711118]","[32620.565090793225,61557.21174014294,43484.77792435782]","[31441.04438280276,62099.21527108852,43234.32885151655]","[32166.903280027662,61765.67463666047,43277.68212711118]",76.0,1280,720,1166130,4d118ba3e738220ca47a70c61606e1d4e21cbb7934f6c128d4d71fa71a633415,frames/window-0025-forward-00001.png,NATIVE_LOADING_AND_MIPS_READY,UNREVIEWED
window-0025-forward-00002,87,VIAL_TR70190001272-1-interval-37-tile-0,forward,32.00306738723407,32.00306738723407,"[30710.76750725624,62423.86264177039,43154.38847183486]","[31165.877032417815,62218.44476441743,43400.44256500674]","[29982.592266997726,62752.531245535145,43152.701922759865]","[30710.76750725624,62423.86264177039,43194.38847183486]",76.0,1280,720,1176242,e0ff754b26211773e0074d1c97c8cbdedc41b465226f07044d4c052fd8057180,frames/window-0025-forward-00002.png,NATIVE_LOADING_AND_MIPS_READY,UNREVIEWED
window-0026-forward-00000,88,VIAL_TR70190001272-1-interval-39-tile-0,forward,0.0,0.0,"[23100.670889933826,65858.74985400587,42721.78376038576]","[23555.809196482907,65653.31898769013,42967.22547959651]","[22372.4495994553,66187.43924011107,42721.077009648565]","[23100.670889933826,65858.74985400587,42761.78376038576]",76.0,1280,720,1164073,8d3122689c685f597cbda37875a1d5c20417e890fb950f24f2da234d3442200e,frames/window-0026-forward-00000.png,NATIVE_LOADING_AND_MIPS_READY,UNREVIEWED
window-0026-forward-00001,89,VIAL_TR70190001272-1-interval-39-tile-0,forward,19.261181815320096,19.261181815320096,"[21346.57581249825,66650.47682584487,42643.379908115756]","[21801.950614178448,66444.93921346482,42883.079651561704]","[20617.976129809937,66979.33700565294,42651.86031860223]","[21346.57581249825,66650.47682584487,42683.37990811575]",76.0,1280,720,1138571,e9d2621e84287829549b70872204e830b719813cdcc7b6973458fc23c3878275,frames/window-0026-forward-00001.png,NATIVE_LOADING_AND_MIPS_READY,UNREVIEWED
window-0026-forward-00002,90,VIAL_TR70190001272-1-interval-39-tile-0,forward,38.52236363064019,38.52236363064019,"[19591.82394662057,67442.50024519861,42585.20320186428]","[20047.4061575276,67236.86901760534,42817.87787517584]","[18862.892409169326,67771.51020934782,42604.92372456578]","[19591.82394662057,67442.50024519861,42625.20320186428]",76.0,1280,720,1090941,466848e418a74f4f0de2e37b980368c0af1052694354bc54bda93246f589fefc,frames/window-0026-forward-00002.png,NATIVE_LOADING_AND_MIPS_READY,UNREVIEWED
window-0027-forward-00000,91,VIAL_TR70190001272-1-interval-41-tile-0,forward,0.0,0.0,"[16037.407562480075,69046.81882336736,42465.29949735098]","[16492.919730813155,68841.21921021384,42700.7093504204]","[15308.588093147146,69375.77820441297,42480.643732439894]","[16037.407562480075,69046.81882336736,42505.29949735097]",76.0,1280,720,854683,9d2a3a1509d192f3f1328aae8844ed7c837a9a8e7bba7e0888d8372676ac2bf5,frames/window-0027-forward-00000.png,NATIVE_LOADING_AND_MIPS_READY,UNREVIEWED
window-0027-forward-00001,92,VIAL_TR70190001272-1-interval-41-tile-0,forward,15.715520433327717,15.715520433327717,"[14555.686870393902,69518.71403934225,42404.58321475051]","[15054.832101849448,69504.3588020553,42650.03837292379]","[13757.054500065029,69541.68241900134,42403.85496167327]","[14555.686870393902,69518.71403934225,42444.583214750506]",76.0,1280,720,865063,8f53db5bde9d0033407b6b39fc772ade19bfeaee8ffb2beef0f0b783011e7f6d,frames/window-0027-forward-00001.png,NATIVE_LOADING_AND_MIPS_READY,UNREVIEWED
window-0027-forward-00002,93,VIAL_TR70190001272-1-interval-41-tile-0,forward,31.431040866655433,31.431040866655433,"[14056.226428629336,68363.79317985759,42303.135515960494]","[13803.112812512563,68793.74956874015,42555.861667511606]","[14461.208214416174,67675.86295764547,42290.77367347871]","[14056.226428629336,68363.79317985759,42343.13551596049]",76.0,1280,720,1271256,a8d883ebe5b6a1e64c836c44950f76016b72c964ecbbc7d73105b297502e7256,frames/window-0027-forward-00002.png,NATIVE_LOADING_AND_MIPS_READY,UNREVIEWED
window-0027-forward-00003,94,VIAL_TR70190001272-1-interval-41-tile-0,forward,47.14656129998315,47.14656129998315,"[15496.516212297138,67816.4229888469,42196.69288848717]","[15015.833164221764,67951.62954297822,42442.441578024685]","[16265.609089217738,67600.09250223679,42195.494985227124]","[15496.516212297138,67816.4229888469,42236.69288848717]",76.0,1280,720,1102035,688cc68ad0420c28cc4c176cb2ee73610319a6af1f967a1885af22e55649abd0,frames/window-0027-forward-00003.png,NATIVE_LOADING_AND_MIPS_READY,UNREVIEWED
window-0028-forward-00000,95,VIAL_TR70190001272-1-interval-43-tile-0,forward,0.0,0.0,"[19629.095387016423,65824.45571422577,41984.51987463201]","[19189.43129163947,66061.62739377405,42225.61673829966]","[20332.557939619546,65444.9810269485,41990.76489276377]","[19629.095387016423,65824.45571422577,42024.51987463201]",76.0,1280,720,1139552,b2456b5d9a4769f9401ba9f2e9ff2fe33b6015b7299e55f3fed107a788d5852a,frames/window-0028-forward-00000.png,NATIVE_LOADING_AND_MIPS_READY,UNREVIEWED
window-0028-forward-00001,96,VIAL_TR70190001272-1-interval-43-tile-0,forward,3.5028220150864193,3.5028220150864193,"[19937.111428263597,65658.30004466698,41969.82194031057]","[19497.446797380046,65895.47201395588,42210.904381669556]","[20640.574837677275,65278.82489380472,41976.09003413619]","[19937.111428263597,65658.30004466698,42009.82194031056]",76.0,1280,720,1140718,12a3cc48283cfc6adf866f95620fc1be33e3808845eb1ff473cd4b53951fba07,frames/window-0028-forward-00001.png,NATIVE_LOADING_AND_MIPS_READY,UNREVIEWED
window-0029-forward-00000,97,VIAL_TR70190001272-1-interval-45-tile-0,forward,0.0,0.0,"[33072.726461238926,53111.12430775538,41033.214912963726]","[32927.32146311876,53589.05914846352,41274.08773162715]","[33305.374458231185,52346.42856262235,41039.81840310224]","[33072.726461238926,53111.12430775538,41073.21491296372]",76.0,1280,720,768272,574b52aacd4a09ebff103e905c3e85a1d8baacbec6111f7b12c0ea3e71eb58cf,frames/window-0029-forward-00000.png,NATIVE_LOADING_AND_MIPS_READY,UNREVIEWED
window-0029-forward-00001,98,VIAL_TR70190001272-1-interval-45-tile-0,forward,3.9799907064344713,3.9799907064344713,"[33169.37067504041,52725.648559909314,41016.43417490697]","[33075.37953037048,53216.20656040484,41259.20505265618]","[33319.75650651229,51940.75575911647,41020.00077050823]","[33169.37067504041,52725.648559909314,41056.43417490697]",76.0,1280,720,752981,73e40c69f7c2c3c4e1a59e7d85a5bf2b5627c9bcb2468ee054ca7a3f814c7f97,frames/window-0029-forward-00001.png,NATIVE_LOADING_AND_MIPS_READY,UNREVIEWED
window-0030-forward-00000,99,VIAL_TR70190001272-1-interval-47-tile-0,forward,0.0,0.0,"[33118.434650765266,51798.29134559259,40958.77216879561]","[33222.186228544975,52286.43440501302,41209.6260769416]","[32952.43212631773,51017.26245051989,40949.40591576202]","[33118.434650765266,51798.29134559259,40998.7721687956]",76.0,1280,720,706903,3ce30e99bc8ca6255519f4173f17307180765f58faaf0e3cc45aee2e52d6f826,frames/window-0030-forward-00000.png,NATIVE_LOADING_AND_MIPS_READY,UNREVIEWED
window-0030-forward-00001,100,VIAL_TR70190001272-1-interval-47-tile-0,forward,10.638642656930555,10.638642656930555,"[32722.073636748875,50837.2477190577,40903.825133358325]","[33075.00909444636,51190.54432889028,41148.68611042428]","[32157.37690443291,50271.97314332557,40904.04757005278]","[32722.073636748875,50837.2477190577,40943.82513335832]",76.0,1280,720,723041,4ab94133f39a66d8fd6f8e4611930e53c5c5f7c9124eff30a595acc7ffe4bcaa,frames/window-0030-forward-00001.png,NATIVE_LOADING_AND_MIPS_READY,UNREVIEWED
window-0030-forward-00002,101,VIAL_TR70190001272-1-interval-47-tile-0,forward,21.27728531386111,21.27728531386111,"[31932.257150951773,50125.92097688466,40862.747234777926]","[32310.024700278627,50453.218879983935,41095.699504942124]","[31327.82907202881,49602.24433192583,40882.02360251519]","[31932.257150951773,50125.92097688466,40902.747234777926]",76.0,1280,720,697372,95e54b93b28c07efc73f658d78768a522e071857139263a1d0c5692cd449741e,frames/window-0030-forward-00002.png,NATIVE_LOADING_AND_MIPS_READY,UNREVIEWED
window-0031-forward-00000,102,VIAL_TR70190001272-1-interval-49-tile-0,forward,0.0,0.0,"[25049.857094249455,46480.515952873975,40406.372680701876]","[25225.30401297496,46947.088775766155,40665.464619105434]","[24769.142024288645,45733.999436246486,40383.82557925619]","[25049.857094249455,46480.515952873975,40446.372680701876]",76.0,1280,720,842952,f8236d9886257f2dd4f9e0ab9cebc575867e16b8476d61aab1357cffd1605652,frames/window-0031-forward-00000.png,NATIVE_LOADING_AND_MIPS_READY,UNREVIEWED
window-0031-forward-00001,103,VIAL_TR70190001272-1-interval-49-tile-0,forward,2.5077556588746033,2.5077556588746033,"[24961.870897898916,46246.53083495796,40386.429597992086]","[25137.281927975164,46713.0082168393,40646.80066090494]","[24681.21324977692,45500.167023947804,40361.83589733151]","[24961.870897898916,46246.53083495796,40426.429597992086]",76.0,1280,720,817442,9358cbb0a928e479edd53c29987260d88198bd9deb0b804a1c0b5682321c4c02,frames/window-0031-forward-00001.png,NATIVE_LOADING_AND_MIPS_READY,UNREVIEWED
window-0032-forward-00000,104,VIAL_TR70190001272-1-interval-5-tile-0,forward,0.0,0.0,"[107147.3444131494,39537.62312605977,53901.39158108676]","[107091.56428753256,39041.32395226592,54145.385490266235]","[107236.59261413635,40331.70180412993,53903.001326399615]","[107147.3444131494,39537.62312605977,53941.39158108676]",76.0,1280,720,877317,fef561b55b9187ce5db556fce9296d0f102f1777f7d4a612063a29dcdb7b9e59,frames/window-0032-forward-00000.png,NATIVE_LOADING_AND_MIPS_READY,UNREVIEWED
window-0032-forward-00001,105,VIAL_TR70190001272-1-interval-5-tile-0,forward,6.50775022199538,6.50775022199538,"[107219.93675887934,40183.50767409429,53868.66351338637]","[107164.1654508002,39687.286954148905,54114.24785023579]","[107309.17085180597,40977.46082600691,53867.72857442728]","[107219.93675887934,40183.50767409429,53908.66351338636]",76.0,1280,720,828992,09fc0d04140f9e47a12cd987c03349bb7ae284b8756a4e70d7a903e36fabd835,frames/window-0032-forward-00001.png,NATIVE_LOADING_AND_MIPS_READY,UNREVIEWED
window-0033-forward-00000,106,VIAL_TR70190001272-1-interval-51-tile-0,forward,0.0,0.0,"[22783.957027213182,38009.9606750533,39773.01600394043]","[22870.042040032433,38501.367816284255,40026.30852735229]","[22646.22100670238,37223.70924908377,39759.74796648144]","[22783.957027213182,38009.9606750533,39813.01600394042]",76.0,1280,720,834821,20239c528fdfd8759d7ee1bbf1c4ad6737adce163293c5ba6a2f06268448a664,frames/window-0033-forward-00000.png,NATIVE_LOADING_AND_MIPS_READY,UNREVIEWED
window-0033-forward-00001,107,VIAL_TR70190001272-1-interval-51-tile-0,forward,1.5031599991372548,1.5031599991372548,"[22758.076027827337,37862.221742700785,39763.10257197582]","[22844.167837171644,38353.66767957969,40015.79953649911]","[22620.329132876446,37075.90824369453,39750.78742873854]","[22758.076027827337,37862.221742700785,39803.10257197581]",76.0,1280,720,832944,5e434837daf963dd3d468525c9affc7d17e953cb869b2e8a6bf3ee37062d021f,frames/window-0033-forward-00001.png,NATIVE_LOADING_AND_MIPS_READY,UNREVIEWED
window-0034-forward-00000,108,VIAL_TR70190001272-1-interval-53-tile-0,forward,0.0,0.0,"[22050.66204473842,33824.02426013723,39434.64971507781]","[22136.621322602623,34314.71365615131,39697.48567180116]","[21913.12720015569,33038.92122651471,39406.112184320446]","[22050.66204473842,33824.02426013723,39474.64971507781]",76.0,1280,720,847025,d897cacfb76499c8e868f9573aa05db2f90e72a8a6fa120a04770be7965bfd81,frames/window-0034-forward-00000.png,NATIVE_LOADING_AND_MIPS_READY,UNREVIEWED
window-0034-forward-00001,109,VIAL_TR70190001272-1-interval-53-tile-0,forward,16.05155271004756,16.05155271004756,"[21774.598051339854,32248.142315726727,39304.767888435556]","[21860.63308942115,32739.264180883045,39562.14817451972]","[21636.941990409785,31462.347331476623,39284.95943070088]","[21774.598051339854,32248.142315726727,39344.767888435556]",76.0,1280,720,852361,4485f4307500adb6f0866b2fce134180e39d9eea54dbb235989dd28fe9faff1a,frames/window-0034-forward-00001.png,NATIVE_LOADING_AND_MIPS_READY,UNREVIEWED
window-0035-forward-00000,110,VIAL_TR70190001272-1-interval-55-tile-0,forward,0.0,0.0,"[23300.453265890246,22718.82600216195,38491.87635589417]","[23053.191218037304,23151.011693963697,38757.45055356582]","[23696.072542454953,22027.328895279155,38458.957639619526]","[23300.453265890246,22718.82600216195,38531.876355894165]",76.0,1280,720,823040,dadbc755312af44db8a408dcb9a0e2fe6b2bb74d37856a9181e63395643bf0d5,frames/window-0035-forward-00000.png,NATIVE_LOADING_AND_MIPS_READY,UNREVIEWED
window-0035-forward-00001,111,VIAL_TR70190001272-1-interval-55-tile-0,forward,16.796759963411624,16.796759963411624,"[24131.1647950857,21266.834833462715,38340.43670908503]","[23883.719667372596,21699.39957969124,38601.16322491071]","[24527.076999426667,20574.73123949708,38315.274283763916]","[24131.1647950857,21266.834833462715,38380.43670908502]",76.0,1280,720,813075,7f332af17999b7bf931881c23eda97fc651bed7939575f3060b60a796438e5d5,frames/window-0035-forward-00001.png,NATIVE_LOADING_AND_MIPS_READY,UNREVIEWED
window-0035-forward-00002,112,VIAL_TR70190001272-1-interval-55-tile-0,forward,33.59351992682325,33.59351992682325,"[24594.72168008378,19684.400705222106,38224.70321260356]","[24550.501480402574,20181.181988501372,38480.09997126256]","[24665.473999573715,18889.55065197528,38208.06839874915]","[24594.72168008378,19684.400705222106,38264.703212603556]",76.0,1280,720,795120,377b0f9fbc79eefd1e662a27672af0a204abd7cb91ddfdbb6ccb96ceaec37a6b,frames/window-0035-forward-00002.png,NATIVE_LOADING_AND_MIPS_READY,UNREVIEWED
window-0035-forward-00003,113,VIAL_TR70190001272-1-interval-55-tile-0,forward,50.39027989023488,50.39027989023488,"[24328.92480606046,18042.90837332229,38087.601102575914]","[24493.692229962686,18513.02375264627,38350.53391221722]","[24065.2969278169,17290.723766403924,38058.9086071498]","[24328.92480606046,18042.90837332229,38127.60110257591]",76.0,1280,720,816236,21473da77c25b5ed5674021e2bb6d1acb3e3794b4444e9714454adfd4c7f1aa3,frames/window-0035-forward-00003.png,NATIVE_LOADING_AND_MIPS_READY,UNREVIEWED
window-0035-forward-00004,114,VIAL_TR70190001272-1-interval-55-tile-0,forward,67.1870398536465,67.1870398536465,"[23730.771226739183,16478.51565076421,37962.32782003843]","[23939.40444469423,16931.541660286744,38217.53598758245]","[23396.95807801111,15753.674035528158,37945.994751968006]","[23730.771226739183,16478.51565076421,38002.32782003843]",76.0,1280,720,805104,035ef0bf529795e10241e450650147b2bacb4f0fe26a7b293a0f19e322b02636,frames/window-0035-forward-00004.png,NATIVE_LOADING_AND_MIPS_READY,UNREVIEWED
window-0035-forward-00005,115,VIAL_TR70190001272-1-interval-55-tile-0,forward,83.98379981705813,83.98379981705813,"[22684.997944382485,15175.917423609644,37848.57741408828]","[23039.27075056276,15527.365525451603,38099.802572420005]","[22118.16145449405,14613.60046066251,37838.61716075751]","[22684.997944382485,15175.917423609644,37888.57741408827]",76.0,1280,720,764777,3a47cc3bb711d8d2e297b7aa0a840d0270f9b576f8a6fab3dbe7939c553a7298,frames/window-0035-forward-00005.png,NATIVE_LOADING_AND_MIPS_READY,UNREVIEWED
window-0036-forward-00000,116,VIAL_TR70190001272-1-interval-57-tile-0,forward,0.0,0.0,"[11481.466526712757,7687.191041838378,36673.981902329084]","[11631.763988538074,8162.051846495454,36937.775613855985]","[11240.990587792247,6927.4137543870565,36643.91196388604]","[11481.466526712757,7687.191041838378,36713.981902329084]",76.0,1280,720,740643,a247e9b7524343758c19a267e0b9ff98970e0c650755a629f67124484f4503a9,frames/window-0036-forward-00000.png,NATIVE_LOADING_AND_MIPS_READY,UNREVIEWED
window-0036-forward-00001,117,VIAL_TR70190001272-1-interval-57-tile-0,forward,10.533514763700765,10.533514763700765,"[11164.64799172245,6686.211366858333,36589.111376668814]","[11315.067302612599,7161.4571507385235,36848.04048936658]","[10923.977094298212,5925.8181126500285,36566.82479635239]","[11164.64799172245,6686.211366858333,36629.111376668814]",76.0,1280,720,705483,1b217a35e35dbb50491af651c1e5481625c0b6e31d5ead61136ea6807c1240dc,frames/window-0036-forward-00001.png,NATIVE_LOADING_AND_MIPS_READY,UNREVIEWED
window-0037-forward-00000,118,VIAL_TR70190001272-1-interval-59-tile-0,forward,0.0,0.0,"[10499.54781885026,2649.0056335926056,36281.15512373446]","[10483.338891333735,3147.8242049690252,36531.442142715394]","[10525.482102876702,1850.895919390334,36272.69589336495]","[10499.54781885026,2649.0056335926056,36321.155123734454]",76.0,1280,720,678365,abf54c04bb35220ceaffbe7a9842d761e37310abd56893be293e2574fb094441,frames/window-0037-forward-00000.png,NATIVE_LOADING_AND_MIPS_READY,UNREVIEWED
window-0037-forward-00001,119,VIAL_TR70190001272-1-interval-59-tile-0,forward,11.014166934871934,11.014166934871934,"[10535.270376550034,1549.6685446240008,36223.90725723547]","[10519.049299580634,2048.8610043892495,36467.226021685456]","[10561.224099701072,750.9606089996026,36226.597234115485]","[10535.270376550034,1549.6685446240008,36263.90725723547]",76.0,1280,720,634232,dedaf3fa591e82f3f0e747fc7e935a9d0b8f42d33ea02d00b90887d6fdb80930,frames/window-0037-forward-00001.png,NATIVE_LOADING_AND_MIPS_READY,UNREVIEWED
window-0038-forward-00000,120,VIAL_TR70190001272-1-interval-7-tile-0,forward,0.0,0.0,"[107210.93922235304,41120.04963867366,53819.05784534439]","[107318.43242423795,40632.43386178386,54065.05910832683]","[107038.95009933719,41900.23488169735,53817.45582457249]","[107210.93922235304,41120.04963867366,53859.05784534439]",76.0,1280,720,799438,98c85ddf29e4907cdba63424c85d9f6c0fe35cd1633d305ed44477cd41901903,frames/window-0038-forward-00000.png,NATIVE_LOADING_AND_MIPS_READY,UNREVIEWED
window-0038-forward-00001,121,VIAL_TR70190001272-1-interval-7-tile-0,forward,0.9975497896807735,0.9975497896807735,"[107189.15558932931,41217.25975871086,53813.90019163622]","[107300.03281464503,40730.3864220924,54059.60223428458]","[107011.75202882416,41996.25709730039,53812.77692339884]","[107189.15558932931,41217.25975871086,53853.90019163622]",76.0,1280,720,795694,a65af597158a2ebe7ef588f1ce06c8c8cd80835c88a23531835aa981bddfe270,frames/window-0038-forward-00001.png,NATIVE_LOADING_AND_MIPS_READY,UNREVIEWED
window-0039-forward-00000,122,VIAL_TR70190001272-1-interval-9-tile-0,forward,0.0,0.0,"[106493.69353124639,42362.201018538326,53736.239266380835]","[106908.6017221959,42085.26705483693,53990.28001889354]","[105829.84042572716,42805.295360460565,53721.774062360506]","[106493.69353124639,42362.201018538326,53776.239266380835]",76.0,1280,720,849286,164194fa2a5b94ee2506cdbd924ffd7816e8d69e602278c3a2b8c41bcb9e394c,frames/window-0039-forward-00000.png,NATIVE_LOADING_AND_MIPS_READY,UNREVIEWED
window-0039-forward-00001,123,VIAL_TR70190001272-1-interval-9-tile-0,forward,19.93895874522992,19.93895874522992,"[104696.83460029673,42125.78569155543,53609.32924188445]","[105082.9490374528,42440.949758384195,53869.16957822358]","[104079.05150084705,41621.52318462942,53585.584703741835]","[104696.83460029673,42125.78569155543,53649.32924188445]",76.0,1280,720,999120,cc0218289e964d3b8d39e6862cef55e09924e931bc6a07427ed3b73e9bd559e6,frames/window-0039-forward-00001.png,NATIVE_LOADING_AND_MIPS_READY,UNREVIEWED
window-0039-forward-00002,124,VIAL_TR70190001272-1-interval-9-tile-0,forward,39.87791749045984,39.87791749045984,"[103126.16731164894,40912.17083264125,53453.903167255055]","[103564.24241172435,41149.693916724325,53714.80538261793]","[102425.24715152831,40532.13389810833,53428.45962267446]","[103126.16731164894,40912.17083264125,53493.903167255055]",76.0,1280,720,1025482,661cce52cf1653122c3d16a4b91d17c4827688a6cbd03d5b77ad20244020338b,frames/window-0039-forward-00002.png,NATIVE_LOADING_AND_MIPS_READY,UNREVIEWED
window-0039-forward-00003,125,VIAL_TR70190001272-1-interval-9-tile-0,forward,59.81687623568977,59.81687623568977,"[101307.51850358218,40125.69585094814,53296.03830296121]","[101792.09395077334,40242.79302685852,53554.44256539779]","[100532.1977880763,39938.34036949154,53274.59148306269]","[101307.51850358218,40125.69585094814,53336.038302961206]",76.0,1280,720,975729,893046ab1e1bfb77a0efa69476d2cf3eaf2ac63106637831783c60c374770bf3,frames/window-0039-forward-00003.png,NATIVE_LOADING_AND_MIPS_READY,UNREVIEWED
window-0039-forward-00004,126,VIAL_TR70190001272-1-interval-9-tile-0,forward,79.75583498091969,79.75583498091969,"[99372.25543096717,39665.29987749496,53160.85300654155]","[99857.89144747274,39780.78938745208,53409.48572493301]","[98595.23780455829,39480.51666156357,53155.04065711522]","[99372.25543096717,39665.29987749496,53200.85300654155]",76.0,1280,720,908380,e2fde1a0a23a4b0bf6b026f8fd032879eaf4204715ae845c2dcdc6e132ace76f,frames/window-0039-forward-00004.png,NATIVE_LOADING_AND_MIPS_READY,UNREVIEWED
window-0039-forward-00005,127,VIAL_TR70190001272-1-interval-9-tile-0,forward,99.69479372614961,99.69479372614961,"[97399.87729269196,39420.8290476352,53048.42503595473]","[97897.4874915501,39462.43421752436,53293.98085390028]","[96603.70097451894,39354.260775812545,53047.53572724187]","[97399.87729269196,39420.8290476352,53088.42503595473]",76.0,1280,720,732774,7441cabe7624aa8c66bd18e09052a5d0a0e9d034c6db48381421e6060d5718f3,frames/window-0039-forward-00005.png,NATIVE_LOADING_AND_MIPS_READY,UNREVIEWED
window-0040-forward-00000,128,VIAL_TR70190001272-1-interval-9-tile-1,forward,0.0,0.0,"[97399.87729269196,39420.8290476352,53048.42503595473]","[97897.48612131807,39462.434103894346,53294.007705225704]","[96603.70316689019,39354.260957620565,53047.492765121184]","[97399.87729269196,39420.8290476352,53088.42503595473]",76.0,1280,720,733207,c8c6b383e2176fc0599c683d9cc38bfd76fb77e7b118cf99316d35f7ffad1dfe,frames/window-0040-forward-00000.png,NATIVE_LOADING_AND_MIPS_READY,UNREVIEWED
window-0040-forward-00001,129,VIAL_TR70190001272-1-interval-9-tile-1,forward,17.01402043013124,17.01402043013124,"[95708.09268410085,39272.126615419984,52948.28200237572]","[96202.25307354536,39338.892553835445,53204.994656482224]","[94917.43606098961,39165.30111395525,52929.541755805316]","[95708.09268410085,39272.126615419984,52988.282002375716]",76.0,1280,720,724252,dc7730ad27f4a85bf45669c0228e5b8b18c3fac622f68c7a6f3ad4bbfacedaf9,frames/window-0040-forward-00001.png,NATIVE_LOADING_AND_MIPS_READY,UNREVIEWED
window-0041-forward-00000,130,VIAL_TR70190001272-2-interval-1-tile-0,forward,0.0,0.0,"[25338.81103930762,7405.311782285571,34929.1392227277]","[25106.96293834078,6964.119726708521,35189.08954405013]","[25709.76800085457,8111.219071208852,34905.21870861181]","[25338.81103930762,7405.311782285571,34969.139222727696]",76.0,1280,720,987004,2efcaebe4c5a388eef9bee3587505c60c19968511fd02361e84ee7897cf028d3,frames/window-0041-forward-00000.png,NATIVE_LOADING_AND_MIPS_READY,UNREVIEWED
window-0041-forward-00001,131,VIAL_TR70190001272-2-interval-1-tile-0,forward,10.765940785246112,10.765940785246112,"[25838.412236279197,8356.0207929237,34854.56045482266]","[25606.24370919761,7914.218988056437,35104.709090758566]","[26209.881879609737,9062.903680711319,34846.32263732522]","[25838.412236279197,8356.0207929237,34894.560454822655]",76.0,1280,720,962033,4c39e41fc14075f873c05ee2b83c6ea6f0bef024026ebb3ca199eedb9ae95ab8,frames/window-0041-forward-00001.png,NATIVE_LOADING_AND_MIPS_READY,UNREVIEWED
window-0041-forward-00002,132,VIAL_TR70190001272-2-interval-1-tile-0,forward,21.531881570492224,21.531881570492224,"[26339.908311405452,9306.924079917371,34797.09920948716]","[26098.852802673115,8869.512238298537,35040.8294122131]","[26725.597125377186,10006.783026507506,34799.130885125654]","[26339.908311405452,9306.924079917371,34837.09920948716]",76.0,1280,720,959881,6671dfdf102d48d42b10e8d8aa5b8f6d4415135e979f09274e6c665cedc006e3,frames/window-0041-forward-00002.png,NATIVE_LOADING_AND_MIPS_READY,UNREVIEWED
window-0042-forward-00000,133,VIAL_TR70190001272-2-interval-3-tile-0,forward,0.0,0.0,"[27122.838970267912,10017.027463205159,34725.32738979272]","[26688.912536727155,9772.278850253466,34987.82405710704]","[27817.12126393312,10408.625243927867,34697.332722089806]","[27122.838970267912,10017.027463205159,34765.32738979272]",76.0,1280,720,1221303,35d002b5b66df56ba0d486c64334cc37db513c1739f47688ae62e391f14c0d58,frames/window-0042-forward-00000.png,NATIVE_LOADING_AND_MIPS_READY,UNREVIEWED
window-0042-forward-00001,134,VIAL_TR70190001272-2-interval-3-tile-0,forward,16.929437214735362,16.929437214735362,"[28593.349559212475,10846.443232495698,34600.177990191914]","[28158.80133223428,10601.343900651815,34853.25601854594]","[29288.626722377587,11238.602163445914,34587.25314482547]","[28593.349559212475,10846.443232495698,34640.17799019191]",76.0,1280,720,1228140,e4d48eb2449d8cadf7441c3d7a926d3686aaf6f832fab2eda3aa3cc823881e4a,frames/window-0042-forward-00001.png,NATIVE_LOADING_AND_MIPS_READY,UNREVIEWED
window-0042-forward-00002,135,VIAL_TR70190001272-2-interval-3-tile-0,forward,33.858874429470724,33.858874429470724,"[30065.251290409207,11676.644968375416,34498.5844632695]","[29630.528520657037,11431.446611019168,34748.48227270087]","[30760.807722012687,12068.962340145414,34490.74796817928]","[30065.251290409207,11676.644968375416,34538.58446326949]",76.0,1280,720,1219654,6cf79ad6811c034f6a5031872298ef9706cfec710f4a256565bacee11ca31c05,frames/window-0042-forward-00002.png,NATIVE_LOADING_AND_MIPS_READY,UNREVIEWED
window-0042-forward-00003,136,VIAL_TR70190001272-2-interval-3-tile-0,forward,50.78831164420608,50.78831164420608,"[31536.932870752786,12506.723196897134,34392.90752300685]","[31102.38118416267,12261.621335273114,34645.92129452912]","[32232.215569296975,12898.886175495569,34380.0854885712]","[31536.932870752786,12506.723196897134,34432.90752300684]",76.0,1280,720,1190800,cbbb4c67f75c4beeb1ee3309eecc585b1ffc205444ed5470315778b8d81c039c,frames/window-0042-forward-00003.png,NATIVE_LOADING_AND_MIPS_READY,UNREVIEWED
window-0042-forward-00004,137,VIAL_TR70190001272-2-interval-3-tile-0,forward,67.71774885894145,67.71774885894145,"[33008.69584533252,13336.847334252585,34288.76600970776]","[32574.02955696026,13091.680835269011,34539.72736511767]","[33704.161906728135,13729.113732626303,34279.2278410519]","[33008.69584533252,13336.847334252585,34328.76600970776]",76.0,1280,720,1153647,1f925f94c8b2c5d821f226cff465440b8f251eae62b0863b9245b91ced3584b9,frames/window-0042-forward-00004.png,NATIVE_LOADING_AND_MIPS_READY,UNREVIEWED
window-0042-forward-00005,138,VIAL_TR70190001272-2-interval-3-tile-0,forward,84.6471860736768,84.6471860736768,"[34481.09981679008,14167.333015799522,34197.48261140154]","[34046.17936290733,13922.023156906198,34443.314218478125]","[35176.97254300249,14559.828790028843,34196.152040079]","[34481.09981679008,14167.333015799522,34237.48261140154]",76.0,1280,720,1124701,df3f009f6de6784621ed5db52b0a0400e12f121ac9e2f099b18242d2b8f7de8f,frames/window-0042-forward-00005.png,NATIVE_LOADING_AND_MIPS_READY,UNREVIEWED
window-0043-forward-00000,139,VIAL_TR70190001272-2-interval-5-tile-0,forward,0.0,0.0,"[40452.95994687476,17407.66872605309,33909.17707959933]","[39997.628627672784,17202.124205577056,34149.788723300575]","[41181.49005759792,17736.53995881474,33916.19844967733]","[40452.95994687476,17407.66872605309,33949.17707959933]",76.0,1280,720,954862,e26d2406be8c326042cfc877e5f4807ea5d20f0d51e4f89e73d1f453d594083e,frames/window-0043-forward-00000.png,NATIVE_LOADING_AND_MIPS_READY,UNREVIEWED
window-0043-forward-00001,140,VIAL_TR70190001272-2-interval-5-tile-0,forward,14.363900783646791,14.363900783646791,"[41800.087335241784,17861.95262462107,33835.815383125024]","[41301.33708683836,17848.778279436203,34088.59687708839]","[42598.087732687265,17883.031576916852,33823.36499278363]","[41800.087335241784,17861.95262462107,33875.815383125024]",76.0,1280,720,860105,dac36a7bf446844d247d491a170d1f34b5556d6defe264099d0cf9ec1a1fbac1,frames/window-0043-forward-00001.png,NATIVE_LOADING_AND_MIPS_READY,UNREVIEWED
window-0043-forward-00002,141,VIAL_TR70190001272-2-interval-5-tile-0,forward,28.727801567293582,28.727801567293582,"[43197.564480878646,17630.431760195643,33769.53422549033]","[42764.688725966225,17880.052176736433,34007.09066177465]","[43890.16568873852,17231.03909373038,33781.443927435415]","[43197.564480878646,17630.431760195643,33809.53422549033]",76.0,1280,720,950002,d72c5a702d8edeb3e3e618b4ecd747ad77145d6718d81de5a58dab8a56aa6a39,frames/window-0043-forward-00002.png,NATIVE_LOADING_AND_MIPS_READY,UNREVIEWED
window-0044-forward-00000,142,VIAL_TR70190001272-2-interval-7-tile-0,forward,0.0,0.0,"[44546.740462700836,15922.024501953274,33634.03897291169]","[44356.70037281136,16382.517832862086,33896.82514384704]","[44850.80460652399,15185.235172499177,33605.58109941511]","[44546.740462700836,15922.024501953274,33674.03897291168]",76.0,1280,720,867472,e63ae017f3d94ef2903df1e827e117bf5a522fa79c2a8acdb94e763d6912f2ec,frames/window-0044-forward-00000.png,NATIVE_LOADING_AND_MIPS_READY,UNREVIEWED
window-0044-forward-00001,143,VIAL_TR70190001272-2-interval-7-tile-0,forward,19.885648778289042,19.885648778289042,"[45302.308225678426,14091.17967247382,33456.660608999]","[45112.23978876127,14551.74169199718,33718.57260561611]","[45606.41772474587,13354.280441236444,33429.60141441162]","[45302.308225678426,14091.17967247382,33496.660608998995]",76.0,1280,720,861499,f7ffae632ad0d3ca5efad27da64da5b17c3ac79aacccb890c956b73d259effd3,frames/window-0044-forward-00001.png,NATIVE_LOADING_AND_MIPS_READY,UNREVIEWED
window-0044-forward-00002,144,VIAL_TR70190001272-2-interval-7-tile-0,forward,39.771297556578084,39.771297556578084,"[46058.526583748746,12258.758361345182,33299.412539048055]","[45868.3356962552,12719.617095633019,33557.31574926869]","[46362.832003738426,11521.384386484646,33278.767402695026]","[46058.526583748746,12258.758361345182,33339.41253904805]",76.0,1280,720,811290,f36ec7bddadb8aae041ff12867b7e4c374aa97afe266c78d06812951e7539d82,frames/window-0044-forward-00002.png,NATIVE_LOADING_AND_MIPS_READY,UNREVIEWED
window-0044-forward-00003,145,VIAL_TR70190001272-2-interval-7-tile-0,forward,59.65694633486712,59.65694633486712,"[46700.5603003141,10386.480858363211,33159.506318943386]","[46595.556844608356,10873.812418730284,33418.00598855295]","[46868.5658294433,9606.750361775894,33137.90684756808]","[46700.5603003141,10386.480858363211,33199.506318943386]",76.0,1280,720,743737,b680129299c26f74308e929a3cb077392bd77f3f9ec63e438c87063c7160846d,frames/window-0044-forward-00003.png,NATIVE_LOADING_AND_MIPS_READY,UNREVIEWED
window-0045-forward-00000,146,VIAL_TR70190001272-2-interval-9-tile-0,forward,0.0,0.0,"[46627.01110673952,5220.035811327398,32734.990152034232]","[46685.060538545105,5714.61514825792,32999.95172394196]","[46534.132015850584,4428.7088722385615,32703.051636981872]","[46627.01110673952,5220.035811327398,32774.99015203423]",76.0,1280,720,710627,4bb3c70da48203e166faaa828f0c1c65d54194c40d39fdf7515b90452e6434a7,frames/window-0045-forward-00000.png,NATIVE_LOADING_AND_MIPS_READY,UNREVIEWED
window-0045-forward-00001,147,VIAL_TR70190001272-2-interval-9-tile-0,forward,12.799260699070105,12.799260699070105,"[46478.45840522217,3954.371456583538,32615.694138421844]","[46536.49299440267,4448.824334814244,32882.04430204637]","[46385.603062533366,3163.246851414408,32581.533876622598]","[46478.45840522217,3954.371456583538,32655.69413842184]",76.0,1280,720,671051,fe4c46dafd64a06f1876c033f503037627edc5f10ab03534f170feb5f74ded98,frames/window-0045-forward-00001.png,NATIVE_LOADING_AND_MIPS_READY,UNREVIEWED
window-0045-forward-00002,148,VIAL_TR70190001272-2-interval-9-tile-0,forward,25.59852139814021,25.59852139814021,"[46329.82439150801,2688.01432447508,32504.329058821066]","[46387.931230946655,3183.0827736264105,32763.454828658185]","[46236.853448406175,1895.9048058329508,32481.72782708167]","[46329.82439150801,2688.01432447508,32544.329058821062]",76.0,1280,720,643250,29adb273c548c5916e7e7abb8f689694afcd0b4903bc23c7f7cba036a302e222,frames/window-0045-forward-00002.png,NATIVE_LOADING_AND_MIPS_READY,UNREVIEWED
window-0046-forward-00000,149,VIAL_TR70190001287-0-interval-1-tile-0,forward,0.0,0.0,"[164172.45555947302,200195.32862827182,56735.19312484045]","[164660.63285578557,200301.70216057156,56936.02025361457]","[163391.37188537294,200025.13097659222,56805.86971880186]","[164172.45555947302,200195.32862827182,56775.19312484045]",76.0,1280,720,1268174,dd5a17142fb023e634e4b633a9e36e5447737742becc0b1987abcb94d6413ce9,frames/window-0046-forward-00000.png,NATIVE_LOADING_AND_MIPS_READY,UNREVIEWED
window-0046-forward-00001,150,VIAL_TR70190001287-0-interval-1-tile-0,forward,5.000205382983909,5.000205382983909,"[163681.52715684264,200102.38465312868,56753.508938490224]","[164173.2778125094,200191.165233776,56956.20861620347]","[162894.7261077758,199960.335724093,56821.18945414903]","[163681.52715684264,200102.38465312868,56793.50893849022]",76.0,1280,720,1248341,ab69402adcd9dc7f3bdbdc7e5b55b1d1ed0500c884701625573f8dd77e6b5744,frames/window-0046-forward-00001.png,NATIVE_LOADING_AND_MIPS_READY,UNREVIEWED
window-0047-forward-00000,151,VIAL_TR70190001287-0-interval-11-tile-0,forward,0.0,0.0,"[127257.2420893237,187140.1068950072,59207.697790984006]","[127737.58276630321,187271.3456086077,59382.42932412961]","[126488.69700615646,186930.1249532464,59320.12733795103]","[127257.2420893237,187140.1068950072,59247.697790984]",76.0,1280,720,1220671,a4862d397335903e6cfeb7dff6668a03dd16cfaa6c7ed71e2c18043dc90dbd78,frames/window-0047-forward-00000.png,NATIVE_LOADING_AND_MIPS_READY,UNREVIEWED
window-0047-forward-00001,152,VIAL_TR70190001287-0-interval-11-tile-0,forward,7.521390318398691,7.521390318398691,"[126526.94385767682,186974.94938606396,59273.765398944306]","[127018.37642152084,187056.6551151561,59451.12493662028]","[125740.65175552637,186844.22021951654,59381.99013866275]","[126526.94385767682,186974.94938606396,59313.765398944306]",76.0,1280,720,1190878,a695cf1990cfefcd8434ea27cb5a3ec101266d216cf534601d11c20919693fb1,frames/window-0047-forward-00001.png,NATIVE_LOADING_AND_MIPS_READY,UNREVIEWED
window-0048-forward-00000,153,VIAL_TR70190001287-0-interval-13-tile-0,forward,0.0,0.0,"[121204.57223132835,186472.62477241457,59719.295989124745]","[121701.44646313896,186508.36977413404,59896.420674377354]","[120409.57346043138,186415.43276966343,59827.89649272058]","[121204.57223132835,186472.62477241457,59759.295989124745]",76.0,1280,720,1082509,e778a4994dd5a453e5f3fa42a7042419939137356854b721547a7e066d68f0c0,frames/window-0048-forward-00000.png,NATIVE_LOADING_AND_MIPS_READY,UNREVIEWED
window-0048-forward-00001,154,VIAL_TR70190001287-0-interval-13-tile-0,forward,5.018287947010396,5.018287947010396,"[120705.90289062238,186436.75063047558,59762.585710033476]","[121202.7036194313,186472.4903444084,59938.86261884669]","[119911.02172452811,186379.56708818304,59872.54265593234]","[120705.90289062238,186436.75063047558,59802.585710033476]",76.0,1280,720,1074599,9a47aee4dd60c621be73d8ef6d0e307907cc009ba0aabea765183b47cdc4c466,frames/window-0048-forward-00001.png,NATIVE_LOADING_AND_MIPS_READY,UNREVIEWED
window-0049-forward-00000,155,VIAL_TR70190001287-0-interval-15-tile-0,forward,0.0,0.0,"[118355.31979035586,186024.60565250367,59975.049407058315]","[118725.34266104808,186359.79047032216,60167.9530407211]","[117763.28319724833,185488.3099439941,60058.403593197865]","[118355.31979035586,186024.60565250367,60015.049407058315]",76.0,1280,720,996155,faf0dd30d11951f301c04172e544a31879d52caed1e0a46ba6b82f8b647534ca,frames/window-0049-forward-00000.png,NATIVE_LOADING_AND_MIPS_READY,UNREVIEWED
window-0049-forward-00001,156,VIAL_TR70190001287-0-interval-15-tile-0,forward,19.95120090109214,19.95120090109214,"[117933.58042570515,184124.98285848918,60068.46742583449]","[117909.41902650525,184623.0123352869,60251.28050569731]","[117972.23866442498,183328.13569561281,60167.96649805399]","[117933.58042570515,184124.98285848918,60108.46742583449]",76.0,1280,720,894852,3a8518a0d032fa17e98b59ffdbdcf91d192bb5ca6ee40494fb038aa05da1f46c,frames/window-0049-forward-00001.png,NATIVE_LOADING_AND_MIPS_READY,UNREVIEWED
window-0049-forward-00002,157,VIAL_TR70190001287-0-interval-15-tile-0,forward,39.90240180218428,39.90240180218428,"[118069.4897878884,182141.46935255086,60226.462661812]","[117992.7849061342,182634.2077823056,60410.059352101576]","[118192.21759869513,181353.08786494323,60324.7079573487]","[118069.4897878884,182141.46935255086,60266.462661812]",76.0,1280,720,854018,d43b5fa3e2b7f4b5f240398ab48e933e56bbb13fbb6c5441e36bdb5f11c37c88,frames/window-0049-forward-00002.png,NATIVE_LOADING_AND_MIPS_READY,UNREVIEWED
window-0049-forward-00003,158,VIAL_TR70190001287-0-interval-15-tile-0,forward,59.85360270327642,59.85360270327642,"[118444.44236725265,180186.36092022754,60357.08767074235]","[118337.40492159518,180673.83031783544,60546.81273683817]","[118615.7022803046,179406.40988405488,60445.52756498905]","[118444.44236725265,180186.36092022754,60397.087670742345]",76.0,1280,720,799473,8f123b50ac2de546437f062ead0e8b9c5d02184ebde507a0dec9c7041cd5bf8e,frames/window-0049-forward-00003.png,NATIVE_LOADING_AND_MIPS_READY,UNREVIEWED
window-0049-forward-00004,159,VIAL_TR70190001287-0-interval-15-tile-0,forward,79.80480360436856,79.80480360436856,"[119138.3194864796,178325.0628405107,60499.143811174494]","[118899.89898664813,178762.75189726634,60679.34488083123]","[119519.79228620997,177624.7603497017,60602.822099723744]","[119138.3194864796,178325.0628405107,60539.143811174494]",76.0,1280,720,741275,08bd569e1b16e86ec1d06cfc7e1e19293b6349eb0debbcc0f2ab1a71015d95c3,frames/window-0049-forward-00004.png,NATIVE_LOADING_AND_MIPS_READY,UNREVIEWED
window-0049-forward-00005,160,VIAL_TR70190001287-0-interval-15-tile-0,forward,99.7560045054607,99.7560045054607,"[120278.59920846531,176697.7846766822,60650.62912199402]","[119943.64123441033,177066.9656564198,60831.788938974605]","[120814.53196695329,176107.09510910205,60752.7734148251]","[120278.59920846531,176697.7846766822,60690.62912199402]",76.0,1280,720,674948,e6d1ed67121f1505723e7a04839f7bd843d6f03748b64cbee59b04178a6195cb,frames/window-0049-forward-00005.png,NATIVE_LOADING_AND_MIPS_READY,UNREVIEWED
window-0050-forward-00000,161,VIAL_TR70190001287-0-interval-15-tile-1,forward,0.0,0.0,"[120278.59920846531,176697.7846766822,60650.62912199402]","[119940.00694929209,177063.62180822133,60831.6615044737]","[120820.34682314245,176112.44526621964,60752.97731002653]","[120278.59920846531,176697.7846766822,60690.62912199402]",76.0,1280,720,676561,ba8667fb0ab6c46b676ceee56e8a70e2964941597a640cba33d4ed421f4e381b,frames/window-0050-forward-00000.png,NATIVE_LOADING_AND_MIPS_READY,UNREVIEWED
window-0050-forward-00001,162,VIAL_TR70190001287-0-interval-15-tile-1,forward,16.04319769288104,16.04319769288104,"[121451.2025561854,175613.81409762776,60774.95493673457]","[121052.08319721182,175912.77272310134,60958.520371449864]","[122089.79353054313,175135.4802968701,60873.2502411901]","[121451.2025561854,175613.81409762776,60814.95493673457]",76.0,1280,720,683198,9d9683fcf17582cbd494ab67d594098ad85a1e94c04c1a2e2766319007b4ad70,frames/window-0050-forward-00001.png,NATIVE_LOADING_AND_MIPS_READY,UNREVIEWED
window-0050-forward-00002,163,VIAL_TR70190001287-0-interval-15-tile-1,forward,32.08639538576208,32.08639538576208,"[122734.47868166724,174658.50755006608,60894.83034918553]","[122334.88825054333,174955.88477009302,61071.3070638863]","[123373.82337146552,174182.70399802297,61004.46760566431]","[122734.47868166724,174658.50755006608,60934.830349185526]",76.0,1280,720,662657,c35b50a8df771e4809025a2b5d9f4582dc941dc3ef67d1a189364b0ef1c2b74f,frames/window-0050-forward-00002.png,NATIVE_LOADING_AND_MIPS_READY,UNREVIEWED
window-0050-forward-00003,164,VIAL_TR70190001287-0-interval-15-tile-1,forward,48.129593078643126,48.129593078643126,"[124016.58804753097,173704.35527656227,61034.76161031491]","[123616.73361947211,174001.92896262975,61215.18462556437]","[124656.35513242512,173228.2373788543,61138.08478591578]","[124016.58804753097,173704.35527656227,61074.761610314905]",76.0,1280,720,639098,a90a800ff4a4991027b071219a9deb72471b3e89038f3d328090b91867abee9d,frames/window-0050-forward-00003.png,NATIVE_LOADING_AND_MIPS_READY,UNREVIEWED
window-0051-forward-00000,165,VIAL_TR70190001287-0-interval-17-tile-0,forward,0.0,0.0,"[125139.59948762204,172868.58623595908,61153.17147364939]","[124740.91121646282,173167.40359801837,61331.26865068956]","[125777.5007214768,172390.47845666422,61260.21599038512]","[125139.59948762204,172868.58623595908,61193.17147364939]",76.0,1280,720,768214,efb008cc9415478a1211f2fd1ee3f05a0de0fdf377e382980064c321c89d5329,frames/window-0051-forward-00000.png,NATIVE_LOADING_AND_MIPS_READY,UNREVIEWED
window-0051-forward-00001,166,VIAL_TR70190001287-0-interval-17-tile-0,forward,18.627504656106666,18.627504656106666,"[126085.2774894601,171330.47440341717,61301.991175845134]","[126008.98427947584,171822.99304606166,61481.932060054496]","[126207.34662543493,170542.444575186,61406.08576111017]","[126085.2774894601,171330.47440341717,61341.991175845134]",76.0,1280,720,1158298,55f104073989a49e01c5121ffa7c8d5b9c7008720e3de74a26b250f89863bc35,frames/window-0051-forward-00001.png,NATIVE_LOADING_AND_MIPS_READY,UNREVIEWED
window-0051-forward-00002,167,VIAL_TR70190001287-0-interval-17-tile-0,forward,37.25500931221333,37.25500931221333,"[125571.15880209021,169608.8454988785,61454.70254870778]","[125901.00245151727,169983.06437114335,61640.59386105397]","[125043.40896300694,169010.09530325473,61549.27644895388]","[125571.15880209021,169608.8454988785,61494.70254870778]",76.0,1280,720,1174293,9800141031f6868d1283e8277c61839d90c4e32e6d88b4a13989a3b4a05f42f6,frames/window-0051-forward-00002.png,NATIVE_LOADING_AND_MIPS_READY,UNREVIEWED
window-0052-forward-00000,168,VIAL_TR70190001287-0-interval-19-tile-0,forward,0.0,0.0,"[120480.72710182169,164308.31119343638,62001.92563199942]","[120826.05774264091,164667.6616205271,62181.750775918685]","[119928.19807651092,163733.35051009126,62106.2054017286]","[120480.72710182169,164308.31119343638,62041.92563199942]",76.0,1280,720,1027083,9a4e600d161c2dee001d60298f148290da9e9fe07d32ae214e73c36a059e1cce,frames/window-0052-forward-00000.png,NATIVE_LOADING_AND_MIPS_READY,UNREVIEWED
window-0052-forward-00001,169,VIAL_TR70190001287-0-interval-19-tile-0,forward,2.006272206774,2.006272206774,"[120342.1584018739,164164.11685980856,62017.987633111145]","[120687.50968218021,164523.48876530025,62198.18403108757]","[119789.59635338376,163589.12181102185,62121.67339634887]","[120342.1584018739,164164.11685980856,62057.987633111145]",76.0,1280,720,1026248,f63253a63af44bb83f58917ec1ecf314b738fc5fbe46c6610be6a055daec7b71,frames/window-0052-forward-00001.png,NATIVE_LOADING_AND_MIPS_READY,UNREVIEWED
window-0053-forward-00000,170,VIAL_TR70190001287-0-interval-21-tile-0,forward,0.0,0.0,"[119372.17750221025,163154.75652413443,62127.23494297637]","[119717.53559014456,163514.13551357086,62307.55455676334]","[118819.60456151537,162579.75014103614,62230.72356091723]","[119372.17750221025,163154.75652413443,62167.23494297637]",76.0,1280,720,962122,0fe0ae162d75f065388b88bd1a96fc8f8aab286e2b5b7d1a784230accf955616,frames/window-0053-forward-00000.png,NATIVE_LOADING_AND_MIPS_READY,UNREVIEWED
window-0053-forward-00001,171,VIAL_TR70190001287-0-interval-21-tile-0,forward,16.69848208528831,16.69848208528831,"[118437.77876691565,161785.68669817832,62258.95899165751]","[118685.00939036773,162218.08557473638,62435.275695321216]","[118042.20976939233,161093.84849568538,62368.8522657956]","[118437.77876691565,161785.68669817832,62298.95899165751]",76.0,1280,720,942589,fe24d7e34d26af98c757d23efdf1b146ccbab2279327e591c174638aab4d6bbd,frames/window-0053-forward-00001.png,NATIVE_LOADING_AND_MIPS_READY,UNREVIEWED
window-0053-forward-00002,172,VIAL_TR70190001287-0-interval-21-tile-0,forward,33.39696417057662,33.39696417057662,"[117894.84651894918,160225.16419368982,62401.26506155304]","[118001.23464245633,160712.04008166614,62580.84926162412]","[117724.62552133773,159446.16277292772,62505.93034143929]","[117894.84651894918,160225.16419368982,62441.26506155303]",76.0,1280,720,933961,1eb03f9b12544894027c0eed55033017ab214cb6ff9676ec4368b1d042a551a2,frames/window-0053-forward-00002.png,NATIVE_LOADING_AND_MIPS_READY,UNREVIEWED
window-0053-forward-00003,173,VIAL_TR70190001287-0-interval-21-tile-0,forward,50.09544625586492,50.09544625586492,"[117808.32108645732,158566.55442254778,62535.343389690766]","[117808.13582467588,159064.77286535938,62713.17291518006]","[117808.61750530761,157769.40491404923,62642.81614890789]","[117808.32108645732,158566.55442254778,62575.34338969076]",76.0,1280,720,946623,969be018565d95454738a388eb58851ab77ffd7707e7257f59c9c6f794270fdf,frames/window-0053-forward-00003.png,NATIVE_LOADING_AND_MIPS_READY,UNREVIEWED
window-0053-forward-00004,174,VIAL_TR70190001287-0-interval-21-tile-0,forward,66.79392834115323,66.79392834115323,"[118027.08710466798,156919.58858895852,62670.16112015153]","[117928.1726402156,157407.9463435778,62848.656515282484]","[118185.35024779181,156138.21618156772,62776.568487942015]","[118027.08710466798,156919.58858895852,62710.16112015153]",76.0,1280,720,969244,2cb5d217095dde1b984a80ae6d62df689e8992bd5ba0d17103959acac1bacc11,frames/window-0053-forward-00004.png,NATIVE_LOADING_AND_MIPS_READY,UNREVIEWED
window-0053-forward-00005,175,VIAL_TR70190001287-0-interval-21-tile-0,forward,83.49241042644154,83.49241042644154,"[118457.92900039058,155312.94910515487,62813.23658115547]","[118324.30258115067,155792.86971044107,62990.572864687485]","[118671.73127117442,154545.07613669697,62921.49852750424]","[118457.92900039058,155312.94910515487,62853.23658115546]",76.0,1280,720,956752,1e4e7b554acd6648d823e865df45ac229aa19d3e882daf500391042565338c8c,frames/window-0053-forward-00005.png,NATIVE_LOADING_AND_MIPS_READY,UNREVIEWED
window-0053-forward-00006,176,VIAL_TR70190001287-0-interval-21-tile-0,forward,100.19089251172984,100.19089251172984,"[118903.85698131286,153711.394352559,62969.85189334308]","[118770.32886881886,154190.96188840392,63143.10553800477]","[119117.50196130326,152944.08629520712,63084.646061884385]","[118903.85698131286,153711.394352559,63009.85189334308]",76.0,1280,720,880289,f25f69a04f8906340fe9770bdc609a1dade543eee839acc90e5a4db87d38bcd9,frames/window-0053-forward-00006.png,NATIVE_LOADING_AND_MIPS_READY,UNREVIEWED
window-0054-forward-00000,177,VIAL_TR70190001287-0-interval-21-tile-1,forward,0.0,0.0,"[118903.85698131286,153711.394352559,62969.85189334308]","[118770.32938773063,154190.9600254463,63143.084948389296]","[119117.5011310444,152944.08927593936,63084.67900526915]","[118903.85698131286,153711.394352559,63009.85189334308]",76.0,1280,720,879753,bc0323d51671bc4c0680a6eb7d0fc4caa3806a13dcd8847a6aaa936b7abacd87,frames/window-0054-forward-00000.png,NATIVE_LOADING_AND_MIPS_READY,UNREVIEWED
window-0054-forward-00001,178,VIAL_TR70190001287-0-interval-21-tile-1,forward,18.957134898572505,18.957134898572505,"[119161.93895122824,151876.62527806318,63159.44901762701]","[119339.44904654106,152340.92692562434,63325.46618578199]","[118877.92279872774,151133.74264196528,63285.821548579064]","[119161.93895122824,151876.62527806318,63199.44901762701]",76.0,1280,720,718736,f2bb85d03602fc434e3bce762574de3a1674d29139cc024ad88c1df4745cf13f,frames/window-0054-forward-00001.png,NATIVE_LOADING_AND_MIPS_READY,UNREVIEWED
window-0054-forward-00002,179,VIAL_TR70190001287-0-interval-21-tile-1,forward,37.91426979714501,37.91426979714501,"[117632.34197443671,151719.2775450812,63338.62565585322]","[117983.60133602563,151366.31303646104,63513.53777998077]","[117070.32699589444,152284.02075887343,63450.76625724914]","[117632.34197443671,151719.2775450812,63378.62565585322]",76.0,1280,720,832086,e51da1e3bcb9637477cef7219f27956d8c142f9bddffdfe33438a26608bb9aa2,frames/window-0054-forward-00002.png,NATIVE_LOADING_AND_MIPS_READY,UNREVIEWED
window-0054-forward-00003,180,VIAL_TR70190001287-0-interval-21-tile-1,forward,56.871404695717516,56.871404695717516,"[116928.70021062554,153462.0549232699,63504.25378912828]","[117095.88300741291,152992.22131161115,63688.111157596075]","[116661.20773576577,154213.78870192386,63602.08199957981]","[116928.70021062554,153462.0549232699,63544.25378912828]",76.0,1280,720,929957,bfd8faf0f9718246ef1b53d015e7a8b12e4d00536ae585855d5c58198af1acd9,frames/window-0054-forward-00003.png,NATIVE_LOADING_AND_MIPS_READY,UNREVIEWED
window-0055-forward-00000,181,VIAL_TR70190001287-0-interval-23-tile-0,forward,0.0,0.0,"[116452.38481849083,154777.17010593042,63599.55266126393]","[116654.99434105853,154322.27562066118,63774.60392783883]","[116128.20958238251,155505.0012823612,63711.47063474412]","[116452.38481849083,154777.17010593042,63639.55266126393]",76.0,1280,720,991448,50dcef75cd5de70304c0f4d25c7e0d4721ba1b025e62ee1c1b196d32079c78cb,frames/window-0055-forward-00000.png,NATIVE_LOADING_AND_MIPS_READY,UNREVIEWED
window-0055-forward-00001,182,VIAL_TR70190001287-0-interval-23-tile-0,forward,16.77283002268133,16.77283002268133,"[115512.92759408991,156153.7156171116,63752.23708055209]","[115811.37400773345,155754.4587615091,63933.20246209957]","[115035.41333226021,156792.52658607552,63854.69247007612]","[115512.92759408991,156153.7156171116,63792.23708055209]",76.0,1280,720,959313,c5cf4feaafea3a0b79cd828dcd75fc36b01a71a7dba374119c4ed7d1846ea02e,frames/window-0055-forward-00001.png,NATIVE_LOADING_AND_MIPS_READY,UNREVIEWED
window-0055-forward-00002,183,VIAL_TR70190001287-0-interval-23-tile-0,forward,33.54566004536266,33.54566004536266,"[114515.51673952954,157496.3061671282,63877.83645176757]","[114803.04468050458,157088.97007987776,64060.353186406304]","[114055.47203396948,158148.04390672894,63977.80967634563]","[114515.51673952954,157496.3061671282,63917.83645176757]",76.0,1280,720,915720,da097bf638f4056893f60ee6712c9918459282226a30138c5b1fd6e7dc660444,frames/window-0055-forward-00002.png,NATIVE_LOADING_AND_MIPS_READY,UNREVIEWED
window-0055-forward-00003,184,VIAL_TR70190001287-0-interval-23-tile-0,forward,50.318490068043985,50.318490068043985,"[113715.69975747279,158962.630635781,64000.63205767591]","[113893.33100212668,158496.60838956485,64184.989289063684]","[113431.48976602656,159708.26622972687,64097.66048745547]","[113715.69975747279,158962.630635781,64040.63205767591]",76.0,1280,720,906019,c0249549ed74cea4f8ed6502e08a0dfcfd03ad015cc29b5ba6c13f9218404d87,frames/window-0055-forward-00003.png,NATIVE_LOADING_AND_MIPS_READY,UNREVIEWED
window-0055-forward-00004,185,VIAL_TR70190001287-0-interval-23-tile-0,forward,67.09132009072532,67.09132009072532,"[113252.124627179,160569.69861518592,64119.01993610273]","[113383.94830946837,160088.96568946316,64300.05365691551]","[113041.20673551604,161338.87129634235,64221.36598280231]","[113252.124627179,160569.69861518592,64159.01993610273]",76.0,1280,720,911432,197349302945a2c293cc99332d02af3ccbc4c51ccfae44edefc9a4f77887a953,frames/window-0055-forward-00004.png,NATIVE_LOADING_AND_MIPS_READY,UNREVIEWED
window-0056-forward-00000,186,VIAL_TR70190001287-0-interval-25-tile-0,forward,0.0,0.0,"[113104.12515995558,161500.54385168478,64191.941907773195]","[113113.06856850047,161002.1309785722,64373.152432921255]","[113089.81570628377,162298.00444866487,64294.00506753631]","[113104.12515995558,161500.54385168478,64231.941907773195]",76.0,1280,720,910184,26c7ad7a1eb0bbd154f821428aabfe2a02039ba4c886f8cac8f428a42e45586a,frames/window-0056-forward-00000.png,NATIVE_LOADING_AND_MIPS_READY,UNREVIEWED
window-0056-forward-00001,187,VIAL_TR70190001287-0-interval-25-tile-0,forward,19.796394119745788,19.796394119745788,"[113221.64473115829,163467.82468253214,64338.64612460537]","[113162.25300506759,162972.95192365968,64518.97780729891]","[113316.67149290342,164259.62109672808,64442.11543229574]","[113221.64473115829,163467.82468253214,64378.64612460537]",76.0,1280,720,920783,6305e04a6801104933848c61edd0b4ba2c078e068e9f557fe37e9c1063760356,frames/window-0056-forward-00001.png,NATIVE_LOADING_AND_MIPS_READY,UNREVIEWED
window-0056-forward-00002,188,VIAL_TR70190001287-0-interval-25-tile-0,forward,39.592788239491576,39.592788239491576,"[112976.24113137362,165362.033928401,64505.334230870256]","[113301.5463743187,164984.56458955826,64684.18332388069]","[112455.75274266153,165965.98487054938,64611.17568205357]","[112976.24113137362,165362.033928401,64545.334230870256]",76.0,1280,720,1067318,5375523a9dce0a8590018fdd07bda6e0ab9c9eec2bf58254ab48b97beb27254e,frames/window-0056-forward-00002.png,NATIVE_LOADING_AND_MIPS_READY,UNREVIEWED
window-0056-forward-00003,189,VIAL_TR70190001287-0-interval-25-tile-0,forward,59.38918235923736,59.38918235923736,"[111196.46843466147,165985.7121624168,64681.17265510442]","[111660.56435107772,166165.51795690617,64853.37248111098]","[110453.91496839545,165698.0228912338,64797.65293349393]","[111196.46843466147,165985.7121624168,64721.17265510442]",76.0,1280,720,768958,6999286f09837613376eb5056f1632f7133d54bb3601c5df0188d999140f82c6,frames/window-0056-forward-00003.png,NATIVE_LOADING_AND_MIPS_READY,UNREVIEWED
window-0056-forward-00004,190,VIAL_TR70190001287-0-interval-25-tile-0,forward,79.18557647898315,79.18557647898315,"[110452.44532245024,164345.39728426136,64836.73451032704]","[110377.34578396103,164838.23971772398,65018.44097174186]","[110572.60458403298,163556.8493907212,64938.00417206334]","[110452.44532245024,164345.39728426136,64876.734510327035]",76.0,1280,720,987606,a0ec78e6171abb8736486ed2bedf28de3823a0cea1b6a1fa94dc6fbba7dd1f47,frames/window-0056-forward-00004.png,NATIVE_LOADING_AND_MIPS_READY,UNREVIEWED
window-0056-forward-00005,191,VIAL_TR70190001287-0-interval-25-tile-0,forward,98.98197059872894,98.98197059872894,"[110848.87812244124,162411.1100602895,64977.49016596808]","[110747.2275384425,162898.78937186944,65154.641037276306]","[111011.51905683921,161630.82316176163,65086.048771874935]","[110848.87812244124,162411.1100602895,65017.49016596808]",76.0,1280,720,1006027,903511c5a502dc2de66bc60188e3f1fc69807f4713b37717bf6205fa63ba6680,frames/window-0056-forward-00005.png,NATIVE_LOADING_AND_MIPS_READY,UNREVIEWED
window-0057-forward-00000,192,VIAL_TR70190001287-0-interval-25-tile-1,forward,0.0,0.0,"[110848.87812244124,162411.1100602895,64977.49016596808]","[110747.23309683382,162898.76270314297,65154.3254965349]","[111011.51016341311,161630.86583172393,65086.553637061195]","[110848.87812244124,162411.1100602895,65017.49016596808]",76.0,1280,720,1008665,293f6f0c235c5c49f36272712d277069052b254a207dbb976704c2930792184c,frames/window-0057-forward-00000.png,NATIVE_LOADING_AND_MIPS_READY,UNREVIEWED
window-0057-forward-00001,193,VIAL_TR70190001287-0-interval-25-tile-1,forward,2.5092359701594895,2.5092359701594895,"[110899.88680558745,162166.39056662098,64999.24178334517]","[110798.24490453643,162654.02822001616,65175.90077571973]","[111062.51384726906,161386.1703211887,65108.587395545874]","[110899.88680558745,162166.39056662098,65039.24178334516]",76.0,1280,720,1013764,3e95f46b5315a587a40a0974f08fcdb09a75d109498ae0d8deb399ba02daae26,frames/window-0057-forward-00001.png,NATIVE_LOADING_AND_MIPS_READY,UNREVIEWED
window-0058-forward-00000,194,VIAL_TR70190001287-0-interval-27-tile-0,forward,0.0,0.0,"[111327.22945929272,160060.0828530267,65172.36175568048]","[111259.59589758381,160553.77372213846,65351.19104902844]","[111435.44315802696,159270.17746244784,65278.23488632374]","[111327.22945929272,160060.0828530267,65212.36175568048]",76.0,1280,720,1009569,2468a12d450a655e18220a10cd72f511c9e27a2c41b0745ee3faa919f4350838,frames/window-0058-forward-00000.png,NATIVE_LOADING_AND_MIPS_READY,UNREVIEWED
window-0058-forward-00001,195,VIAL_TR70190001287-0-interval-27-tile-0,forward,6.018776515957896,6.018776515957896,"[111390.4338419321,159463.7677056715,65223.42283846657]","[111342.79776591473,159959.58595561978,65399.89046798358]","[111466.6515635599,158670.4585057542,65333.07463123935]","[111390.4338419321,159463.7677056715,65263.42283846657]",76.0,1280,720,967346,a801b2f8065d3c9eb627f92f13724a1f50ef548ef79b2cea39ef0d68c5da71f2,frames/window-0058-forward-00001.png,NATIVE_LOADING_AND_MIPS_READY,UNREVIEWED
window-0059-forward-00000,196,VIAL_TR70190001287-0-interval-29-tile-0,forward,0.0,0.0,"[111524.31204945897,158070.301574748,65355.40065199204]","[111476.7180832098,158565.6815286163,65527.094175385435]","[111600.46239545765,157277.69364855878,65472.69101456259]","[111524.31204945897,158070.301574748,65395.40065199203]",76.0,1280,720,944778,30d021991cd328a84a0b53173ae4b55b09b5e73255f0a91a7f923b51c3c0fc50,frames/window-0059-forward-00000.png,NATIVE_LOADING_AND_MIPS_READY,UNREVIEWED
window-0059-forward-00001,197,VIAL_TR70190001287-0-interval-29-tile-0,forward,14.044462736693283,14.044462736693283,"[111658.33159930298,156678.0390127294,65482.194103548485]","[111609.28965450107,157173.84846180136,65660.14796388031]","[111736.79871098604,155884.74389421425,65589.46792701757]","[111658.33159930298,156678.0390127294,65522.194103548485]",76.0,1280,720,930813,7b59f73fbabb08f9c0504e53c43c21ef64329f8d6b508560b95e8e248462cc94,frames/window-0059-forward-00001.png,NATIVE_LOADING_AND_MIPS_READY,UNREVIEWED
window-0059-forward-00002,198,VIAL_TR70190001287-0-interval-29-tile-0,forward,28.088925473386567,28.088925473386567,"[111973.55755793524,155319.80749645774,65601.84656040721]","[111821.40107730772,155794.0344109547,65777.60586681239]","[112217.00792693926,154561.04443326264,65712.63167015892]","[111973.55755793524,155319.80749645774,65641.8465604072]",76.0,1280,720,963732,1b04d032d21b657314e85c5545fc30b7aeebb00f8547ca79b24aec4108ec2112,frames/window-0059-forward-00002.png,NATIVE_LOADING_AND_MIPS_READY,UNREVIEWED
window-0059-forward-00003,199,VIAL_TR70190001287-0-interval-29-tile-0,forward,42.13338821007985,42.13338821007985,"[112400.9536049969,153987.73995880038,65725.6025965343]","[112248.61365373075,154462.5386955383,65908.74206424969]","[112644.69752702276,153228.0619800197,65824.57944818969]","[112400.9536049969,153987.73995880038,65765.6025965343]",76.0,1280,720,1002980,b23d204b6654fb856a23ea6bcad171d8d62cbdc34f47cc7fa4b9c8530b696716,frames/window-0059-forward-00003.png,NATIVE_LOADING_AND_MIPS_READY,UNREVIEWED
window-0060-forward-00000,200,VIAL_TR70190001287-0-interval-3-tile-0,forward,0.0,0.0,"[159745.49504207098,199391.77408600226,56897.68966726135]","[160237.1065653019,199480.52954678293,57096.69970756135]","[158958.91660490155,199249.7653487532,56971.273602781366]","[159745.49504207098,199391.77408600226,56937.68966726135]",76.0,1280,720,1239931,c101b09d52b792705a7fd3c8a51818016902cea8633136987eabd450aa769ab7,frames/window-0060-forward-00000.png,NATIVE_LOADING_AND_MIPS_READY,UNREVIEWED
window-0060-forward-00001,201,VIAL_TR70190001287-0-interval-3-tile-0,forward,16.759879897240975,16.759879897240975,"[158097.74504224383,199094.2895817646,56970.87103526487]","[158589.2982248454,199183.03450973798,57168.51468419277]","[157311.2599500813,198952.2976970072,57046.641196980236]","[158097.74504224383,199094.2895817646,57010.87103526487]",76.0,1280,720,1235506,c656bace9602e9c1170309f732617ce8547531c9da761ffc10381cc0cf72f8d7,frames/window-0060-forward-00001.png,NATIVE_LOADING_AND_MIPS_READY,UNREVIEWED
window-0060-forward-00002,202,VIAL_TR70190001287-0-interval-3-tile-0,forward,33.51975979448195,33.51975979448195,"[156450.23753875092,198796.8488577749,57049.46591842686]","[156941.79732209872,198885.5949774354,57247.259936343406]","[155663.74188539447,198654.85506631815,57124.99548976039]","[156450.23753875092,198796.8488577749,57089.46591842685]",76.0,1280,720,1222766,ce75908b934d0e39a1c1b2d1fbfffab6c7a2e52bd0f735acd4c36119bd2caef1,frames/window-0060-forward-00002.png,NATIVE_LOADING_AND_MIPS_READY,UNREVIEWED
window-0060-forward-00003,203,VIAL_TR70190001287-0-interval-3-tile-0,forward,50.27963969172292,50.27963969172292,"[154814.66056837147,198446.09371963167,57128.129847864315]","[155293.30440067896,198588.47982054166,57323.104259726344]","[154048.83043667948,198218.2759581757,57208.17078888507]","[154814.66056837147,198446.09371963167,57168.129847864315]",76.0,1280,720,1210882,0cd2b0caaa9f028e4878b0eea4445cec9b61fcd53c06a820c04433c3c11ab803,frames/window-0060-forward-00003.png,NATIVE_LOADING_AND_MIPS_READY,UNREVIEWED
window-0060-forward-00004,204,VIAL_TR70190001287-0-interval-3-tile-0,forward,67.0395195889639,67.0395195889639,"[153249.51969434624,197863.96294739097,57213.40793364143]","[153695.7734214809,198087.9848453468,57407.48882380562]","[152535.51373093075,197505.52791066165,57294.87850937872]","[153249.51969434624,197863.96294739097,57253.40793364143]",76.0,1280,720,1224686,79b25c5383cbed7280949bed357e87e58fb064ab79982ebee3dd26d1d623000e,frames/window-0060-forward-00004.png,NATIVE_LOADING_AND_MIPS_READY,UNREVIEWED
window-0061-forward-00000,205,VIAL_TR70190001287-0-interval-31-tile-0,forward,0.0,0.0,"[112828.63133274368,152654.78752758354,65824.25152673703]","[112677.06661664625,153129.91809624943,66008.487305041]","[113071.13487849958,151894.5786177181,65921.47428145069]","[112828.63133274368,152654.78752758354,65864.25152673703]",76.0,1280,720,1003011,22262390b1fb17dee84be307a5b3dc55ebf7c58d210c3b45081c9073a4671d54,frames/window-0061-forward-00000.png,NATIVE_LOADING_AND_MIPS_READY,UNREVIEWED
window-0061-forward-00001,206,VIAL_TR70190001287-0-interval-31-tile-0,forward,3.49569394782859,3.49569394782859,"[112923.13069729134,152319.34714354575,65849.55895975858]","[112813.59696643648,152805.82697437407,66032.95655543475]","[113098.3846666591,151540.97941422046,65948.1228066767]","[112923.13069729134,152319.34714354575,65889.55895975858]",76.0,1280,720,999010,1da5b29f99cb412d4597e7b288b42b0ab7bc7a7cc6721fda43f362fdbc587da7,frames/window-0061-forward-00001.png,NATIVE_LOADING_AND_MIPS_READY,UNREVIEWED
window-0062-forward-00000,207,VIAL_TR70190001287-0-interval-33-tile-0,forward,0.0,0.0,"[112868.63411288941,149834.92349218577,66039.09524133152]","[112928.68719146008,150330.00247877132,66223.17275818247]","[112772.54918717634,149042.79711364885,66136.57121437004]","[112868.63411288941,149834.92349218577,66079.09524133152]",76.0,1280,720,847973,6ca8fa85e5e82e197a3cfea3aceeeb13a34a4055dd2b0b0524220b01927dc5b6,frames/window-0062-forward-00000.png,NATIVE_LOADING_AND_MIPS_READY,UNREVIEWED
window-0062-forward-00001,208,VIAL_TR70190001287-0-interval-33-tile-0,forward,16.10956661453577,16.10956661453577,"[112766.74751605914,148237.5477094692,66165.69922238734]","[112691.39103001912,148730.17411736117,66345.19462685598]","[112887.31789372319,147449.34545684204,66270.50657523752]","[112766.74751605914,148237.5477094692,66205.69922238734]",76.0,1280,720,753737,6d286b02e9fc9c83442f215fe4838ffcd0d5ebf702dde5e9cd51347da9b572f4,frames/window-0062-forward-00001.png,NATIVE_LOADING_AND_MIPS_READY,UNREVIEWED
window-0062-forward-00002,209,VIAL_TR70190001287-0-interval-33-tile-0,forward,32.21913322907154,32.21913322907154,"[113494.73536224152,146851.2610989405,66291.07691019835]","[113113.84057569796,147172.92464403645,66472.97539657696]","[114104.1670207112,146336.599426787,66392.0393319926]","[113494.73536224152,146851.2610989405,66331.07691019835]",76.0,1280,720,649291,36d9c15da6978f42c97bf2595acc312232aa8f55b8f98282bc8877eb703ea9c2,frames/window-0062-forward-00002.png,NATIVE_LOADING_AND_MIPS_READY,UNREVIEWED
window-0062-forward-00003,210,VIAL_TR70190001287-0-interval-33-tile-0,forward,48.32869984360731,48.32869984360731,"[114929.80517284013,146151.19064636528,66416.35178245141]","[114449.96136077937,146286.25452715225,66597.52313151216]","[115697.55527213735,145935.08843710614,66518.47762395421]","[114929.80517284013,146151.19064636528,66456.35178245141]",76.0,1280,720,644981,7782f6e776ae7a6d80d05c72397b34d34b24ef5b9388a9d31c60143970ce2595,frames/window-0062-forward-00003.png,NATIVE_LOADING_AND_MIPS_READY,UNREVIEWED
window-0063-forward-00000,211,VIAL_TR70190001287-0-interval-35-tile-0,forward,0.0,0.0,"[117920.98339922959,144920.26454992592,66653.59239009107]","[117541.81104140394,145243.84391855364,66834.54478761133]","[118527.65917175064,144402.53756012156,66756.06855405866]","[117920.98339922959,144920.26454992592,66693.59239009107]",76.0,1280,720,795093,785a2dd1ef1d1111d1c515c4e03381221eef54ba526fec882b8af14cdecf3321,frames/window-0063-forward-00000.png,NATIVE_LOADING_AND_MIPS_READY,UNREVIEWED
window-0063-forward-00001,212,VIAL_TR70190001287-0-interval-35-tile-0,forward,0.9954225953047601,0.9954225953047601,"[117995.88743768982,144855.17201963812,66661.35225822245]","[117622.57565991697,145185.51198415115,66842.44436157377]","[118593.18628212636,144326.6280764173,66763.60489286034]","[117995.88743768982,144855.17201963812,66701.35225822245]",76.0,1280,720,803137,f76bd18cf5228a21021c226783f2147e0f434c3bc16e7418a0b444dea46509eb,frames/window-0063-forward-00001.png,NATIVE_LOADING_AND_MIPS_READY,UNREVIEWED
window-0064-forward-00000,213,VIAL_TR70190001287-0-interval-37-tile-0,forward,0.0,0.0,"[121491.97211458813,140749.672168307,67057.91623079669]","[121206.25989824787,141158.54632430704,67243.41327455809]","[121949.11166073255,140095.47351870697,67153.12096077847]","[121491.97211458813,140749.672168307,67097.91623079669]",76.0,1280,720,880537,aa9f9701981973a334a5125f69d309be1760f56657aedb92f6e25c4321b6dc20,frames/window-0064-forward-00000.png,NATIVE_LOADING_AND_MIPS_READY,UNREVIEWED
window-0064-forward-00001,214,VIAL_TR70190001287-0-interval-37-tile-0,forward,17.54824313344447,17.54824313344447,"[122477.06328455824,139303.7620381452,67191.06948809975]","[122206.6719163924,139722.55184375925,67372.29311984318]","[122909.6894736236,138633.69834916276,67293.11167731027]","[122477.06328455824,139303.7620381452,67231.06948809975]",76.0,1280,720,877163,09d723e7bd50f44412f3c0abdfa38202e72a0cc247780530bd5aa43aea76c747,frames/window-0064-forward-00001.png,NATIVE_LOADING_AND_MIPS_READY,UNREVIEWED
window-0065-forward-00000,215,VIAL_TR70190001287-0-interval-39-tile-0,forward,0.0,0.0,"[123886.45816578064,136798.74658416957,67426.54399032267]","[123777.21282694692,137285.38390361355,67611.19465839864]","[124061.25070791456,136020.1268730592,67523.10292140112]","[123886.45816578064,136798.74658416957,67466.54399032267]",76.0,1280,720,988594,7349fc891ff4805442139883ffbc6d528f4b653d66b4d41a6d7d94beb172cec7,frames/window-0065-forward-00000.png,NATIVE_LOADING_AND_MIPS_READY,UNREVIEWED
window-0065-forward-00001,216,VIAL_TR70190001287-0-interval-39-tile-0,forward,17.947030527694285,17.947030527694285,"[123949.10503134015,135032.6056594029,67557.02647838098]","[124028.82326458671,135524.82625535937,67740.09562130585]","[123821.55585814564,134245.05270587257,67656.1158497012]","[123949.10503134015,135032.6056594029,67597.02647838098]",76.0,1280,720,884255,be8807258fc30b2481d7b6372fad14e3938853f6587333243e69a04a733f5f8a,frames/window-0065-forward-00001.png,NATIVE_LOADING_AND_MIPS_READY,UNREVIEWED
window-0066-forward-00000,217,VIAL_TR70190001287-0-interval-41-tile-0,forward,0.0,0.0,"[122994.6339973365,130914.8794170469,67876.02732804742]","[123182.73934528524,131376.35193314234,68055.29042878347]","[122693.66544061853,130176.52339129422,67981.20636686975]","[122994.6339973365,130914.8794170469,67916.02732804742]",76.0,1280,720,981642,58dcfdd5761414213fa2cd235f7cad2db65d54cf3a7530ebe0ac77743be2a132,frames/window-0066-forward-00000.png,NATIVE_LOADING_AND_MIPS_READY,UNREVIEWED
window-0066-forward-00001,218,VIAL_TR70190001287-0-interval-41-tile-0,forward,4.514611922230764,4.514611922230764,"[122824.71608914202,130498.2403642498,67912.86428245017]","[123013.50569926653,130959.40944462523,68091.85742430764]","[122522.6527129428,129760.36983564911,68018.47525547823]","[122824.71608914202,130498.2403642498,67952.86428245017]",76.0,1280,720,995719,399d0ed8b0346d74907dd2871802163c807cdf2b84f6ae92cf64843da7976db9,frames/window-0066-forward-00001.png,NATIVE_LOADING_AND_MIPS_READY,UNREVIEWED
window-0067-forward-00000,219,VIAL_TR70190001287-0-interval-43-tile-0,forward,0.0,0.0,"[120263.57556451112,126896.69568482786,68252.87868167354]","[120598.79375392117,127265.81525676238,68435.73696518774]","[119727.22646145501,126306.10436973264,68352.30542805085]","[120263.57556451112,126896.69568482786,68292.87868167354]",76.0,1280,720,1003261,38aee663b7a6a3ffefd557a56c79cd66f6373772ff37458b3fc0867a9fa8f030,frames/window-0067-forward-00000.png,NATIVE_LOADING_AND_MIPS_READY,UNREVIEWED
window-0067-forward-00001,220,VIAL_TR70190001287-0-interval-43-tile-0,forward,19.67381499928448,19.67381499928448,"[118944.40774346526,125443.93814145392,68393.70088229509]","[119278.06784735087,125814.26600154582,68574.60854142373]","[118410.55157724829,124851.41356530687,68496.24862768925]","[118944.40774346526,125443.93814145392,68433.70088229507]",76.0,1280,720,986770,25cf355aa851e055c17970492ffa2fe71dc0499074928b6e26611ec48888eef6,frames/window-0067-forward-00001.png,NATIVE_LOADING_AND_MIPS_READY,UNREVIEWED
window-0067-forward-00002,221,VIAL_TR70190001287-0-interval-43-tile-0,forward,39.34762999856896,39.34762999856896,"[117770.10839966331,123873.76142899795,68539.63676350174]","[118059.55987317188,124279.72071115678,68722.02153104464]","[117306.98604204958,123224.22657754383,68639.82113543309]","[117770.10839966331,123873.76142899795,68579.63676350174]",76.0,1280,720,959721,a16a085caf5d97b4f8148aec663fc520daa24f0a85bc663621be4a2183b70dfa,frames/window-0067-forward-00002.png,NATIVE_LOADING_AND_MIPS_READY,UNREVIEWED
window-0067-forward-00003,222,VIAL_TR70190001287-0-interval-43-tile-0,forward,59.02144499785344,59.02144499785344,"[116631.15937506733,122276.37129268423,68687.01668811934]","[116920.66067793315,122682.40046121612,68870.5569851541]","[116167.95729048205,121626.72462303324,68785.35221286373]","[116631.15937506733,122276.37129268423,68727.01668811934]",76.0,1280,720,957103,e855b546c1ee5c82a8d462fe04d453e723441878d98a46e86b648675d741cb91,frames/window-0067-forward-00003.png,NATIVE_LOADING_AND_MIPS_READY,UNREVIEWED
window-0067-forward-00004,223,VIAL_TR70190001287-0-interval-43-tile-0,forward,78.69525999713792,78.69525999713792,"[115491.9416267483,120678.60426800326,68828.10169681053]","[115781.41633666801,121084.59613967978,69011.02080618609]","[115028.78209087676,120029.01727332082,68927.43112180963]","[115491.9416267483,120678.60426800326,68868.10169681053]",76.0,1280,720,958886,510b0dd09f6609f757baaf55c3938b3762a38b88163b64375b93b648665cb246,frames/window-0067-forward-00004.png,NATIVE_LOADING_AND_MIPS_READY,UNREVIEWED
window-0068-forward-00000,224,VIAL_TR70190001287-0-interval-45-tile-0,forward,0.0,0.0,"[114700.98788439063,119525.07928777486,68928.73400321293]","[114947.29581268136,119958.95415249473,69115.79457053031]","[114306.89519912549,118830.87950422308,69021.4370955051]","[114700.98788439063,119525.07928777486,68968.73400321291]",76.0,1280,720,955665,10e610f2ee6347ecb4756f2ff627c957a1968193979e4b5f30831b5da632030f,frames/window-0068-forward-00000.png,NATIVE_LOADING_AND_MIPS_READY,UNREVIEWED
window-0068-forward-00001,225,VIAL_TR70190001287-0-interval-45-tile-0,forward,14.296267508247448,14.296267508247448,"[114176.90246132086,118218.11682853509,69016.51609463753]","[114207.90047929254,118716.52452681086,69211.43843164285]","[114127.30563256616,117420.66451129386,69096.64035542902]","[114176.90246132086,118218.11682853509,69056.51609463753]",76.0,1280,720,887205,dd5c8ef92ef0b16a43de1ce4bcccdfdc6db1275002c8657ef15b53ab9a2e86ed,frames/window-0068-forward-00001.png,NATIVE_LOADING_AND_MIPS_READY,UNREVIEWED
window-0068-forward-00002,226,VIAL_TR70190001287-0-interval-45-tile-0,forward,28.592535016494896,28.592535016494896,"[114592.46785077605,116891.68654826233,69101.757296287]","[114278.53943972418,117278.28507791692,69277.14194463135]","[115094.75330845905,116273.12890081498,69213.14185893605]","[114592.46785077605,116891.68654826233,69141.757296287]",76.0,1280,720,784150,a6c11c2310a873af7b1ad59ce78a0a215bcd875db5ba27a3be64f055c2ff032a,frames/window-0068-forward-00002.png,NATIVE_LOADING_AND_MIPS_READY,UNREVIEWED
window-0068-forward-00003,227,VIAL_TR70190001287-0-interval-45-tile-0,forward,42.888802524742346,42.888802524742346,"[115887.00218355516,116371.84361713007,69233.35689385544]","[115388.66383356303,116382.15592526912,69413.95454331682]","[116684.34354354256,116355.34392410757,69336.40065471725]","[115887.00218355516,116371.84361713007,69273.35689385544]",76.0,1280,720,698234,527b3c21aef826ec7ffe0d76d9d7c6701642b34ce4884c42a574dd37194cc6a4,frames/window-0068-forward-00003.png,NATIVE_LOADING_AND_MIPS_READY,UNREVIEWED
window-0069-forward-00000,228,VIAL_TR70190001287-0-interval-49-tile-0,forward,0.0,0.0,"[125976.02324019535,114131.87564872205,70007.83606093856]","[125477.04497264547,114114.42356569783,70201.07576738573]","[126774.38846827517,114159.79898156082,70090.65253062308]","[125976.02324019535,114131.87564872205,70047.83606093856]",76.0,1280,720,617657,b94b3005e61715a9338835b7c0b9ff5a7799be51ef44f6b4c97a067dacc42ecf,frames/window-0069-forward-00000.png,NATIVE_LOADING_AND_MIPS_READY,UNREVIEWED
window-0069-forward-00001,229,VIAL_TR70190001287-0-interval-49-tile-0,forward,8.007245404481887,8.007245404481887,"[126773.98445188883,114178.22540104389,70054.7973669111]","[126276.14031997825,114146.30225029291,70241.15018622193]","[127570.53506294575,114229.30244224546,70148.63285601373]","[126773.98445188883,114178.22540104389,70094.79736691108]",76.0,1280,720,609704,9acbf790e8f6d53dc06d461cb0805d4667c7e9df86122819e5d55bb00a9d6dfd,frames/window-0069-forward-00001.png,NATIVE_LOADING_AND_MIPS_READY,UNREVIEWED
window-0070-forward-00000,230,VIAL_TR70190001287-0-interval-5-tile-0,forward,0.0,0.0,"[146323.85548153543,194387.2402910143,57644.74446328875]","[146770.16725915778,194611.29133067283,57840.10853863563]","[145609.75663733968,194028.75862756066,57724.16194273376]","[146323.85548153543,194387.2402910143,57684.74446328875]",76.0,1280,720,1191081,065cc228878427ea15850094f0eaa0f985f131afece28951c3332cadb05cf472,frames/window-0070-forward-00000.png,NATIVE_LOADING_AND_MIPS_READY,UNREVIEWED
window-0070-forward-00001,231,VIAL_TR70190001287-0-interval-5-tile-0,forward,19.5361811525329,19.5361811525329,"[144580.5997594606,193512.11604623756,57753.1868356828]","[145026.5349038231,193735.97801572588,57941.12961123653]","[143867.10352848057,193153.93689505622,57844.47839479684]","[144580.5997594606,193512.11604623756,57793.1868356828]",76.0,1280,720,1192608,8e888bd4ade33cdc73ba2c20f49c3fa251663a9422b1401c9abbbf16c01f30f2,frames/window-0070-forward-00001.png,NATIVE_LOADING_AND_MIPS_READY,UNREVIEWED
window-0070-forward-00002,232,VIAL_TR70190001287-0-interval-5-tile-0,forward,39.0723623050658,39.0723623050658,"[142838.68252283428,192637.66372855753,57886.10528148224]","[143284.44604803433,192861.43954239553,58071.187309857865]","[142125.4608825142,192279.62242641672,57981.97403608125]","[142838.68252283428,192637.66372855753,57926.10528148224]",76.0,1280,720,1173768,8e6a887059750f7a33e025063e6075662fc743fb47c6fb1504544cf2e4c6cb12,frames/window-0070-forward-00002.png,NATIVE_LOADING_AND_MIPS_READY,UNREVIEWED
window-0071-forward-00000,233,VIAL_TR70190001287-0-interval-51-tile-0,forward,0.0,0.0,"[130905.14368810691,112636.26603204757,70408.8200592716]","[130531.87383770858,112966.86912574532,70591.79016295692]","[131502.37544874425,112107.30108213115,70508.06789337509]","[130905.14368810691,112636.26603204757,70448.8200592716]",76.0,1280,720,900135,2e73459ac5bb9104c3fd2c324edaadd4627e2684831e7f86a0c1df66bd21c3b3,frames/window-0071-forward-00000.png,NATIVE_LOADING_AND_MIPS_READY,UNREVIEWED
window-0071-forward-00001,234,VIAL_TR70190001287-0-interval-51-tile-0,forward,14.199530671953752,14.199530671953752,"[131961.33591959116,111693.55941522306,70517.80193692852]","[131601.40940511497,112038.59670518716,70700.35634024157]","[132537.2183427531,111141.49975128048,70617.71489162763]","[131961.33591959116,111693.55941522306,70557.80193692852]",76.0,1280,720,934416,98c972ed30593f507c270c3e0c66286f24d6e1ba2d898c842be11130a5a8b373,frames/window-0071-forward-00001.png,NATIVE_LOADING_AND_MIPS_READY,UNREVIEWED
window-0071-forward-00002,235,VIAL_TR70190001287-0-interval-51-tile-0,forward,28.399061343907505,28.399061343907505,"[132950.67885019872,110680.046412059,70618.14786395655]","[132604.60906127878,111039.3422008828,70804.35086216062]","[133504.3905124706,110105.1731499409,70712.22306683003]","[132950.67885019872,110680.046412059,70658.14786395653]",76.0,1280,720,965756,01d22e652f8afacacf451b90bcf9ed69819e46d36b85c7c4d90796ef4e2ea1c1,frames/window-0071-forward-00002.png,NATIVE_LOADING_AND_MIPS_READY,UNREVIEWED
window-0071-forward-00003,236,VIAL_TR70190001287-0-interval-51-tile-0,forward,42.59859201586126,42.59859201586126,"[133854.36905645765,109591.56586853787,70719.3089486824]","[133553.40433015782,109989.09735253938,70902.04029226932]","[134335.91261853738,108955.51549413547,70818.93879894336]","[133854.36905645765,109591.56586853787,70759.3089486824]",76.0,1280,720,998084,42a24e73db2a7dfddc130412c5cc5611d582af27438a64a427570fb1dd59bfb7,frames/window-0071-forward-00003.png,NATIVE_LOADING_AND_MIPS_READY,UNREVIEWED
window-0072-forward-00000,237,VIAL_TR70190001287-0-interval-53-tile-0,forward,0.0,0.0,"[134405.50284975325,108819.76424306631,70786.96745682527]","[134152.08453656296,109249.44717249236,70973.03018086443]","[134810.9721508577,108132.27155598463,70881.2670983626]","[134405.50284975325,108819.76424306631,70826.96745682527]",76.0,1280,720,1010519,584a5a5de8d8574578ab0615750c2e3237b0726511be5252fceafaabf8844c46,frames/window-0072-forward-00000.png,NATIVE_LOADING_AND_MIPS_READY,UNREVIEWED
window-0072-forward-00001,238,VIAL_TR70190001287-0-interval-53-tile-0,forward,1.501348316170724,1.501348316170724,"[134480.73567097308,108690.24462327361,70797.19220395263]","[134232.82958959334,109123.11365103278,70983.03112051282]","[134877.38540118065,107997.65417885894,70891.84993745633]","[134480.73567097308,108690.24462327361,70837.19220395263]",76.0,1280,720,1005450,bee56ac00ff525bb76fdaff5fd118b5c795b1b87ac3a3cc710c5e971c49e07f4,frames/window-0072-forward-00001.png,NATIVE_LOADING_AND_MIPS_READY,UNREVIEWED
window-0073-forward-00000,239,VIAL_TR70190001287-0-interval-55-tile-0,forward,0.0,0.0,"[134941.1378458899,107859.51510714367,70863.7112274561]","[134700.2918617774,108296.22781120116,71048.000920097]","[135326.49142046992,107160.7747806517,70960.84771923063]","[134941.1378458899,107859.51510714367,70903.71122745608]",76.0,1280,720,999403,d21b97c6746f0142c5e023342b3d84155ae7404017187ad076a9c987c1af7334,frames/window-0073-forward-00000.png,NATIVE_LOADING_AND_MIPS_READY,UNREVIEWED
window-0073-forward-00001,240,VIAL_TR70190001287-0-interval-55-tile-0,forward,10.525139418884903,10.525139418884903,"[135448.16679813084,106940.14754723758,70937.67283883716]","[135207.29318647156,107376.91034597397,71122.77067778417]","[135833.5645767857,106241.32706925934,71033.51629652194]","[135448.16679813084,106940.14754723758,70977.67283883716]",76.0,1280,720,1005314,e54fe8dc4f3d147ff33f5de9add89b5ee0c0ed4d5e2b347e9c839b3326c1116b,frames/window-0073-forward-00001.png,NATIVE_LOADING_AND_MIPS_READY,UNREVIEWED
window-0074-forward-00000,241,VIAL_TR70190001287-0-interval-57-tile-0,forward,0.0,0.0,"[136360.14470974915,105274.32669615373,71078.21187575556]","[136149.09860623014,105726.087628258,71261.1767246998]","[136697.81847537955,104551.50920478688,71177.46811744476]","[136360.14470974915,105274.32669615373,71118.21187575556]",76.0,1280,720,1077991,ff18a1bb52735c93f630219671d21ca9ff15ba7e8ea4078de1ea57f4c9979fb6,frames/window-0074-forward-00000.png,NATIVE_LOADING_AND_MIPS_READY,UNREVIEWED
window-0074-forward-00001,242,VIAL_TR70190001287-0-interval-57-tile-0,forward,13.507865733311261,13.507865733311261,"[136739.20857568155,103983.04430944845,71171.70638774127]","[136612.09514270176,104465.35754715938,71356.83353461865]","[136942.5900684492,103211.34312911099,71267.5029527375]","[136739.20857568155,103983.04430944845,71211.70638774127]",76.0,1280,720,1030373,27606818686c4d2901e187103b3eabcb44f50c5983fcfc2049fc4332aefff415,frames/window-0074-forward-00001.png,NATIVE_LOADING_AND_MIPS_READY,UNREVIEWED
window-0075-forward-00000,243,VIAL_TR70190001287-0-interval-59-tile-0,forward,0.0,0.0,"[137040.15942862607,101009.72597682849,71387.67418018555]","[137013.67444493884,101507.92625395463,71574.58295007076]","[137082.53540252565,100212.60553342664,71480.62014836924]","[137040.15942862607,101009.72597682849,71427.67418018555]",76.0,1280,720,873550,ef1dc0a2dff0f2143efebe2d8eb50a015fe24af4103d57fb7b9f42f41a266550,frames/window-0075-forward-00000.png,NATIVE_LOADING_AND_MIPS_READY,UNREVIEWED
window-0075-forward-00001,244,VIAL_TR70190001287-0-interval-59-tile-0,forward,7.015279324676928,7.015279324676928,"[137077.31676187832,100310.77165734023,71434.82725960044]","[137050.83516767615,100808.90817723845,71620.78709637806]","[137119.6873126018,99513.75322550308,71529.29152075623]","[137077.31676187832,100310.77165734023,71474.82725960042]",76.0,1280,720,862161,1548a96d2ec4905cc12ad8cb9fcc80b65b3b5676371bbc266f06032c74a5bd96,frames/window-0075-forward-00001.png,NATIVE_LOADING_AND_MIPS_READY,UNREVIEWED
window-0076-forward-00000,245,VIAL_TR70190001287-0-interval-61-tile-0,forward,0.0,0.0,"[137382.0589470968,98966.51516277343,71528.89034276624]","[137185.93140505927,99425.24224725256,71715.67213661976]","[137695.86301435687,98232.55182760682,71622.03947260066]","[137382.0589470968,98966.51516277343,71568.89034276624]",76.0,1280,720,959972,56b993c8224366075904b9f3f87345d3700212355447d7ec016ad95a5ae874e2,frames/window-0076-forward-00000.png,NATIVE_LOADING_AND_MIPS_READY,UNREVIEWED
window-0076-forward-00001,246,VIAL_TR70190001287-0-interval-61-tile-0,forward,18.51108189403071,18.51108189403071,"[138162.37276523025,97296.64285080507,71662.6633285609]","[137875.988689369,97704.56125439955,71842.82945978038]","[138620.58728660826,96643.97340505391,71766.39751860974]","[138162.37276523025,97296.64285080507,71702.66332856088]",76.0,1280,720,987156,6af173efa5aa1434fd014dc85dad744acc6a5f63f3b1deb59a4e02e18c4f9434,frames/window-0076-forward-00001.png,NATIVE_LOADING_AND_MIPS_READY,UNREVIEWED
window-0077-forward-00000,247,VIAL_TR70190001287-0-interval-63-tile-0,forward,0.0,0.0,"[142280.5380789854,92271.11189486459,72117.88740975277]","[142134.32790645052,92748.7876190416,72316.70987497429]","[142514.47435504125,91506.8307361814,72191.77146539834]","[142280.5380789854,92271.11189486459,72157.88740975276]",76.0,1280,720,880867,fbfad326e85d07fd2e9dd410f0488bdbb0692f4c47867bac2fc0505af864d5d8,frames/window-0077-forward-00000.png,NATIVE_LOADING_AND_MIPS_READY,UNREVIEWED
window-0077-forward-00001,248,VIAL_TR70190001287-0-interval-63-tile-0,forward,12.681985732170666,12.681985732170666,"[142651.35846062942,91059.31143841182,72166.39782528751]","[142505.64994835673,91537.31787267266,72369.69817689234]","[142884.4920802657,90294.50114359449,72233.11726271977]","[142651.35846062942,91059.31143841182,72206.3978252875]",76.0,1280,720,825485,002a5370ca520cf43bf14be9aaed5b19ca955745012f8b13a52b7e887846e3fe,frames/window-0077-forward-00001.png,NATIVE_LOADING_AND_MIPS_READY,UNREVIEWED
window-0077-forward-00002,249,VIAL_TR70190001287-0-interval-63-tile-0,forward,25.363971464341333,25.363971464341333,"[142731.26426226227,89811.90095786005,72178.5697361541]","[142809.9336356762,90305.61424287157,72406.20661311988]","[142605.3932648,89021.95970184161,72206.35073300886]","[142731.26426226227,89811.90095786005,72218.5697361541]",76.0,1280,720,739084,6ffb6fe1fcaf21c8b711994e27c11c2b50be78e359ab2e1f2160251a63c26a21,frames/window-0077-forward-00002.png,NATIVE_LOADING_AND_MIPS_READY,UNREVIEWED
window-0078-forward-00000,250,VIAL_TR70190001287-0-interval-65-tile-0,forward,0.0,0.0,"[140170.66437851172,83801.22658489272,71787.27515609105]","[140374.69423725543,84255.16489628522,72055.35660980403]","[139844.21660452182,83074.92528666473,71750.3448301503]","[140170.66437851172,83801.22658489272,71827.27515609105]",76.0,1280,720,889508,f0f9325cf61f2db5eb2647893f33649571c911b156797770e4d46de4d49eeff7,frames/window-0078-forward-00000.png,NATIVE_LOADING_AND_MIPS_READY,UNREVIEWED
window-0078-forward-00001,251,VIAL_TR70190001287-0-interval-65-tile-0,forward,17.200766711950592,17.200766711950592,"[139333.23935216316,82310.52984181528,71621.78478319914]","[139594.58297179427,82733.95450837714,71890.88737198112]","[138915.08956075343,81633.05037531629,71583.22064114797]","[139333.23935216316,82310.52984181528,71661.78478319914]",76.0,1280,720,879152,4ae25c51102738e2888725e692fb8abcd9256c79691f97c9bbca9ac869c56aaa,frames/window-0078-forward-00001.png,NATIVE_LOADING_AND_MIPS_READY,UNREVIEWED
window-0078-forward-00002,252,VIAL_TR70190001287-0-interval-65-tile-0,forward,34.401533423901185,34.401533423901185,"[138433.9941301911,80853.58741101065,71456.48401443305]","[138695.48325200917,81277.24781672555,71722.69331869434]","[138015.61153528222,80175.73076186683,71422.549127615]","[138433.9941301911,80853.58741101065,71496.48401443305]",76.0,1280,720,893629,7926e8c15350f7fee8ebdefb9be8102f39858685716e3bfd0ed73c3452fde47e,frames/window-0078-forward-00002.png,NATIVE_LOADING_AND_MIPS_READY,UNREVIEWED
window-0078-forward-00003,253,VIAL_TR70190001287-0-interval-65-tile-0,forward,51.60230013585178,51.60230013585178,"[137534.50317289203,79396.24684377728,71296.07111288437]","[137795.86024676566,79819.69330961024,71564.91341534651]","[137116.33185469423,78718.73249844456,71257.92342894498]","[137534.50317289203,79396.24684377728,71336.07111288437]",76.0,1280,720,896356,5f0dcbcf4ff514e1b7b9b7ff6fc598a3ca61fc943dd336e51f4555593921c469,frames/window-0078-forward-00003.png,NATIVE_LOADING_AND_MIPS_READY,UNREVIEWED
window-0078-forward-00004,254,VIAL_TR70190001287-0-interval-65-tile-0,forward,68.80306684780237,68.80306684780237,"[136636.31109843263,77939.14023404941,71126.54223399489]","[136894.44482417,78364.63695390752,71394.70363998467]","[136223.2971372528,77258.34548227642,71089.48398441121]","[136636.31109843263,77939.14023404941,71166.54223399489]",76.0,1280,720,928661,113739519e4e34c2696b4697405a570262545fa3665df220af95c6787c074ed4,frames/window-0078-forward-00004.png,NATIVE_LOADING_AND_MIPS_READY,UNREVIEWED
window-0079-forward-00000,255,VIAL_TR70190001287-0-interval-7-tile-0,forward,0.0,0.0,"[132369.3843625253,188536.99257727712,58766.62134237316]","[132849.91203536096,188668.29608796095,58943.58015603662]","[131600.54008598826,188326.906960183,58875.48724051163]","[132369.3843625253,188536.99257727712,58806.62134237316]",76.0,1280,720,1200210,8a467fe9afbe93dce15200dbcf6d0d1864006539b96075eca1144790fa60482f,frames/window-0079-forward-00000.png,NATIVE_LOADING_AND_MIPS_READY,UNREVIEWED
window-0079-forward-00001,256,VIAL_TR70190001287-0-interval-7-tile-0,forward,3.5123148983298496,3.5123148983298496,"[132031.79006146383,188444.74540967494,58796.35311246518]","[132512.4403828707,188576.0824329326,58974.80970320096]","[131262.74954721285,188234.60617246272,58902.82256728794]","[132031.79006146383,188444.74540967494,58836.35311246518]",76.0,1280,720,1191463,254ccefdd1c5fd6527c32407806e17750711cf29421443e510d950df0d1f18d1,frames/window-0079-forward-00001.png,NATIVE_LOADING_AND_MIPS_READY,UNREVIEWED
window-0080-forward-00000,257,VIAL_TR70190001287-0-interval-9-tile-0,forward,0.0,0.0,"[130102.6797696948,187917.61873709038,58954.427196194716]","[130583.60055736772,188049.02966583465,59136.39610640481]","[129333.20650941812,187707.36125109953,59055.27693985857]","[130102.6797696948,187917.61873709038,58994.427196194716]",76.0,1280,720,1215497,c7941a8d98de28430a9d45912e1c75d14da549ddc893bbe4fc377f138dceba12,frames/window-0080-forward-00000.png,NATIVE_LOADING_AND_MIPS_READY,UNREVIEWED
window-0080-forward-00001,258,VIAL_TR70190001287-0-interval-9-tile-0,forward,14.043755011587294,14.043755011587294,"[128752.30256545474,187548.630066216,59066.42880213288]","[129232.64329401989,187679.882494625,59241.20066356579]","[127983.75739975051,187338.62618076155,59178.793823840235]","[128752.30256545474,187548.630066216,59106.42880213288]",76.0,1280,720,1227944,290f118a6ed68369196af2e0dc03972658ee90acef8a37daae8cb3a01cb4997d,frames/window-0080-forward-00001.png,NATIVE_LOADING_AND_MIPS_READY,UNREVIEWED
window-0081-forward-00000,259,accepted-hairpin,forward,0.0,0.0,"[113013.20760390401,65089.257193263395,61011.119253266814]","[112521.21987804622,65176.665837551096,61248.663668590685]","[113800.38796527649,64949.40336240308,61023.04818874864]","[113013.20760390401,65089.257193263395,61051.119253266814]",76.0,1280,720,681189,4ea7691290c09cc51187479f453aaf9dae1da0637bbfe4ad56ba77f8cd34043f,frames/window-0081-forward-00000.png,NATIVE_LOADING_AND_MIPS_READY,UNREVIEWED
window-0081-forward-00001,260,accepted-hairpin,forward,19.233173558240427,19.233173558240427,"[113978.11933784441,63659.42772929527,60882.67633577742]","[114060.5500642434,64149.77748857006,61155.23381787559]","[113846.23017560602,62874.86811445562,60838.584364420356]","[113978.11933784441,63659.42772929527,60922.67633577742]",76.0,1280,720,887484,d2c97f8f11e418065d467e83cedda09bcec63986f2ab0c570f67de169e87b043,frames/window-0081-forward-00001.png,NATIVE_LOADING_AND_MIPS_READY,UNREVIEWED
window-0081-forward-00002,261,accepted-hairpin,forward,38.466347116480854,38.466347116480854,"[112642.39184644802,62440.59962626417,60649.593337162514]","[113112.66355857835,62598.85477330251,60931.23605940847]","[111889.9571070395,62187.39139100281,60590.96498156899]","[112642.39184644802,62440.59962626417,60689.593337162514]",76.0,1280,720,1040336,504db8711517217714d299e8c1f3fdc7b4b469071f739f39be589e1cb24dcaa1,frames/window-0081-forward-00002.png,NATIVE_LOADING_AND_MIPS_READY,UNREVIEWED
window-0081-forward-00003,262,accepted-hairpin,forward,57.699520674721285,57.699520674721285,"[110811.47095595575,61889.229751018844,60455.06271668505]","[111292.62630806648,62017.744976540016,60719.485277894804]","[110041.62239257857,61683.60539018496,60423.98661874946]","[110811.47095595575,61889.229751018844,60495.062716685046]",76.0,1280,720,958074,11ad1ebb470af13a77989a629363e3b2a617f0ca692063713a60237756d030c7,frames/window-0081-forward-00003.png,NATIVE_LOADING_AND_MIPS_READY,UNREVIEWED
window-0081-forward-00004,263,accepted-hairpin,forward,76.93269423296171,76.93269423296171,"[109013.81336455178,61242.898549534926,60303.99377860673]","[109450.9636903301,61482.61393608686,60561.89003333145]","[108314.37284330648,60859.353931051824,60283.35977104717]","[109013.81336455178,61242.898549534926,60343.99377860673]",76.0,1280,720,991531,7510ec1143cc539062276b6ecf434e4a21b7040381bf937296face6408f23367,frames/window-0081-forward-00004.png,NATIVE_LOADING_AND_MIPS_READY,UNREVIEWED
window-0081-forward-00005,264,accepted-hairpin,forward,96.16586779120213,96.16586779120213,"[107384.52959966206,60237.784757149144,60162.87032687237]","[107761.08463984533,60565.91490811059,60406.041553482246]","[106782.0415353688,59712.776515610814,60165.79636429657]","[107384.52959966206,60237.784757149144,60202.87032687237]",76.0,1280,720,963236,2122e3be6f6bd667bf086bf0a7a71711abd66d3329ab3f22ce3598e39960d575,frames/window-0081-forward-00005.png,NATIVE_LOADING_AND_MIPS_READY,UNREVIEWED
window-0081-forward-00006,265,accepted-hairpin,forward,115.39904134944257,115.39904134944257,"[105995.02039521391,58911.14610954571,60097.205680613755]","[106377.06687540747,59232.80404181644,60341.21945955469]","[105383.74602690426,58396.49341791254,60098.783634308245]","[105995.02039521391,58911.14610954571,60137.20568061375]",76.0,1280,720,862301,1174795551078555a3ade95d0c7e6f0a8b5eb50df17cb0ff967c3184665f6256,frames/window-0081-forward-00006.png,NATIVE_LOADING_AND_MIPS_READY,UNREVIEWED
window-0081-forward-00007,266,accepted-hairpin,forward,134.632214907683,134.632214907683,"[104738.6053596512,57496.83784753314,59944.52148527962]","[104921.96315666047,57958.88630262513,60218.29083921825]","[104445.23288443638,56757.56031938597,59898.490518977815]","[104738.6053596512,57496.83784753314,59984.52148527962]",76.0,1280,720,981051,da137ca57d19e14c58b0c57cf8c0073aea6db35154b9ac820733eba1de75db4d,frames/window-0081-forward-00007.png,NATIVE_LOADING_AND_MIPS_READY,UNREVIEWED
window-0081-forward-00008,267,accepted-hairpin,forward,153.86538846592342,153.86538846592342,"[105538.1932040187,56122.81944713476,59709.75751346859]","[105042.35236906033,56127.00085790906,59993.97886655077]","[106331.53853995209,56116.12918989589,59647.00334853711]","[105538.1932040187,56122.81944713476,59749.75751346859]",76.0,1280,720,964706,a81f75f9360aa35ec8362609cecb1486ee73116c4df35b3b651582a3c950d94e,frames/window-0081-forward-00008.png,NATIVE_LOADING_AND_MIPS_READY,UNREVIEWED
window-0081-forward-00009,268,accepted-hairpin,forward,173.09856202416384,173.09856202416384,"[106913.04897952772,57379.02274412318,59477.08840055149]","[106593.87235807104,56997.89279561455,59750.62573953356]","[107423.73157385846,57988.830661736974,59431.42865818015]","[106913.04897952772,57379.02274412318,59517.08840055148]",76.0,1280,720,850191,843e3a08242385615306a0c9391a1f765f4ab0eea3e0dee3094fb1923ea43e23,frames/window-0081-forward-00009.png,NATIVE_LOADING_AND_MIPS_READY,UNREVIEWED
window-0081-forward-00010,269,accepted-hairpin,forward,192.33173558240426,192.33173558240426,"[108215.67793467312,58775.49737628663,59317.331616638025]","[107786.941263469,58520.27662422095,59569.69261909311]","[108901.6566085997,59183.85057959171,59305.5540127099]","[108215.67793467312,58775.49737628663,59357.331616638025]",76.0,1280,720,800394,9d7129c7687b3d4c951929414f7cb5fd8fb3480b83ef827af7fd02d4ea22baa2,frames/window-0081-forward-00010.png,NATIVE_LOADING_AND_MIPS_READY,UNREVIEWED
window-0081-forward-00011,270,accepted-hairpin,forward,211.5649091406447,211.5649091406447,"[109983.66995649166,58508.29403378545,59183.56382059557]","[109658.94456590577,58886.85854583706,59438.81053567586]","[110503.2305814291,57902.59081450289,59167.16907646711]","[109983.66995649166,58508.29403378545,59223.56382059556]",76.0,1280,720,770642,84420c2e68eaccbbdb9280f92018af79af0860d65f3c5542865e39014e4a1e59,frames/window-0081-forward-00011.png,NATIVE_LOADING_AND_MIPS_READY,UNREVIEWED
window-0081-forward-00012,271,accepted-hairpin,forward,230.79808269888514,230.79808269888514,"[109805.3407198401,56748.658509506764,59018.69382272041]","[110043.31789041485,57186.78555655305,59276.26451517748]","[109424.57724692047,56047.65523423272,58998.58071478912]","[109805.3407198401,56748.658509506764,59058.69382272041]",76.0,1280,720,1011083,c9e04f5634c7f2848743d10f1cdc09beb64db5ac630c41500d92c5eb4cd7e0c4,frames/window-0081-forward-00012.png,NATIVE_LOADING_AND_MIPS_READY,UNREVIEWED
window-0081-forward-00013,272,accepted-hairpin,forward,250.03125625712556,250.03125625712556,"[109035.28014472286,55001.8893670087,58874.70501621434]","[109138.7973137307,55489.54705362577,59133.10002114789]","[108869.6526743103,54221.6370684214,58853.27300832066]","[109035.28014472286,55001.8893670087,58914.70501621434]",76.0,1280,720,1200066,f93bf52fc09c098c2190d3dcc5909d4d61864d61ed76ecc66277424215273e1f,frames/window-0081-forward-00013.png,NATIVE_LOADING_AND_MIPS_READY,UNREVIEWED
window-0081-forward-00014,273,accepted-hairpin,forward,269.264429815366,269.264429815366,"[109300.3005861101,53139.7909095028,58693.613276976976]","[109124.98748753469,53605.42469635136,58963.11574169314]","[109580.80154383076,52394.7768505451,58654.40933343111]","[109300.3005861101,53139.7909095028,58733.613276976976]",76.0,1280,720,1203725,49b4dd7db7245b198334310db1f3356eddfbd04e2436599db25924fb3148dc82,frames/window-0081-forward-00014.png,NATIVE_LOADING_AND_MIPS_READY,UNREVIEWED
window-0081-forward-00015,274,accepted-hairpin,forward,288.4976033736064,288.4976033736064,"[110175.70867462277,51444.86757970905,58496.469066877195]","[109921.1645079828,51872.515699968906,58764.68060561745]","[110582.97934124673,50760.63058729328,58459.3306048928]","[110175.70867462277,51444.86757970905,58536.469066877195]",76.0,1280,720,1103850,b2618b4a9d52e749e2beb21d1b33beb9904d0fa0e4989f8f3c350533b3b105ca,frames/window-0081-forward-00015.png,NATIVE_LOADING_AND_MIPS_READY,UNREVIEWED
window-0081-forward-00016,275,accepted-hairpin,forward,307.73077693184683,307.73077693184683,"[111168.4742126929,49808.644354818076,58324.45855342107]","[110885.72152023764,50219.03080250484,58584.87981594817]","[111620.87852062132,49152.026038519245,58299.784533377715]","[111168.4742126929,49808.644354818076,58364.45855342107]",76.0,1280,720,984429,aff97c7ef27af8dae4f3ac118cbabacc96e937a4de2cfb340f76bdb5c8b5dfb9,frames/window-0081-forward-00016.png,NATIVE_LOADING_AND_MIPS_READY,UNREVIEWED
window-0082-forward-00000,276,nudo-0,forward,0.0,0.0,"[128466.39871969819,42252.743098605424,67675.28249971365]","[128592.72650667586,42735.787593249304,67921.9153071429]","[128264.27426053392,41479.87190717521,67672.67000782685]","[128466.39871969819,42252.743098605424,67715.28249971365]",76.0,1280,720,1119784,cbde98c9739bc63871abaf6fde5dba719df023bf21360724dbbecfa7809b26d9,frames/window-0082-forward-00000.png,NATIVE_LOADING_AND_MIPS_READY,UNREVIEWED
window-0082-forward-00001,277,nudo-0,forward,19.971871098370716,19.971871098370716,"[127328.85664838948,40633.94337722741,67568.90110032096]","[127687.22276503225,40981.59898269181,67815.5339077503]","[126755.47086176104,40077.69440848438,67566.28860843404]","[127328.85664838948,40633.94337722741,67608.90110032096]",76.0,1280,720,1078606,5c8f237efe44497bb33785ff8a5ada952b3083861a48be72059b8b39397da41a,frames/window-0082-forward-00001.png,NATIVE_LOADING_AND_MIPS_READY,UNREVIEWED
window-0082-forward-00002,278,nudo-0,forward,39.94374219674143,39.94374219674143,"[125897.40827086054,39245.2767894417,67462.5197009283]","[126255.77438750403,39592.93239490535,67709.15250835742]","[125324.02248423095,38689.02782069985,67459.90720904173]","[125897.40827086054,39245.2767894417,67502.5197009283]",76.0,1280,720,1087549,68f7f57bac3aa2af643f06f7443e1381e2e9553b6a673c354ffc3ffb5c9f7c76,frames/window-0082-forward-00002.png,NATIVE_LOADING_AND_MIPS_READY,UNREVIEWED
window-0082-forward-00003,279,nudo-0,forward,59.915613295112145,59.915613295112145,"[124465.95993262285,37856.61016115429,67356.13830153564]","[124824.32587664582,38204.265944556435,67602.7711089649]","[123892.5744221861,37300.360907710856,67353.52580964881]","[124465.95993262285,37856.61016115429,67396.13830153563]",76.0,1280,720,1038183,3e081b409bad0f14923bacfd9102f30f0b7a3b121db9f42187e366335976ffc3,frames/window-0082-forward-00003.png,NATIVE_LOADING_AND_MIPS_READY,UNREVIEWED
window-0082-forward-00004,280,nudo-0,forward,79.88748439348286,79.88748439348286,"[123297.58363101917,36275.16989344652,67249.75690214297]","[123469.8455313571,36743.802512094015,67496.389709572]","[123021.96459047846,35525.357703610505,67247.14441025651]","[123297.58363101917,36275.16989344652,67289.75690214297]",76.0,1280,720,1029133,b84870cb4c828d87b3cb9a784ceb99b31380f6133197de46f76c38bb8c05a8cf,frames/window-0082-forward-00004.png,NATIVE_LOADING_AND_MIPS_READY,UNREVIEWED
window-0082-forward-00005,281,nudo-0,forward,99.85935549185358,99.85935549185358,"[123380.15131296584,34341.49319498504,67143.37550275029]","[123139.7786798583,34779.11368218987,67390.00831017953]","[123764.7475259379,33641.300415457314,67140.76301086352]","[123380.15131296584,34341.49319498504,67183.37550275029]",76.0,1280,720,846311,543964cf9f70b5af0baac126c590d63ecdbdf52038ac06c034165ada160cc716,frames/window-0082-forward-00005.png,NATIVE_LOADING_AND_MIPS_READY,UNREVIEWED
window-0083-forward-00000,282,nudo-1,forward,0.0,0.0,"[123380.15131296584,34341.49319498504,67143.37550275029]","[123120.76022191378,34768.115926975806,67390.00831017947]","[123795.17705864915,33658.89682379983,67140.7630108636]","[123380.15131296584,34341.49319498504,67183.37550275029]",76.0,1280,720,823558,070ee4729ecaf9e7a5c69100f2c2bbe55bde9c1b9a136d18d55eaddc3852fdf7,frames/window-0083-forward-00000.png,NATIVE_LOADING_AND_MIPS_READY,UNREVIEWED
window-0083-forward-00001,283,nudo-1,forward,19.98827599827228,19.98827599827228,"[124910.8862618494,33151.3038282137,67036.90672164963]","[124414.72738813786,33207.134515167505,67283.53952907884]","[125704.74045978785,33061.9747290876,67034.2942297629]","[124910.8862618494,33151.3038282137,67076.90672164963]",76.0,1280,720,963561,ca864ff4e5bba0561ca8c0ef5cc242b35edec605fa8874324dbe4605817ef0b0,frames/window-0083-forward-00001.png,NATIVE_LOADING_AND_MIPS_READY,UNREVIEWED
window-0083-forward-00002,284,nudo-1,forward,39.97655199654456,39.97655199654456,"[126589.87837648047,34018.78393463175,66930.43794054896]","[126346.47369931731,33582.842589146436,67177.07074797816]","[126979.32585994148,34716.290087408255,66927.82544866225]","[126589.87837648047,34018.78393463175,66970.43794054896]",76.0,1280,720,1075029,665e07219586c54f97c3a768df1100cb143bcad505a8f65019f234f3313d7db7,frames/window-0083-forward-00002.png,NATIVE_LOADING_AND_MIPS_READY,UNREVIEWED
window-0083-forward-00003,285,nudo-1,forward,59.964827994816844,59.964827994816844,"[126699.46688757809,35982.24636924767,66823.9691594483]","[126786.11457535104,35490.5321516659,67070.60196687748]","[126560.83058714142,36768.98911737849,66821.35666756162]","[126699.46688757809,35982.24636924767,66863.9691594483]",76.0,1280,720,825123,6efea3190ad03ecdd35d0bf018ef5a0e4da8669d72567d91929bfe3abaed18e6,frames/window-0083-forward-00003.png,NATIVE_LOADING_AND_MIPS_READY,UNREVIEWED
window-0083-forward-00004,286,nudo-1,forward,79.95310399308912,79.95310399308912,"[125731.95720514782,37722.88602661051,66717.50037834763]","[125991.01516682611,37296.06092652907,66964.13318577682]","[125317.46446646255,38405.80618674082,66714.88788646091]","[125731.95720514782,37722.88602661051,66757.50037834763]",76.0,1280,720,666422,c6290e0175475ac33a2cc2f080a9f9bb093b7f0226c7db0bc531a8d2122539c7,frames/window-0083-forward-00004.png,NATIVE_LOADING_AND_MIPS_READY,UNREVIEWED
window-0083-forward-00005,287,nudo-1,forward,99.9413799913614,99.9413799913614,"[124524.199822708,39308.92743014357,66611.03159724697]","[124806.20119558618,38896.900829954626,66857.66440467618]","[124072.99762610291,39968.169990445895,66608.41910536024]","[124524.199822708,39308.92743014357,66651.03159724697]",76.0,1280,720,1245748,c3571530425d223b39164156c4671a015c520b5cb30d8a2248602d90c0a8d336,frames/window-0083-forward-00005.png,NATIVE_LOADING_AND_MIPS_READY,UNREVIEWED
window-0084-forward-00000,288,nudo-2,forward,0.0,0.0,"[124524.199822708,39308.92743014357,66611.03159724697]","[124806.22259061444,38896.91547406606,66857.66440467628]","[124072.9633940577,39968.1465598676,66608.41910536008]","[124524.199822708,39308.92743014357,66651.03159724697]",76.0,1280,720,1245186,de1676f6e99df8ca00a06a03271c08a9861a84d15798170ef00d55194c3c4f50,frames/window-0084-forward-00000.png,NATIVE_LOADING_AND_MIPS_READY,UNREVIEWED
window-0084-forward-00001,289,nudo-2,forward,8.00647613474558,8.00647613474558,"[124072.65351248789,39968.71810853481,66568.38460983036]","[124354.44642300151,39556.548908869554,66815.01741725953]","[123621.7848556661,40628.188827999234,66565.7721179437]","[124072.65351248789,39968.71810853481,66608.38460983036]",76.0,1280,720,1311395,1ae53487273e7b0c24fb489442ede54e67c88193507bd200b1c260bde1a97786,frames/window-0084-forward-00001.png,NATIVE_LOADING_AND_MIPS_READY,UNREVIEWED
window-0085-forward-00000,290,reviewed-VIAL_TR70190001272-0-interval-1-0,forward,0.0,0.0,"[123404.7070148983,41926.068574842066,66406.61500929281]","[123459.41094432437,41429.964273359416,66656.41437431559]","[123317.18072781662,42719.83545721431,66398.9360252564]","[123404.7070148983,41926.068574842066,66446.61500929281]",76.0,1280,720,1291120,77ec40ebf423193d66a2bace76c547fdbb10247717b2ff7a647b2759a9ed53f3,frames/window-0085-forward-00000.png,NATIVE_LOADING_AND_MIPS_READY,UNREVIEWED
window-0085-forward-00001,291,reviewed-VIAL_TR70190001272-0-interval-1-0,forward,17.985934891401584,17.985934891401584,"[123560.9738221998,43709.95219689889,66307.4920879186]","[123451.34246580994,43222.8920077537,66554.93908859204]","[123736.38399242354,44489.24849953121,66303.57688684107]","[123560.9738221998,43709.95219689889,66347.4920879186]",76.0,1280,720,1166795,3122fdb17b367208a4a12f01bedccdf09e435ee0cb6db8b8706c8d50681d4d71,frames/window-0085-forward-00001.png,NATIVE_LOADING_AND_MIPS_READY,UNREVIEWED
window-0085-forward-00002,292,reviewed-VIAL_TR70190001272-0-interval-1-0,forward,35.97186978280317,35.97186978280317,"[124032.63826234615,45442.53275496885,66206.51131943287]","[123899.15976277302,44961.41660147296,66453.17097053767]","[124246.20386166313,46212.318600562285,66203.85587766522]","[124032.63826234615,45442.53275496885,66246.51131943287]",76.0,1280,720,1097044,259610af30ded32c0361f5bdcc06fcd846ea0bc2354f2dc062770b49f69376e5,frames/window-0085-forward-00002.png,NATIVE_LOADING_AND_MIPS_READY,UNREVIEWED
window-0086-forward-00000,293,reviewed-VIAL_TR70190001272-0-interval-11-0,forward,0.0,0.0,"[117632.05964895315,57770.777442492545,64749.86814951798]","[117616.66939182476,57273.831446842574,65022.85699167353]","[117656.68406035856,58565.89103553249,64705.0860020691]","[117632.05964895315,57770.777442492545,64789.86814951798]",76.0,1280,720,958583,f7ba769ab9cc6716f7fce0965ea62d0c422fdbdb15b299d88947548481bec956,frames/window-0086-forward-00000.png,NATIVE_LOADING_AND_MIPS_READY,UNREVIEWED
window-0086-forward-00001,294,reviewed-VIAL_TR70190001272-0-interval-11-0,forward,16.772398492755435,16.772398492755435,"[117886.34009024195,59416.785618984715,64568.950315797745]","[117796.01815701429,58928.00042414953,64843.088857410476]","[118030.85518340622,60198.841930721006,64522.32864921738]","[117886.34009024195,59416.785618984715,64608.950315797745]",76.0,1280,720,1022444,4cddfcb2ea2a37788155fb27f3f769287b2796b7cd5c9603fac881fda6a99ced,frames/window-0086-forward-00001.png,NATIVE_LOADING_AND_MIPS_READY,UNREVIEWED
window-0086-forward-00002,295,reviewed-VIAL_TR70190001272-0-interval-11-0,forward,33.54479698551087,33.54479698551087,"[118189.2877623066,61056.2139532359,64385.60746272896]","[118099.00328545635,60567.631457852374,64661.60619882802]","[118333.74292526698,61837.94594584954,64336.009484970484]","[118189.2877623066,61056.2139532359,64425.60746272896]",76.0,1280,720,939813,584f1717975cc9ba6459aa6dc0fc7f2f63739a5fd178ea631e05e1e60a7446d0,frames/window-0086-forward-00002.png,NATIVE_LOADING_AND_MIPS_READY,UNREVIEWED
window-0086-forward-00003,296,reviewed-VIAL_TR70190001272-0-interval-11-0,forward,50.31719547826631,50.31719547826631,"[118492.15181711051,62695.189785073875,64198.14916593598]","[118401.84465296965,62206.484515707736,64473.028814245765]","[118636.64327973589,63477.1182160597,64150.34172864033]","[118492.15181711051,62695.189785073875,64238.149165935974]",76.0,1280,720,823752,5bb903374d0d8ff291d51a5d2732cd470f95e5624b1b517cdef919ee3d89a080,frames/window-0086-forward-00003.png,NATIVE_LOADING_AND_MIPS_READY,UNREVIEWED
window-0086-forward-00004,297,reviewed-VIAL_TR70190001272-0-interval-11-0,forward,67.08959397102174,67.08959397102174,"[118795.25411462896,64335.45488880603,64022.70957514336]","[118704.85418334024,63846.24760112246,64292.75037949617]","[118939.8940046909,65118.18654909976,63982.64428817886]","[118795.25411462896,64335.45488880603,64062.70957514336]",76.0,1280,720,720743,742c7771e1bfd0aec39179c2163020190932d22b51ea56f34bb65f90b34821ef,frames/window-0086-forward-00004.png,NATIVE_LOADING_AND_MIPS_READY,UNREVIEWED
window-0086-forward-00005,298,reviewed-VIAL_TR70190001272-0-interval-11-0,forward,83.86199246377718,83.86199246377718,"[118794.10194011289,65988.55009879917,63860.304732674944]","[118916.8649729128,65506.21888445229,64128.115165055795]","[118597.68108763303,66760.28004175417,63823.808040865595]","[118794.10194011289,65988.55009879917,63900.304732674944]",76.0,1280,720,738630,46fcc5fdbbc555b6a9a5cceca51ae6bf65d4c695bc83d61fc1e76b62b0033cd0,frames/window-0086-forward-00005.png,NATIVE_LOADING_AND_MIPS_READY,UNREVIEWED
window-0087-forward-00000,299,reviewed-VIAL_TR70190001272-0-interval-13-0,forward,0.0,0.0,"[117767.71652621683,67552.83350739628,63687.34117131037]","[118200.85913946737,67307.46910407864,63954.07216927814]","[117074.68834501594,67945.41655270451,63652.571574561945]","[117767.71652621683,67552.83350739628,63727.34117131036]",76.0,1280,720,943411,8daf4130ba836f488e09bf8887cfa400bb57634a58d522f605f8d0e4db07fa3f,frames/window-0087-forward-00000.png,NATIVE_LOADING_AND_MIPS_READY,UNREVIEWED
window-0087-forward-00001,300,reviewed-VIAL_TR70190001272-0-interval-13-0,forward,9.500004144955234,9.500004144955234,"[116885.89237115812,67892.16924710199,63600.72827737175]","[117355.38282411499,67726.21493250142,63865.87116216898]","[116134.70764642714,68157.6961504629,63568.499661696194]","[116885.89237115812,67892.16924710199,63640.72827737175]",76.0,1280,720,985008,38d71b3bb2b826f28ed7fdb9d5cce1ce2f8c89133d7e52490e0b506c23296468,frames/window-0087-forward-00001.png,NATIVE_LOADING_AND_MIPS_READY,UNREVIEWED
window-0088-forward-00000,301,reviewed-VIAL_TR70190001272-0-interval-15-0,forward,0.0,0.0,"[110865.93729016604,68189.08002711833,62856.59827576194]","[111157.35665863076,68592.21973125347,63127.12678883565]","[110399.66630062247,67544.05650050209,62815.75265484401]","[110865.93729016604,68189.08002711833,62896.598275761935]",76.0,1280,720,1076577,eeca2dd5f44353ef7419b9c242b69325d06adc3c6e0c2a4b09710983a9b84da7,frames/window-0088-forward-00000.png,NATIVE_LOADING_AND_MIPS_READY,UNREVIEWED
window-0088-forward-00001,302,reviewed-VIAL_TR70190001272-0-interval-15-0,forward,14.046319597515614,14.046319597515614,"[110047.0599895528,67056.3307741703,62717.79899168541]","[110339.06370077808,67459.71466092691,62982.690778638076]","[109579.85405159238,66410.91655535973,62685.97213256116]","[110047.0599895528,67056.3307741703,62757.79899168541]",76.0,1280,720,1175998,c2fbb1fcfb11d77fc09ba5258ef8c4a88f33bb408335f410f7fb5e65c6eae2f8,frames/window-0088-forward-00001.png,NATIVE_LOADING_AND_MIPS_READY,UNREVIEWED
window-0088-forward-00002,303,reviewed-VIAL_TR70190001272-0-interval-15-0,forward,28.09263919503123,28.09263919503123,"[109058.2165829372,66082.50653685325,62583.10842656609]","[109457.18828831459,66379.04699913606,62856.82371803281]","[108419.86185433336,65608.04179720077,62537.163960219346]","[109058.2165829372,66082.50653685325,62623.10842656609]",76.0,1280,720,1011684,6066216f54e65e83cba768540e24aa1a58364282c23cb2a4ede8e079b01a305a,frames/window-0088-forward-00002.png,NATIVE_LOADING_AND_MIPS_READY,UNREVIEWED
window-0088-forward-00003,304,reviewed-VIAL_TR70190001272-0-interval-15-0,forward,42.138958792546845,42.138958792546845,"[107936.4467692445,65248.73779024929,62443.84321949242]","[108336.06228860743,65545.75677387255,62709.52866631863]","[107297.06193826383,64773.50741645207,62410.74650457049]","[107936.4467692445,65248.73779024929,62483.84321949242]",76.0,1280,720,943070,5cd7a6c268a00454d316c13a74031ed636645257ab248b271f754be8a4641a26,frames/window-0088-forward-00003.png,NATIVE_LOADING_AND_MIPS_READY,UNREVIEWED
window-0089-forward-00000,305,reviewed-VIAL_TR70190001272-0-interval-17-0,forward,0.0,0.0,"[104537.20322008594,62703.45165608451,62033.556185182235]","[104888.40332353547,63055.372865673315,62306.56514271383]","[103975.28305456667,62140.37772074242,61988.741853131694]","[104537.20322008594,62703.45165608451,62073.556185182235]",76.0,1280,720,629788,c1cf73fef48ce09c3920693dfca8e0e93316921ce357d3547099e231d1283f7f,frames/window-0089-forward-00000.png,NATIVE_LOADING_AND_MIPS_READY,UNREVIEWED
window-0089-forward-00001,306,reviewed-VIAL_TR70190001272-0-interval-17-0,forward,8.822214145234808,8.822214145234808,"[104292.61607936933,61916.91881176084,61921.04592084607]","[104140.10438102453,62388.150757911964,62209.4610857922]","[104536.634796721,61162.94769791904,61851.58165693225]","[104292.61607936933,61916.91881176084,61961.04592084606]",76.0,1280,720,938787,3b908490b5c75699135cf725a0a19061049caf6f2910ea6427e6826355f5364d,frames/window-0089-forward-00001.png,NATIVE_LOADING_AND_MIPS_READY,UNREVIEWED
window-0090-forward-00000,307,reviewed-VIAL_TR70190001272-0-interval-19-0,forward,0.0,0.0,"[108361.03968274547,63246.773094218224,61427.97294085467]","[107920.30973970047,63014.61773465593,61691.11232344259]","[109066.20759161745,63618.2216695179,61398.94992871401]","[108361.03968274547,63246.773094218224,61467.97294085467]",76.0,1280,720,859042,5ebdb13b8d0facce61e0ffcda273e681c5fda5e7e5bc0c31651c0f1f4dcf9f2b,frames/window-0090-forward-00000.png,NATIVE_LOADING_AND_MIPS_READY,UNREVIEWED
window-0090-forward-00001,308,reviewed-VIAL_TR70190001272-0-interval-19-0,forward,14.38001335076111,14.38001335076111,"[109628.79771084708,63914.56711577175,61306.794717721416]","[109188.0535868931,63682.404286357356,61569.74862136642]","[110333.98830917345,64286.02764283478,61278.06847188941]","[109628.79771084708,63914.56711577175,61346.79471772141]",76.0,1280,720,800570,fc3d0cecd02af7cc17cd0921fa41cf5ffb25230135a67bafe3bb2bee6253d5ca,frames/window-0090-forward-00001.png,NATIVE_LOADING_AND_MIPS_READY,UNREVIEWED
window-0090-forward-00002,309,reviewed-VIAL_TR70190001272-0-interval-19-0,forward,28.76002670152222,28.76002670152222,"[110901.85243430702,64570.8813233259,61180.79127572679]","[110447.86692652408,64366.096456877945,61445.06674519877]","[111628.22924675973,64898.53710964261,61149.950524571635]","[110901.85243430702,64570.8813233259,61220.79127572679]",76.0,1280,720,753186,6b72fbe0e1fd1a689850fe50bdf615b327ebd42d324aad908d8aa6fbc42b9074,frames/window-0090-forward-00002.png,NATIVE_LOADING_AND_MIPS_READY,UNREVIEWED
window-0090-forward-00003,310,reviewed-VIAL_TR70190001272-0-interval-19-0,forward,43.14004005228333,43.14004005228333,"[112219.39251448493,65136.336768139154,61071.52463358416]","[111760.07690605684,64940.48805941976,61317.45637373564]","[112954.29748796987,65449.694702090186,61070.033849341795]","[112219.39251448493,65136.336768139154,61111.52463358416]",76.0,1280,720,682644,b17662c5fef8d17c5f31e82c04797fec1c3986d0409be816f499e54d8f0ef3ed,frames/window-0090-forward-00003.png,NATIVE_LOADING_AND_MIPS_READY,UNREVIEWED
window-0091-forward-00000,311,reviewed-VIAL_TR70190001272-0-interval-3-0,forward,0.0,0.0,"[124433.5985778016,46887.77288654819,66131.85231325921]","[124300.06006044758,46406.440403712055,66373.90917952989]","[124647.26020556806,47657.90485908602,66136.56132722611]","[124433.5985778016,46887.77288654819,66171.85231325921]",76.0,1280,720,1054367,b4e318e8f82bc3f909095ac7ff34b7376738c911727ed787fee5095db621b6bb,frames/window-0091-forward-00000.png,NATIVE_LOADING_AND_MIPS_READY,UNREVIEWED
window-0091-forward-00001,312,reviewed-VIAL_TR70190001272-0-interval-3-0,forward,19.64178762854608,19.64178762854608,"[124958.03724178368,48778.08415804223,66033.97474342227]","[124824.59667957257,48297.10474909904,66283.17105362486]","[125171.54214132145,49547.651212351324,66027.26064709813]","[124958.03724178368,48778.08415804223,66073.97474342227]",76.0,1280,720,1086058,f7b65fe104efa64e90fd81983fbe44321a41d9521f13c77aac29dfa0a72e4be3,frames/window-0091-forward-00001.png,NATIVE_LOADING_AND_MIPS_READY,UNREVIEWED
window-0091-forward-00002,313,reviewed-VIAL_TR70190001272-0-interval-3-0,forward,39.28357525709216,39.28357525709216,"[125482.2316072163,50667.51486856559,65918.80901002655]","[125348.79080636286,50186.53459851896,66167.99003971156]","[125695.73688858179,51437.08330064017,65912.11936253055]","[125482.2316072163,50667.51486856559,65958.80901002655]",76.0,1280,720,1079410,f4b43c3e7a3db71956c23d22a38ef4fd4a48027025cd466a137521ffd47d0808,frames/window-0091-forward-00002.png,NATIVE_LOADING_AND_MIPS_READY,UNREVIEWED
window-0091-forward-00003,314,reviewed-VIAL_TR70190001272-0-interval-3-0,forward,58.925362885638236,58.925362885638236,"[125941.99974945074,52570.589580100845,65816.25743679321]","[125907.91260989803,52072.454754761806,66062.7104650048]","[125996.53917273508,53367.6053006433,65813.93259165467]","[125941.99974945074,52570.589580100845,65856.25743679321]",76.0,1280,720,1043898,174eaa3061d1a3bb63fd05231dd9cab48ce6b92613ad29072905a9a9a5ab7890,frames/window-0091-forward-00003.png,NATIVE_LOADING_AND_MIPS_READY,UNREVIEWED
window-0091-forward-00004,315,reviewed-VIAL_TR70190001272-0-interval-3-0,forward,78.56715051418432,78.56715051418432,"[125857.39198164083,54523.60409060493,65686.5801512171]","[125920.68390159648,54029.04933739964,65944.12650856894]","[125756.1249097118,55314.891695733386,65666.50597945419]","[125857.39198164083,54523.60409060493,65726.5801512171]",76.0,1280,720,980657,8544eab0377865ab1edce88656d6ee15c741fb0dde1680d73efe81425f48d2d7,frames/window-0091-forward-00004.png,NATIVE_LOADING_AND_MIPS_READY,UNREVIEWED
window-0092-forward-00000,316,reviewed-VIAL_TR70190001272-0-interval-5-0,forward,0.0,0.0,"[125766.76040917519,55064.27188878879,65645.13390383824]","[125895.91441036366,54582.787008663414,65903.75454841666]","[125560.11400727362,55834.64769698941,65623.34087251278]","[125766.76040917519,55064.27188878879,65685.13390383824]",76.0,1280,720,950285,4c355045254c72276d6c0d373b99c441a1c7cb503b4d912fa79672f7320f72c3,frames/window-0092-forward-00000.png,NATIVE_LOADING_AND_MIPS_READY,UNREVIEWED
window-0092-forward-00001,317,reviewed-VIAL_TR70190001272-0-interval-5-0,forward,10.515353692724588,10.515353692724588,"[125445.38697083836,56061.75665227286,65560.18705560791]","[125601.51224100207,55588.60904910024,65822.09463998486]","[125195.58653857639,56818.79281734905,65533.134920604774]","[125445.38697083836,56061.75665227286,65600.18705560791]",76.0,1280,720,868569,5b56a9b6b86158e75b117cbccd13545e0ad16187c3d16cc3f44e3d9668e47f37,frames/window-0092-forward-00001.png,NATIVE_LOADING_AND_MIPS_READY,UNREVIEWED
window-0092-forward-00002,318,reviewed-VIAL_TR70190001272-0-interval-5-0,forward,21.030707385449176,21.030707385449176,"[125039.57027997822,57023.971292655915,65462.796573218555]","[125292.32794840266,56595.18583554636,65730.30018175505]","[124635.1580104991,57710.02802403119,65426.79079956015]","[125039.57027997822,57023.971292655915,65502.796573218555]",76.0,1280,720,778393,3c23c6391324604b3103ae90c9ae371547f5b25fa212eac30acbee1d2b2fbf78,frames/window-0092-forward-00002.png,NATIVE_LOADING_AND_MIPS_READY,UNREVIEWED
window-0093-forward-00000,319,reviewed-VIAL_TR70190001272-0-interval-7-0,forward,0.0,0.0,"[123853.28739076504,57814.50466690585,65316.05304240164]","[124348.74661676085,57861.090171758886,65584.52928517277]","[123060.55262917171,57739.967859141,65278.491053967846]","[123853.28739076504,57814.50466690585,65356.05304240164]",76.0,1280,720,768155,fb500915cc69e8b64234982746d40e1c12724c5dd1340431c354a56b86679b04,frames/window-0093-forward-00000.png,NATIVE_LOADING_AND_MIPS_READY,UNREVIEWED
window-0093-forward-00001,320,reviewed-VIAL_TR70190001272-0-interval-7-0,forward,9.92637831632227,9.92637831632227,"[122920.36296451697,57510.95167687163,65232.94062043753]","[123353.12906306151,57758.809590756166,65488.717127748045]","[122227.9372068457,57114.37901465637,65215.698208740694]","[122920.36296451697,57510.95167687163,65272.94062043752]",76.0,1280,720,949653,c0e6b84024bbcb6617e1e304baf8b7b3c0da43e7eb52ac4e92681427c26c04c7,frames/window-0093-forward-00001.png,NATIVE_LOADING_AND_MIPS_READY,UNREVIEWED
window-0094-forward-00000,321,reviewed-VIAL_TR70190001272-0-interval-8-0,forward,0.0,0.0,"[122920.36296451697,57510.95167687163,65232.94062043753]","[123351.3929571931,57761.861675833985,65488.39929828005]","[122230.71497623519,57109.49567853184,65216.206735889486]","[122920.36296451697,57510.95167687163,65272.94062043752]",76.0,1280,720,954548,99cc73dcf3ed43f7cdc703c14c52154247f26a889d5c055aca4f74087853f435,frames/window-0094-forward-00000.png,NATIVE_LOADING_AND_MIPS_READY,UNREVIEWED
window-0094-forward-00001,322,reviewed-VIAL_TR70190001272-0-interval-8-0,forward,16.462933324393717,16.462933324393717,"[121502.4167860011,56681.83380399761,65124.53886108449]","[121946.55409336956,56908.94525205792,65378.63347009306]","[120791.79709421158,56318.455487101106,65109.98748667078]","[121502.4167860011,56681.83380399761,65164.53886108449]",76.0,1280,720,973389,4233a429379a1694e48377980c48e0415d2e897de067af7e7994f8397f3b4381,frames/window-0094-forward-00001.png,NATIVE_LOADING_AND_MIPS_READY,UNREVIEWED
window-0094-forward-00002,323,reviewed-VIAL_TR70190001272-0-interval-8-0,forward,32.925866648787434,32.925866648787434,"[119921.82732800207,56300.7501220233,65009.69629533398]","[120420.72740963046,56303.66147882353,65262.71496509437]","[119123.58719739661,56296.09195114295,64996.86642371737]","[119921.82732800207,56300.7501220233,65049.69629533398]",76.0,1280,720,959188,d570c16468e8cfa9e9f7657896c0ef249506b2188eee91cde876b9af72ce4025,frames/window-0094-forward-00002.png,NATIVE_LOADING_AND_MIPS_READY,UNREVIEWED
window-0094-forward-00003,324,reviewed-VIAL_TR70190001272-0-interval-8-0,forward,49.38879997318115,49.38879997318115,"[118320.06822423427,56528.00618223846,64898.3991970799]","[118769.2515727584,56312.19961696285,65159.16493996049]","[117601.3748665957,56873.296686679445,64873.17400847096]","[118320.06822423427,56528.00618223846,64938.3991970799]",76.0,1280,720,1018271,6a8ba465cbec68a380d3c3b14514db90e8b8b63b284a01932f07dc91ef06289c,frames/window-0094-forward-00003.png,NATIVE_LOADING_AND_MIPS_READY,UNREVIEWED
window-0095-forward-00000,325,reviewed-VIAL_TR70190001272-0-interval-9-0,forward,0.0,0.0,"[118320.06822423427,56528.00618223846,64898.3991970799]","[118765.88329158297,56305.46303016339,65159.91390759765]","[117606.76411647638,56884.07522555857,64871.975660251504]","[118320.06822423427,56528.00618223846,64938.3991970799]",76.0,1280,720,1022043,fae2ad273346bf854f5f99e6e2ef59fae59396412820e5ba8272a46a86012e7c,frames/window-0095-forward-00000.png,NATIVE_LOADING_AND_MIPS_READY,UNREVIEWED
window-0095-forward-00001,326,reviewed-VIAL_TR70190001272-0-interval-9-0,forward,9.772599728842348,9.772599728842348,"[117691.7618415493,57238.5975250043,64806.900735798066]","[117883.14213708743,56779.537697292406,65078.25886135643]","[117385.5533686883,57973.09324934332,64764.727734904714]","[117691.7618415493,57238.5975250043,64846.900735798066]",76.0,1280,720,1038823,bd61a0866a71175820f5f6f1e311a48c27e175fbf760fc2d060eecce33673118,frames/window-0095-forward-00001.png,NATIVE_LOADING_AND_MIPS_READY,UNREVIEWED
window-0096-forward-00000,327,reviewed-VIAL_TR70190001272-1-interval-0-0,forward,0.0,0.0,"[111662.32597186463,49195.322416350245,58258.45387900065]","[111293.02453580726,49530.0773065097,58517.89513709797]","[112253.20826955642,48659.714592095115,58235.34786604493]","[111662.32597186463,49195.322416350245,58298.45387900065]",76.0,1280,720,783423,fe22a8fbc137d100a581015091fb18f427b7ba4523bad6c08a752e46b1992e98,frames/window-0096-forward-00000.png,NATIVE_LOADING_AND_MIPS_READY,UNREVIEWED
window-0096-forward-00001,328,reviewed-VIAL_TR70190001272-1-interval-0-0,forward,16.676918534223,16.676918534223,"[112910.84031045754,48096.42991781891,58137.23662757297]","[112534.92267630897,48424.21934016453,58392.45064373794]","[113512.30852509526,47571.966842065915,58120.89420170905]","[112910.84031045754,48096.42991781891,58177.23662757297]",76.0,1280,720,750887,77ae8e91ed5ee6e5fe4822b98646be73c6d5334f51709ea45f94b7e1d3017ab9,frames/window-0096-forward-00001.png,NATIVE_LOADING_AND_MIPS_READY,UNREVIEWED
window-0096-forward-00002,329,reviewed-VIAL_TR70190001272-1-interval-0-0,forward,33.353837068446,33.353837068446,"[114164.52083868725,47003.25636448978,58017.03979421553]","[113788.57494121992,47331.070430661006,58271.71860904196]","[114766.034274635,46478.753858615826,58001.55369049327]","[114164.52083868725,47003.25636448978,58057.03979421553]",76.0,1280,720,704962,1533379b90ed23d951d65d22a1d80021a01487ba64d0c810bb7a75a4f6b3afe9,frames/window-0096-forward-00002.png,NATIVE_LOADING_AND_MIPS_READY,UNREVIEWED
window-0096-forward-00003,330,reviewed-VIAL_TR70190001272-1-interval-0-0,forward,50.030755602669,50.030755602669,"[115404.82544452818,45894.55940792816,57907.75393835445]","[115061.37887678172,46256.19475430963,58163.31137570186]","[115954.33995292256,45315.9428537178,57890.86203859859]","[115404.82544452818,45894.55940792816,57947.75393835445]",76.0,1280,720,638869,4fe2cc28c9a7067df783054720391d30751f7e562cdc7bddc69ffd6f3d4b8fe5,frames/window-0096-forward-00003.png,NATIVE_LOADING_AND_MIPS_READY,UNREVIEWED
window-0096-forward-00004,331,reviewed-VIAL_TR70190001272-1-interval-0-0,forward,66.707674136892,66.707674136892,"[116066.32400429112,44424.74671747185,57774.668963838485]","[116079.83920740394,44922.14352948458,58043.798900581816]","[116044.69967931061,43628.911818251494,57736.06106504915]","[116066.32400429112,44424.74671747185,57814.668963838485]",76.0,1280,720,880853,06e4c09f022df79d5668612e4fa2194b3619e8eba9aa8ec7069752f4ec1fd55d,frames/window-0096-forward-00004.png,NATIVE_LOADING_AND_MIPS_READY,UNREVIEWED
window-0096-forward-00005,332,reviewed-VIAL_TR70190001272-1-interval-0-0,forward,83.38459267111499,83.38459267111499,"[115525.18161373163,42873.677872693916,57592.18736629868]","[115738.37606286643,43322.893534287476,57864.66037114087]","[115184.07049511596,42154.93281414421,57548.230558551186]","[115525.18161373163,42873.677872693916,57632.18736629868]",76.0,1280,720,1041128,e53c963eae4d514e686c25d306da1a38fe3daae106bc887d9a6c2456e956ca82,frames/window-0096-forward-00005.png,NATIVE_LOADING_AND_MIPS_READY,UNREVIEWED
window-0096-forward-00006,333,reviewed-VIAL_TR70190001272-1-interval-0-0,forward,100.061511205338,100.061511205338,"[114814.01137522189,41375.192287098616,57419.09544089089]","[115027.33498783436,41824.68010532354,57688.630656337686]","[114472.69359504191,40656.01177793873,57379.83909617601]","[114814.01137522189,41375.192287098616,57459.09544089088]",76.0,1280,720,1024487,19ef9db646da58fb55eed7ba7f50e6f4f536f1d0bf653a598e58ddc199a9c78e,frames/window-0096-forward-00006.png,NATIVE_LOADING_AND_MIPS_READY,UNREVIEWED
window-0097-forward-00000,334,reviewed-VIAL_TR70190001272-1-interval-0-1,forward,0.0,0.0,"[114814.01137522189,41375.192287098616,57419.09544089089]","[115027.34391740753,41824.6989201945,57688.421024997035]","[114472.67930772487,40655.9816741452,57380.17450632104]","[114814.01137522189,41375.192287098616,57459.09544089088]",76.0,1280,720,1023560,8f7e44da8bb11fbd2aff6b5927a8150a19f129f8247d1af4b181a107135ef237,frames/window-0097-forward-00000.png,NATIVE_LOADING_AND_MIPS_READY,UNREVIEWED
window-0097-forward-00001,335,reviewed-VIAL_TR70190001272-1-interval-0-1,forward,16.697069213749966,16.697069213749966,"[114101.07356602959,39872.98230606033,57267.56833453997]","[114314.6505081499,40323.003906964885,57530.75917284894]","[113759.35045863707,39152.94774461304,57238.46299324561]","[114101.07356602959,39872.98230606033,57307.56833453996]",76.0,1280,720,1026984,5155d05f19dc49d8964e94f3acb3ee25d009401147ec41a0836b20cc9ea96343,frames/window-0097-forward-00001.png,NATIVE_LOADING_AND_MIPS_READY,UNREVIEWED
window-0097-forward-00002,336,reviewed-VIAL_TR70190001272-1-interval-0-1,forward,33.39413842749993,33.39413842749993,"[113409.6978395001,38359.54238596942,57138.364040052555]","[113567.74432582452,38832.774557781944,57391.11491366092]","[113156.82346138103,37602.37091106939,57125.962642279184]","[113409.6978395001,38359.54238596942,57178.364040052555]",76.0,1280,720,948371,79cd1f98baa88841662a084e2e703ee74c476d05c4dc92cf0e38a7257aecd094,frames/window-0097-forward-00002.png,NATIVE_LOADING_AND_MIPS_READY,UNREVIEWED
window-0097-forward-00003,337,reviewed-VIAL_TR70190001272-1-interval-0-1,forward,50.091207641249895,50.091207641249895,"[112935.44737649261,36761.855948530574,57037.25223726837]","[113076.63973068912,37240.83635390069,57282.59963137377]","[112709.53960977819,35995.487299938395,57036.69640669973]","[112935.44737649261,36761.855948530574,57077.25223726836]",76.0,1280,720,918271,b4cec105e163acf1a1de51d0a0f9c6b9c8521abccde95ebc48c183c3ea259a12,frames/window-0097-forward-00003.png,NATIVE_LOADING_AND_MIPS_READY,UNREVIEWED
window-0097-forward-00004,338,reviewed-VIAL_TR70190001272-1-interval-0-1,forward,66.78827685499986,66.78827685499986,"[112463.44913427201,35162.31135292246,56956.05943875232]","[112607.33718540716,35640.53775996408,57200.4670676537]","[112233.22825245575,34397.14910165586,56957.00723251013]","[112463.44913427201,35162.31135292246,56996.05943875232]",76.0,1280,720,874957,4be9a5391dabfc11fca7ca3ff331d5da1771bc6b0e5ebd493f2c1ca71104e177,frames/window-0097-forward-00004.png,NATIVE_LOADING_AND_MIPS_READY,UNREVIEWED
window-0097-forward-00005,339,reviewed-VIAL_TR70190001272-1-interval-0-1,forward,83.48534606874982,83.48534606874982,"[111883.68934261837,33599.994294796656,56865.8684632314]","[112068.74527739707,34063.57943007866,57114.905049613946]","[111587.59984697241,32858.25807834546,56859.40992501934]","[111883.68934261837,33599.994294796656,56905.868463231396]",76.0,1280,720,846625,b0a74243f4f8f6271f2c37ccd6f2226702eb06f1c1b445244b8cf41fd4a40809,frames/window-0097-forward-00005.png,NATIVE_LOADING_AND_MIPS_READY,UNREVIEWED
window-0097-forward-00006,340,reviewed-VIAL_TR70190001272-1-interval-0-1,forward,100.18241528249979,100.18241528249979,"[111156.93779245485,32102.366438880563,56775.30964890683]","[111402.74151305796,32536.912007210172,57022.70818869941]","[110763.65183948987,31407.093529553178,56771.47198523869]","[111156.93779245485,32102.366438880563,56815.30964890683]",76.0,1280,720,832284,bf29cde43680ea5b190daa1036b6325ab92812d41a2f9479a77b00af287c5174,frames/window-0097-forward-00006.png,NATIVE_LOADING_AND_MIPS_READY,UNREVIEWED
window-0098-forward-00000,341,reviewed-VIAL_TR70190001272-1-interval-0-2,forward,0.0,0.0,"[111156.93779245485,32102.366438880563,56775.30964890683]","[111402.84666945577,32536.864009575605,57022.52518256416]","[110763.48358925339,31407.170325768493,56771.764795055096]","[111156.93779245485,32102.366438880563,56815.30964890683]",76.0,1280,720,833868,ed9ddc59c3b22050abb2dc66138809b512542981834e0dba5a23c62ae14cf723,frames/window-0098-forward-00000.png,NATIVE_LOADING_AND_MIPS_READY,UNREVIEWED
window-0098-forward-00001,342,reviewed-VIAL_TR70190001272-1-interval-0-2,forward,16.673661879536297,16.673661879536297,"[110176.7601458224,30761.63145361054,56699.243150643975]","[110501.64414414858,31141.21982949389,56938.29708792315]","[109656.94574850051,30154.290052197182,56708.756850997306]","[110176.7601458224,30761.63145361054,56739.243150643975]",76.0,1280,720,841847,1976070975c500c235694ea387e29c2bf0b013fd7c935a7904a49ca07910f33e,frames/window-0098-forward-00001.png,NATIVE_LOADING_AND_MIPS_READY,UNREVIEWED
window-0098-forward-00002,343,reviewed-VIAL_TR70190001272-1-interval-0-2,forward,33.347323759072594,33.347323759072594,"[108988.08757467898,29600.88198794298,56634.506632822]","[109377.3793397007,29913.984445891452,56874.97056482185]","[108365.22075064422,29099.91805522542,56641.76434162224]","[108988.08757467898,29600.88198794298,56674.506632822]",76.0,1280,720,858392,545f7f5e23107807c5a43c9d1bb6ac80a79f400c9269654e4b677d70828546e1,frames/window-0098-forward-00002.png,NATIVE_LOADING_AND_MIPS_READY,UNREVIEWED
window-0098-forward-00003,344,reviewed-VIAL_TR70190001272-1-interval-0-2,forward,50.02098563860889,50.02098563860889,"[107689.45732597992,28557.338080285263,56566.35104945516]","[108082.468059903,28865.448611523545,56811.05861026778]","[107060.640151703,28064.361230304014,56566.81895215499]","[107689.45732597992,28557.338080285263,56606.35104945516]",76.0,1280,720,830410,5a839da69fbc8f4c37ddef3cc8a65362d90cdfa192589be786c6e467aaf4cdcf,frames/window-0098-forward-00003.png,NATIVE_LOADING_AND_MIPS_READY,UNREVIEWED
window-0098-forward-00004,345,reviewed-VIAL_TR70190001272-1-interval-0-2,forward,66.69464751814519,66.69464751814519,"[106311.40188036536,27624.563764168954,56471.58762232838]","[106729.84598842061,27896.715166925453,56720.53831163844]","[105641.89130747698,27189.121519758562,56465.26651943228]","[106311.40188036536,27624.563764168954,56511.58762232838]",76.0,1280,720,819067,b9b1ea3bc8dfbc7a10f6b4142ec02f51973f115bcd2d7d9953a2ca561ae52251,frames/window-0098-forward-00004.png,NATIVE_LOADING_AND_MIPS_READY,UNREVIEWED
window-0098-forward-00005,346,reviewed-VIAL_TR70190001272-1-interval-0-2,forward,83.36830939768149,83.36830939768149,"[104833.9323537733,26869.948007931434,56370.13194711494]","[105297.35790141021,27055.048593726904,56621.34948922847]","[104092.45147755425,26573.787070658687,56360.183879733304]","[104833.9323537733,26869.948007931434,56410.13194711494]",76.0,1280,720,853539,b2316b836350cc0d804b0d89593ec966b7b61898ada51e43b5aad99c883228e8,frames/window-0098-forward-00005.png,NATIVE_LOADING_AND_MIPS_READY,UNREVIEWED
window-0098-forward-00006,347,reviewed-VIAL_TR70190001272-1-interval-0-2,forward,100.04197127721778,100.04197127721778,"[103288.59194559045,26252.710962016135,56265.0963733082]","[103751.83852427293,26437.74006533431,56519.255387700716]","[102547.39741969852,25956.664396707056,56250.441950280176]","[103288.59194559045,26252.710962016135,56305.096373308195]",76.0,1280,720,828329,67a749f1fd1901ea4c82064d475c2cd1e4dcf8ee6c681ef6b8945cb5c81e5fdf,frames/window-0098-forward-00006.png,NATIVE_LOADING_AND_MIPS_READY,UNREVIEWED
window-0099-forward-00000,348,reviewed-VIAL_TR70190001272-1-interval-0-3,forward,0.0,0.0,"[103288.59194559045,26252.710962016135,56265.0963733082]","[103751.83047179118,26437.736848074353,56519.38178320431]","[102547.41030366928,25956.669544322984,56250.23971747441]","[103288.59194559045,26252.710962016135,56305.096373308195]",76.0,1280,720,828099,b08d4c3b379663047f2a3f250a39277e1e57cf90e6b53b4a25fb9020933aa04a,frames/window-0099-forward-00000.png,NATIVE_LOADING_AND_MIPS_READY,UNREVIEWED
window-0099-forward-00001,349,reviewed-VIAL_TR70190001272-1-interval-0-3,forward,16.700003308655848,16.700003308655848,"[101741.47618444823,25634.76480786696,56149.050472951014]","[102204.82252436882,25819.833759472498,56401.60277600038]","[101000.12204057528,25338.654485298095,56136.96678807203]","[101741.47618444823,25634.76480786696,56189.05047295101]",76.0,1280,720,851842,b9c0b8f03eadeb9df9164a1ba90e8372c97604dc5a5d646c2a554a559ec17214,frames/window-0099-forward-00001.png,NATIVE_LOADING_AND_MIPS_READY,UNREVIEWED
window-0099-forward-00002,350,reviewed-VIAL_TR70190001272-1-interval-0-3,forward,33.400006617311696,33.400006617311696,"[100193.58833655334,25016.510268261627,56045.63361145596]","[100657.09288126415,25201.642407923428,56295.46024211845]","[99451.98106501607,24720.298844802746,56037.91100239598]","[100193.58833655334,25016.510268261627,56085.63361145595]",76.0,1280,720,811311,3d9b2ffcc463bc6d84198a360367b67a4add4aa72272b883b36e91d7726ab3c1,frames/window-0099-forward-00002.png,NATIVE_LOADING_AND_MIPS_READY,UNREVIEWED
window-0099-forward-00003,351,reviewed-VIAL_TR70190001272-1-interval-0-3,forward,50.10000992596755,50.10000992596755,"[98646.03842062596,24398.39070467698,55936.58228134235]","[99109.2886444044,24583.421263889544,56190.68392832174]","[97904.83806258046,24102.341809936872,55922.01964617533]","[98646.03842062596,24398.39070467698,55976.58228134235]",76.0,1280,720,802152,59c9f34332c6da4924c5e71b5fc4ff88f76e770696607d06a413438237b53576,frames/window-0099-forward-00003.png,NATIVE_LOADING_AND_MIPS_READY,UNREVIEWED
window-0099-forward-00004,352,reviewed-VIAL_TR70190001272-1-interval-0-3,forward,66.80001323462339,66.80001323462339,"[97098.81238809366,23780.400506160204,55822.35528752276]","[97562.2524201254,23965.506879191817,56073.32248587037]","[96357.30833684289,23484.230309309616,55812.80777016658]","[97098.81238809366,23780.400506160204,55862.355287522754]",76.0,1280,720,778476,f9bfb7b1846a1ef792e7c8c335b3446093d3665c05e6ddf4c0a6e95d672ad643,frames/window-0099-forward-00004.png,NATIVE_LOADING_AND_MIPS_READY,UNREVIEWED
window-0099-forward-00005,353,reviewed-VIAL_TR70190001272-1-interval-0-3,forward,83.50001654327923,83.50001654327923,"[95548.651918285,23169.048995832974,55712.88700180527]","[96016.75297114352,23341.71031382885,55965.589808728735]","[94799.69023371139,22892.790887039573,55700.56251072773]","[95548.651918285,23169.048995832974,55752.88700180527]",76.0,1280,720,773606,3808ebe3471e947843f2dffabe6871c25ccfee55dd4ea8cd9fa05da495ec7033,frames/window-0099-forward-00005.png,NATIVE_LOADING_AND_MIPS_READY,UNREVIEWED
window-0099-forward-00006,354,reviewed-VIAL_TR70190001272-1-interval-0-3,forward,100.20001985193508,100.20001985193508,"[93975.77225758578,22615.51504312083,55621.057733015594]","[94446.92688588033,22780.53332505404,55869.02705307229]","[93221.92485231449,22351.485792027695,55616.30682092489]","[93975.77225758578,22615.51504312083,55661.057733015594]",76.0,1280,720,748113,353a57a5174943fa53e6ed3f12006bc8fbf046b54b39182cf110401f5bc2f2ea,frames/window-0099-forward-00006.png,NATIVE_LOADING_AND_MIPS_READY,UNREVIEWED
window-0100-forward-00000,355,reviewed-VIAL_TR70190001272-1-interval-0-4,forward,0.0,0.0,"[93975.77225758578,22615.51504312083,55621.057733015594]","[94446.92309390691,22780.531997874466,55869.09866876554]","[93221.93091947195,22351.487915515016,55616.192235815695]","[93975.77225758578,22615.51504312083,55661.057733015594]",76.0,1280,720,747613,b332b738cdd5c77440c7979fed703ef6a9ad23bf8a571761da6ca80b68d1617d,frames/window-0100-forward-00000.png,NATIVE_LOADING_AND_MIPS_READY,UNREVIEWED
window-0100-forward-00001,356,reviewed-VIAL_TR70190001272-1-interval-0-4,forward,14.929570744425169,14.929570744425169,"[92568.65286074879,22122.682303892096,55543.33845616141]","[93039.85903693219,22287.71864100664,55790.31524170789]","[91814.72297885532,21858.62416450883,55540.175599287046]","[92568.65286074879,22122.682303892096,55583.3384561614]",76.0,1280,720,706686,526b62b409a5a3cf9983329abef6acd3067297efd20373447f7171f6459b581e,frames/window-0100-forward-00001.png,NATIVE_LOADING_AND_MIPS_READY,UNREVIEWED
window-0100-forward-00002,357,reviewed-VIAL_TR70190001272-1-interval-0-4,forward,29.859141488850337,29.859141488850337,"[91143.82065696227,21708.958894604835,55471.37264317872]","[91642.9806018408,21699.498309364753,55718.75597306721]","[90345.16474515662,21724.09583098897,55467.55931535714]","[91143.82065696227,21708.958894604835,55511.37264317872]",76.0,1280,720,750469,1a63646482eef1c3678c085de46102472b34c33c20908f523ca13f3cee08a32e,frames/window-0100-forward-00002.png,NATIVE_LOADING_AND_MIPS_READY,UNREVIEWED
window-0100-forward-00003,358,reviewed-VIAL_TR70190001272-1-interval-0-4,forward,44.788712233275504,44.788712233275504,"[90029.30882942164,22494.751889724284,55360.129416097676]","[90076.7026714493,21999.281363068603,55627.698113298684]","[89953.4786821774,23287.504732373374,55324.01950057606]","[90029.30882942164,22494.751889724284,55400.129416097676]",76.0,1280,720,1351311,5127db54415829f37ea6744e72e4d3ac557a45009664f82e3927d8d4790085e5,frames/window-0100-forward-00003.png,NATIVE_LOADING_AND_MIPS_READY,UNREVIEWED
window-0101-forward-00000,359,reviewed-VIAL_TR70190001272-1-interval-10-0,forward,0.0,0.0,"[95708.09268410085,39272.126615419984,52948.28200237572]","[96201.06277642079,39346.63346954878,53206.08698572311]","[94919.34053638893,39152.915648813905,52927.79402901991]","[95708.09268410085,39272.126615419984,52988.282002375716]",76.0,1280,720,724672,751b6f4c10194f704806a15cb92afea70bcb3aff82af69e7f979fb8e28b530a3,frames/window-0101-forward-00000.png,NATIVE_LOADING_AND_MIPS_READY,UNREVIEWED
window-0101-forward-00001,360,reviewed-VIAL_TR70190001272-1-interval-10-0,forward,16.812409367848723,16.812409367848723,"[94592.34742061004,38252.737379500584,52747.669350606804]","[94572.0629152702,38748.28019804965,53031.11896705612]","[94624.80262915378,37459.86886982207,52686.14996428789]","[94592.34742061004,38252.737379500584,52787.669350606804]",76.0,1280,720,945357,5d4871acbae384cf44efc89018b90ff6b3c83060cbabde9feb52e70dcebbc9e4,frames/window-0101-forward-00001.png,NATIVE_LOADING_AND_MIPS_READY,UNREVIEWED
window-0101-forward-00002,361,reviewed-VIAL_TR70190001272-1-interval-10-0,forward,33.624818735697446,33.624818735697446,"[95675.24538019206,37151.684168260545,52586.801602517065]","[95186.2415144332,37248.65624769779,52845.16349874889]","[96457.65156540625,36996.52884116095,52565.422568546135]","[95675.24538019206,37151.684168260545,52626.80160251706]",76.0,1280,720,913250,90a3fcc576fa1c7182bc67c868feccbf5d66a9d1c3ac3e01674ef8c35176f18d,frames/window-0101-forward-00002.png,NATIVE_LOADING_AND_MIPS_READY,UNREVIEWED
window-0102-forward-00000,362,reviewed-VIAL_TR70190001272-1-interval-12-0,forward,0.0,0.0,"[96894.50262092287,37331.35452121496,52491.31100761337]","[96407.7751621067,37223.388665214276,52749.255108240424]","[97673.26655502873,37504.09989081606,52470.60044661008]","[96894.50262092287,37331.35452121496,52531.31100761336]",76.0,1280,720,880795,20a133651434c3754576b46f5503086f5cbbd0e7d9f5ec570a1c581af6c2c679,frames/window-0102-forward-00000.png,NATIVE_LOADING_AND_MIPS_READY,UNREVIEWED
window-0102-forward-00001,363,reviewed-VIAL_TR70190001272-1-interval-12-0,forward,10.683879591561666,10.683879591561666,"[97949.59105126178,37450.70119323683,52412.25624837562]","[97450.97495198509,37444.527978613834,52668.915175846254]","[98747.37681010453,37460.57833663361,52393.60196442259]","[97949.59105126178,37450.70119323683,52452.25624837561]",76.0,1280,720,828603,f89bdb49689dfd6739574df14bc02814c81221443c2d2520cdb4af5d565890b7,frames/window-0102-forward-00001.png,NATIVE_LOADING_AND_MIPS_READY,UNREVIEWED
window-0102-forward-00002,364,reviewed-VIAL_TR70190001272-1-interval-12-0,forward,21.367759183123333,21.367759183123333,"[98966.27199735958,37237.53838595003,52324.67676733204]","[98544.22248681342,37501.649945231155,52590.71256755146]","[99641.55121423343,36814.959891100225,52291.019486980964]","[98966.27199735958,37237.53838595003,52364.676767332036]",76.0,1280,720,753083,6b5d1747ecb7570f20332803711d2ac4d092c2898cc95d6ac4fcbe590713a03f,frames/window-0102-forward-00002.png,NATIVE_LOADING_AND_MIPS_READY,UNREVIEWED
window-0103-forward-00000,365,reviewed-VIAL_TR70190001272-1-interval-14-0,forward,0.0,0.0,"[99971.6211549472,35509.977394901216,52205.18737581298]","[99947.68455214771,36009.2011833607,52439.4228274242]","[100009.9197194264,34711.21933336603,52222.41065323502]","[99971.6211549472,35509.977394901216,52245.18737581297]",76.0,1280,720,755418,8fc6c81652ac7c89d6d22d246fcd61f8855b4c140c89866d8b1c044c3825896d,frames/window-0103-forward-00000.png,NATIVE_LOADING_AND_MIPS_READY,UNREVIEWED
window-0103-forward-00001,366,reviewed-VIAL_TR70190001272-1-interval-14-0,forward,17.273510200685553,17.273510200685553,"[99850.34623571405,33795.0351439484,52160.891684051785]","[100004.1720877383,34270.43063959389,52399.241887565346]","[99604.22487247527,33034.4023509156,52171.53135843009]","[99850.34623571405,33795.0351439484,52200.891684051785]",76.0,1280,720,791203,f099c522ef0cbdf425e786a1c2b94d6d298c62eed2265e494220c0e7c4f75bd8,frames/window-0103-forward-00001.png,NATIVE_LOADING_AND_MIPS_READY,UNREVIEWED
window-0103-forward-00002,367,reviewed-VIAL_TR70190001272-1-interval-14-0,forward,34.54702040137111,34.54702040137111,"[99073.91555600925,32263.95898850137,52079.35750055001]","[99388.60314549578,32651.248078181776,52330.644591141514]","[98570.4154128308,31644.29644501272,52069.298155603596]","[99073.91555600925,32263.95898850137,52119.35750055001]",76.0,1280,720,794175,fc5c66f6c747ce862545816eda59716e91c4610b91350d047d8ea2c4aa7d4588,frames/window-0103-forward-00002.png,NATIVE_LOADING_AND_MIPS_READY,UNREVIEWED
window-0103-forward-00003,368,reviewed-VIAL_TR70190001272-1-interval-14-0,forward,51.820530602056664,51.820530602056664,"[97733.8512202589,31206.627851839305,51943.806285409664]","[98197.12150963972,31388.2419979473,52212.76484860839]","[96992.61875724961,30916.045218066512,51905.4725842917]","[97733.8512202589,31206.627851839305,51983.806285409664]",76.0,1280,720,758470,5becd4c451f1eb4ff5fd7da4fc054e451ff9b7f5b018cb87ab4bef77d16f1fe4,frames/window-0103-forward-00003.png,NATIVE_LOADING_AND_MIPS_READY,UNREVIEWED
window-0103-forward-00004,369,reviewed-VIAL_TR70190001272-1-interval-14-0,forward,69.09404080274221,69.09404080274221,"[96061.71122828382,31295.900154858828,51757.58792812541]","[96501.36956056162,31064.25875530732,52032.749625638426]","[95358.25789663933,31666.526394141238,51709.32921210457]","[96061.71122828382,31295.900154858828,51797.5879281254]",76.0,1280,720,1045511,b0678b907bb58204fa4c02cd912c2a3cc6acc9dcaca50b2375009d03b17324c0,frames/window-0103-forward-00004.png,NATIVE_LOADING_AND_MIPS_READY,UNREVIEWED
window-0104-forward-00000,370,reviewed-VIAL_TR70190001272-1-interval-16-0,forward,0.0,0.0,"[80759.01319182594,40021.032250951976,49989.05942925836]","[80907.34967259006,39545.885302808085,50256.299943058104]","[80521.67482260337,40781.267367982204,49953.474607178774]","[80759.01319182594,40021.032250951976,50029.059429258356]",76.0,1280,720,1149558,3927e60eb5497a648030701e9dfa548ba5859481b1750233ad7e0c26e6cb7df4,frames/window-0104-forward-00000.png,NATIVE_LOADING_AND_MIPS_READY,UNREVIEWED
window-0104-forward-00001,371,reviewed-VIAL_TR70190001272-1-interval-16-0,forward,16.714287331004304,16.714287331004304,"[80263.66124330933,41610.22091532779,49838.16584040011]","[80411.85767211168,41134.74874618943,50102.483273370526]","[80026.54695722557,42370.97638594917,49807.257947647435]","[80263.66124330933,41610.22091532779,49878.16584040011]",76.0,1280,720,1187624,ff9eadcb771d43aa03a9de52cdf00ec81d68089fd1d282e38edc269b40a4438b,frames/window-0104-forward-00001.png,NATIVE_LOADING_AND_MIPS_READY,UNREVIEWED
window-0104-forward-00002,372,reviewed-VIAL_TR70190001272-1-interval-16-0,forward,33.42857466200861,33.42857466200861,"[79768.2309351711,43199.755326591905,49691.22176362173]","[79916.38834013925,42724.40836230669,49956.98907617044]","[79531.17908722206,43960.31046944825,49657.994063543796]","[79768.2309351711,43199.755326591905,49731.221763621725]",76.0,1280,720,1135019,794ce5aa92c2c85294be9bb58062a07211697b2db0fc9ec718be96966ecc2692,frames/window-0104-forward-00002.png,NATIVE_LOADING_AND_MIPS_READY,UNREVIEWED
window-0104-forward-00003,373,reviewed-VIAL_TR70190001272-1-interval-16-0,forward,50.14286199301292,50.14286199301292,"[79272.99456467475,44788.66751008023,49537.12409453232]","[79421.25630229276,44312.9858046899,49798.90174783443]","[79035.77578448594,45549.758238704766,49510.27984924894]","[79272.99456467475,44788.66751008023,49577.12409453232]",76.0,1280,720,1102602,6b0739be4b23c996c1a5a9deb601dab7a98f5fc87abf2d4c46fb6f255b13f041,frames/window-0104-forward-00003.png,NATIVE_LOADING_AND_MIPS_READY,UNREVIEWED
window-0104-forward-00004,374,reviewed-VIAL_TR70190001272-1-interval-16-0,forward,66.85714932401721,66.85714932401721,"[78704.43806896894,46352.701014472404,49398.64364595155]","[78906.59814244822,45897.14068061861,49658.59470238169]","[78380.9819514021,47081.59754863847,49374.72195566332]","[78704.43806896894,46352.701014472404,49438.643645951546]",76.0,1280,720,1045813,8ff1dc0c832bd84aef0de1394d79cfd5f9fdb7a9f2b43432822a8016d4fcafa1,frames/window-0104-forward-00004.png,NATIVE_LOADING_AND_MIPS_READY,UNREVIEWED
window-0104-forward-00005,375,reviewed-VIAL_TR70190001272-1-interval-16-0,forward,83.57143665502151,83.57143665502151,"[77827.06071999884,47766.50342118032,49283.12884551851]","[78111.82718897104,47356.56177218392,49532.38465805568]","[77371.43436964332,48422.41005957457,49276.319545459046]","[77827.06071999884,47766.50342118032,49323.12884551851]",76.0,1280,720,1061582,9f675b51ae7e57062a0b45306b71f5bcc9d72c9fc52d5def8c5712d1cf0b79bc,frames/window-0104-forward-00005.png,NATIVE_LOADING_AND_MIPS_READY,UNREVIEWED
window-0104-forward-00006,376,reviewed-VIAL_TR70190001272-1-interval-16-0,forward,100.28572398602583,100.28572398602583,"[76866.93629656802,49130.16649018973,49174.58577042158]","[77172.99134915341,48736.03781477399,49426.095959281665]","[76377.24821243141,49760.77237085492,49164.169468245454]","[76866.93629656802,49130.16649018973,49214.58577042158]",76.0,1280,720,976944,f9d40d8212f3279ffafac1001aef62b3d4d1c06af9a4e443c69fec59af510381,frames/window-0104-forward-00006.png,NATIVE_LOADING_AND_MIPS_READY,UNREVIEWED
window-0105-forward-00000,377,reviewed-VIAL_TR70190001272-1-interval-16-1,forward,0.0,0.0,"[76866.93629656802,49130.16649018973,49174.58577042158]","[77178.19995367777,48740.137153494354,49426.08263184645]","[76368.9144451924,49754.21342890234,49164.190792141795]","[76866.93629656802,49130.16649018973,49214.58577042158]",76.0,1280,720,984919,6ff983c5938ab8557ef8f512f1dfaa55c591d610db90201754e0ec2af6a3909c,frames/window-0105-forward-00000.png,NATIVE_LOADING_AND_MIPS_READY,UNREVIEWED
window-0105-forward-00001,378,reviewed-VIAL_TR70190001272-1-interval-16-1,forward,14.720061794469924,14.720061794469924,"[75842.81911244613,50181.0901071403,49078.8137421295]","[76230.05073326263,49866.60951073392,49332.77881718776]","[75223.24851913971,50684.25906139049,49064.46962203628]","[75842.81911244613,50181.0901071403,49118.813742129496]",76.0,1280,720,897416,bf1061bb62aadd47a98710a7f3f5a52e0e7843c7e314a2c2c53caba104447977,frames/window-0105-forward-00001.png,NATIVE_LOADING_AND_MIPS_READY,UNREVIEWED
window-0105-forward-00002,379,reviewed-VIAL_TR70190001272-1-interval-16-1,forward,29.440123588939848,29.440123588939848,"[74539.56977239577,50824.01951653883,48975.36453008968]","[75024.77563105986,50707.730904193035,49227.802676718624]","[73763.2403985332,51010.0812962921,48963.46349548337]","[74539.56977239577,50824.01951653883,49015.36453008968]",76.0,1280,720,914250,6911eee2f7286ef253edff73421dd4239387c5c5e7ad9c7e2caeac9a7adc90da,frames/window-0105-forward-00002.png,NATIVE_LOADING_AND_MIPS_READY,UNREVIEWED
window-0106-forward-00000,380,reviewed-VIAL_TR70190001272-1-interval-18-0,forward,0.0,0.0,"[71912.39042279776,50915.28295101598,48796.84489292609]","[72410.97828904746,50937.470843111216,49047.140718924646]","[71114.64983679823,50879.7823236636,48788.371571328404]","[71912.39042279776,50915.28295101598,48836.84489292609]",76.0,1280,720,830905,b694b40602a9b2a667271d8feab25e31a9a453bc0ef4eacf4260849748ba7e91,frames/window-0106-forward-00000.png,NATIVE_LOADING_AND_MIPS_READY,UNREVIEWED
window-0106-forward-00001,381,reviewed-VIAL_TR70190001272-1-interval-18-0,forward,18.032500677208002,18.032500677208002,"[70115.7689100457,50843.130416504064,48661.9166833058]","[70614.18536212567,50843.448841182166,48921.677705698814]","[69318.30258671775,50842.6209370191,48638.29904747697]","[70115.7689100457,50843.130416504064,48701.9166833058]",76.0,1280,720,990908,3db6e0914d0656802bf3777c35cce06c1cb419c9db6c0e60954164ff62211698,frames/window-0106-forward-00001.png,NATIVE_LOADING_AND_MIPS_READY,UNREVIEWED
window-0106-forward-00002,382,reviewed-VIAL_TR70190001272-1-interval-18-0,forward,36.065001354416005,36.065001354416005,"[68346.25271370169,51142.253889422864,48518.46337894147]","[68834.9247163588,51043.517349591384,48776.55234743887]","[67564.3775094503,51300.23235315323,48497.52102934564]","[68346.25271370169,51142.253889422864,48558.463378941466]",76.0,1280,720,1038057,413c3535293df3274832841fec3aacb8f99f3703795ac935f07d65c195ec51f4,frames/window-0106-forward-00002.png,NATIVE_LOADING_AND_MIPS_READY,UNREVIEWED
window-0107-forward-00000,383,reviewed-VIAL_TR70190001272-1-interval-2-0,forward,0.0,0.0,"[95404.51627362054,25665.94513077289,54935.813964196335]","[94946.05438704326,25467.744695290847,55178.820179242095]","[96138.05529214418,25983.065827544156,54939.004020123124]","[95404.51627362054,25665.94513077289,54975.813964196335]",76.0,1280,720,1071580,7a56de9ded287a55e386bd12cd126ff5f432aba293b02f1744a406bfdf229e89,frames/window-0107-forward-00000.png,NATIVE_LOADING_AND_MIPS_READY,UNREVIEWED
window-0107-forward-00001,384,reviewed-VIAL_TR70190001272-1-interval-2-0,forward,13.685252765603112,13.685252765603112,"[96659.16844160808,26208.351407598337,54868.729934207535]","[96200.85133557497,26010.213564025646,55114.93728550051]","[97392.47581126107,26525.371957314645,54866.79817213877]","[96659.16844160808,26208.351407598337,54908.72993420753]",76.0,1280,720,1075743,ef7710c8686fb8dbfc15c65a6e095af1f43667c8247e017be9223ddcca2d02dc,frames/window-0107-forward-00001.png,NATIVE_LOADING_AND_MIPS_READY,UNREVIEWED
window-0107-forward-00002,385,reviewed-VIAL_TR70190001272-1-interval-2-0,forward,27.370505531206224,27.370505531206224,"[97913.11627570051,26750.45318948168,54787.58586668338]","[97454.90778105527,26552.36230035581,55035.957949445685]","[98646.24986713288,27067.398612083078,54782.19053426368]","[97913.11627570051,26750.45318948168,54827.585866683374]",76.0,1280,720,1037844,44e99c621402a28ce3a2a5238f45e0201b73929362fe8332f5d46bb146d31161,frames/window-0107-forward-00002.png,NATIVE_LOADING_AND_MIPS_READY,UNREVIEWED
window-0107-forward-00003,386,reviewed-VIAL_TR70190001272-1-interval-2-0,forward,41.05575829680934,41.05575829680934,"[99167.60682952008,27292.789597809315,54717.034981483695]","[98709.3212517534,27094.665384412412,54963.888757324705]","[99900.86375394677,27609.78833924436,54714.06894013809]","[99167.60682952008,27292.789597809315,54757.034981483695]",76.0,1280,720,1008589,0e4b3702eeb19f1d012f2411817f29f3ed03b2f6635f500b0f1119781aeb0ead,frames/window-0107-forward-00003.png,NATIVE_LOADING_AND_MIPS_READY,UNREVIEWED
window-0108-forward-00000,387,reviewed-VIAL_TR70190001272-1-interval-20-0,forward,0.0,0.0,"[63102.619538182626,52201.738168206066,48104.55874464872]","[63591.181077886846,52102.64527836581,48363.13621352562]","[62320.92107465587,52360.28679195048,48082.83479444566]","[63102.619538182626,52201.738168206066,48144.55874464871]",76.0,1280,720,1011763,3e5e474014673cca47e32e7c84845685c00acfffbcb41edcee6a5c6231b02522,frames/window-0108-forward-00000.png,NATIVE_LOADING_AND_MIPS_READY,UNREVIEWED
window-0108-forward-00001,388,reviewed-VIAL_TR70190001272-1-interval-20-0,forward,16.702665252925026,16.702665252925026,"[61497.00532494469,52636.40804463638,47965.678598135724]","[61973.25754645192,52490.54368736876,48229.35251241333]","[60735.00177053312,52869.791016264586,47935.80033529154]","[61497.00532494469,52636.40804463638,48005.678598135724]",76.0,1280,720,963505,e54fa6f31d89c5a6b721e16ebd401a79e3d3d94064ec27ccde906a6f38008dc3,frames/window-0108-forward-00001.png,NATIVE_LOADING_AND_MIPS_READY,UNREVIEWED
window-0108-forward-00002,389,reviewed-VIAL_TR70190001272-1-interval-20-0,forward,33.40533050585005,33.40533050585005,"[59905.38999188427,53123.88072768109,47828.178540043555]","[60382.020926387224,52977.90037903218,48087.07185673405]","[59142.78049667955,53357.44928551935,47805.94923333877]","[59905.38999188427,53123.88072768109,47868.178540043555]",76.0,1280,720,949834,fa7147951ac76c0132452f251ce295c8909b26060875daeb7d0241ed6c005781,frames/window-0108-forward-00002.png,NATIVE_LOADING_AND_MIPS_READY,UNREVIEWED
window-0108-forward-00003,390,reviewed-VIAL_TR70190001272-1-interval-20-0,forward,50.10799575877508,50.10799575877508,"[58375.025139227895,53767.089753434106,47683.73119204894]","[58820.95354796237,53545.15237210868,47947.22433005896]","[57661.53968525275,54122.189563554784,47654.14217123289]","[58375.025139227895,53767.089753434106,47723.73119204893]",76.0,1280,720,922939,e198cdf681d9c4ad47ed3827600d501a8665bd3b73f1f72b679649f526e1d19d,frames/window-0108-forward-00003.png,NATIVE_LOADING_AND_MIPS_READY,UNREVIEWED
window-0108-forward-00004,391,reviewed-VIAL_TR70190001272-1-interval-20-0,forward,66.8106610117001,66.8106610117001,"[56884.226409642586,54509.05631086039,47554.31807437753]","[57330.76698725215,54286.81425471629,47809.102855948804]","[56169.76148546728,54864.64360069093,47538.6624238635]","[56884.226409642586,54509.05631086039,47594.31807437753]",76.0,1280,720,843294,6a4dd091e14970df42961eec80f890997170a08c1def4036f273943943e178a0,frames/window-0108-forward-00004.png,NATIVE_LOADING_AND_MIPS_READY,UNREVIEWED
window-0108-forward-00005,392,reviewed-VIAL_TR70190001272-1-interval-20-0,forward,83.51332626462514,83.51332626462514,"[55388.43573887765,55244.280518178595,47447.80769949231]","[55848.558060715266,55051.184322398054,47699.45115255674]","[54652.240023937455,55553.23443142745,47437.17817458922]","[55388.43573887765,55244.280518178595,47487.80769949231]",76.0,1280,720,758605,54c623e1f4fdb9ffa2f1f2991b845f43a88a196813178a87656f406097f26f9a,frames/window-0108-forward-00005.png,NATIVE_LOADING_AND_MIPS_READY,UNREVIEWED
window-0108-forward-00006,393,reviewed-VIAL_TR70190001272-1-interval-20-0,forward,100.21599151755017,100.21599151755017,"[53767.13594359462,55615.8310954459,47334.0356157205]","[54257.318339400204,55523.3080968509,47588.10486245835]","[52982.84411030569,55763.8678931979,47319.524820939936]","[53767.13594359462,55615.8310954459,47374.035615720495]",76.0,1280,720,717164,26291b90390c78970411e6dcf8ba88807ff96bb981e6eeeb46423bb2921d558d,frames/window-0108-forward-00006.png,NATIVE_LOADING_AND_MIPS_READY,UNREVIEWED
window-0109-forward-00000,394,reviewed-VIAL_TR70190001272-1-interval-20-1,forward,0.0,0.0,"[53767.13594359462,55615.8310954459,47334.0356157205]","[54257.31800655366,55523.30815969834,47588.10982171092]","[52982.84464286016,55763.867792642,47319.51688613583]","[53767.13594359462,55615.8310954459,47374.035615720495]",76.0,1280,720,717037,894c082bb9758615a5cba892834da4dfa9724aefa88f55c1aaed31bf2337ae69,frames/window-0109-forward-00000.png,NATIVE_LOADING_AND_MIPS_READY,UNREVIEWED
window-0109-forward-00001,395,reviewed-VIAL_TR70190001272-1-interval-20-1,forward,12.016845924254863,12.016845924254863,"[52588.80227501278,55838.244150094906,47255.93301921535]","[53079.17863918908,55745.684540486545,47506.977183342926]","[51804.2000923307,55986.33952546829,47246.26235661123]","[52588.80227501278,55838.244150094906,47295.93301921534]",76.0,1280,720,681831,49617b3b03c67ad8a455b2da83d65f89278cd7008530dd48702d12b7e8ce6941,frames/window-0109-forward-00001.png,NATIVE_LOADING_AND_MIPS_READY,UNREVIEWED
window-0109-forward-00002,396,reviewed-VIAL_TR70190001272-1-interval-20-1,forward,24.033691848509726,24.033691848509726,"[51406.43179289182,56030.51025411114,47171.7542234806]","[51904.214465090765,56002.02247704522,47429.18225864574]","[50609.97951737351,56076.09069741662,47151.86936721639]","[51406.43179289182,56030.51025411114,47211.7542234806]",76.0,1280,720,670095,5553a7ab865ec0691507abf5d948baed02c3ec01c15db256eae30b338d14fdce,frames/window-0109-forward-00002.png,NATIVE_LOADING_AND_MIPS_READY,UNREVIEWED
window-0110-forward-00000,397,reviewed-VIAL_TR70190001272-1-interval-22-0,forward,0.0,0.0,"[51158.85260803625,56028.56250507757,47153.74047127297]","[51656.33526379022,56064.982549111235,47408.158309911705]","[50362.8803588299,55970.29043462373,47138.671929451]","[51158.85260803625,56028.56250507757,47193.74047127297]",76.0,1280,720,693794,917a103382ddeed7f01b4dcc361c65e0ec009019fb7b8ebc7406b6a6a35e308a,frames/window-0110-forward-00000.png,NATIVE_LOADING_AND_MIPS_READY,UNREVIEWED
window-0110-forward-00001,398,reviewed-VIAL_TR70190001272-1-interval-22-0,forward,8.555908365569922,8.555908365569922,"[50560.253211756935,55564.062430430204,47089.83721941545]","[50632.41344275341,56057.16318032098,47350.390289825555]","[50444.79684216257,54775.10123060496,47064.952306759275]","[50560.253211756935,55564.062430430204,47129.83721941544]",76.0,1280,720,926220,9a6506791dd1562fd2d9c51101dcbbabd2e9c1df3bcab97845b21537e35d3d1a,frames/window-0110-forward-00001.png,NATIVE_LOADING_AND_MIPS_READY,UNREVIEWED
window-0111-forward-00000,399,reviewed-VIAL_TR70190001272-1-interval-23-0,forward,0.0,0.0,"[50560.253211756935,55564.062430430204,47089.83721941545]","[50604.8452776811,56060.36608605836,47350.99823333324]","[50488.90590627827,54769.976581425144,47063.97959714698]","[50560.253211756935,55564.062430430204,47129.83721941544]",76.0,1280,720,953136,0c86e9d9f020c476d3fbf6c1372e3ce9951d42c126f42394f431f65e21802867,frames/window-0111-forward-00000.png,NATIVE_LOADING_AND_MIPS_READY,UNREVIEWED
window-0111-forward-00001,400,reviewed-VIAL_TR70190001272-1-interval-23-0,forward,19.50209938337895,19.50209938337895,"[51958.933117118046,54508.09985074092,46916.43373562385]","[51475.68829889309,54628.827417962224,47180.01469673711]","[52732.12482627797,54314.93574318682,46886.70419784262]","[51958.933117118046,54508.09985074092,46956.43373562385]",76.0,1280,720,1203343,84a65e6b58b1afda20e81c10de8a52f7068487197b038ed6a1c7a8baef3874a5,frames/window-0111-forward-00001.png,NATIVE_LOADING_AND_MIPS_READY,UNREVIEWED
window-0111-forward-00002,401,reviewed-VIAL_TR70190001272-1-interval-23-0,forward,39.0041987667579,39.0041987667579,"[53845.882591762085,54036.68879487493,46774.28276030927]","[53361.55844563392,54157.686082312386,47022.38574787299]","[54620.80122556714,53843.093134974995,46769.31798020731]","[53845.882591762085,54036.68879487493,46814.28276030927]",76.0,1280,720,1164617,66989c0e4964237dcd738ece1d1f2b7b22727713cce333d966d0f7afb607e71d,frames/window-0111-forward-00002.png,NATIVE_LOADING_AND_MIPS_READY,UNREVIEWED
window-0111-forward-00003,402,reviewed-VIAL_TR70190001272-1-interval-23-0,forward,58.50629815013686,58.50629815013686,"[55733.07094898773,53563.15422588959,46642.432015829334]","[55251.21874518162,53691.17091918166,46900.24973556173]","[56504.03447507751,53358.32751662229,46621.92366425748]","[55733.07094898773,53563.15422588959,46682.43201582933]",76.0,1280,720,1023742,d3569dedb3464bc3d82ba5ed9c18ee5630078b776af703a20bf4d5c24b0df60c,frames/window-0111-forward-00003.png,NATIVE_LOADING_AND_MIPS_READY,UNREVIEWED
window-0112-forward-00000,403,reviewed-VIAL_TR70190001272-1-interval-24-0,forward,0.0,0.0,"[55733.07094898773,53563.15422588959,46642.432015829334]","[55251.86685740787,53693.54132015558,46900.403424753276]","[56502.99749551553,53354.53487506402,46621.677761551015]","[55733.07094898773,53563.15422588959,46682.43201582933]",76.0,1280,720,1025396,0b4ea840e6ab9c48011ef74fe575f0e84449f5fc52a5fc9427cdefdfe495af2a,frames/window-0112-forward-00000.png,NATIVE_LOADING_AND_MIPS_READY,UNREVIEWED
window-0112-forward-00001,404,reviewed-VIAL_TR70190001272-1-interval-24-0,forward,17.766589862030518,17.766589862030518,"[57364.86009754567,52879.776746856,46516.356754917586]","[56912.43746055451,53090.5078449409,46766.459277036185]","[58088.73631673153,52542.60698992016,46508.19271952782]","[57364.86009754567,52879.776746856,46556.356754917586]",76.0,1280,720,1049479,53cfd805cfd9e025804a5e90a3322d4307c0396f331ebcf8f34a09222ea85437,frames/window-0112-forward-00001.png,NATIVE_LOADING_AND_MIPS_READY,UNREVIEWED
window-0112-forward-00002,405,reviewed-VIAL_TR70190001272-1-interval-24-0,forward,35.533179724061036,35.533179724061036,"[58972.43407088867,52130.994966778686,46408.89952744225]","[58520.05450440308,52341.70600329629,46659.7797300969]","[59696.2413772656,51793.857308350525,46399.49120319479]","[58972.43407088867,52130.994966778686,46448.89952744225]",76.0,1280,720,986673,e6df2a4f5584fa18d4cc6fe14a5ebc89a2ba282cfcc50e6484495152129938a1,frames/window-0112-forward-00002.png,NATIVE_LOADING_AND_MIPS_READY,UNREVIEWED
window-0112-forward-00003,406,reviewed-VIAL_TR70190001272-1-interval-24-0,forward,53.29976958609155,53.29976958609155,"[59654.38921522582,50894.989153929055,46302.399243347245]","[60040.24704987054,51210.2608926535,46563.84151892369]","[59037.01667979427,50390.554371969934,46276.09160242492]","[59654.38921522582,50894.989153929055,46342.399243347245]",76.0,1280,720,908967,2a461540148a13d27f74e8fd19b70e3b5aa0aca6ae3597d8b7e0ac7b6096e6d1,frames/window-0112-forward-00003.png,NATIVE_LOADING_AND_MIPS_READY,UNREVIEWED
window-0113-forward-00000,407,reviewed-VIAL_TR70190001272-1-interval-26-0,forward,0.0,0.0,"[52428.7317757844,52540.89767578989,45675.614099759165]","[52925.172318891615,52492.60935033876,45930.47130539223]","[51634.42690681287,52618.1589965117,45659.84257074625]","[52428.7317757844,52540.89767578989,45715.614099759165]",76.0,1280,720,878358,ae0e335190564b3bdfbd309a46259cb452c45c5d39171b0a204bc2173c3f8fc8,frames/window-0113-forward-00000.png,NATIVE_LOADING_AND_MIPS_READY,UNREVIEWED
window-0113-forward-00001,408,reviewed-VIAL_TR70190001272-1-interval-26-0,forward,19.783638163058356,19.783638163058356,"[50463.987724463164,52729.10597537454,45540.47034859114]","[50960.35894565265,52681.59028710411,45797.31963817775]","[49669.793770559976,52805.13107660724,45521.51148525255]","[50463.987724463164,52729.10597537454,45580.47034859114]",76.0,1280,720,900592,aa1b1f68e1d53ef0a369c0c922ebe59edc12518ed12ce7029154aac7bf6763c5,frames/window-0113-forward-00001.png,NATIVE_LOADING_AND_MIPS_READY,UNREVIEWED
window-0113-forward-00002,409,reviewed-VIAL_TR70190001272-1-interval-26-0,forward,39.56727632611671,39.56727632611671,"[48510.436580266105,52979.681797046214,45388.55848660513]","[48988.08534536486,52837.09967493631,45647.571249315224]","[47746.1985561081,53207.81319242205,45366.13806626897]","[48510.436580266105,52979.681797046214,45428.55848660512]",76.0,1280,720,980726,c470c98baaec3f1d8f47189be51a53b6c4f0672bec56ae0de8ad2f6914278651,frames/window-0113-forward-00002.png,NATIVE_LOADING_AND_MIPS_READY,UNREVIEWED
window-0114-forward-00000,410,reviewed-VIAL_TR70190001272-1-interval-28-0,forward,0.0,0.0,"[48320.626786130015,53041.74636537209,45373.359034048175]","[48792.605972061894,52880.811987299516,45629.90727616013]","[47565.46008863901,53299.241370288226,45354.881846669035]","[48320.626786130015,53041.74636537209,45413.35903404817]",76.0,1280,720,981060,565e83116a912590c3104f34e10c88c2b470bb3bd64e8430378314ede3f1f9e6,frames/window-0114-forward-00000.png,NATIVE_LOADING_AND_MIPS_READY,UNREVIEWED
window-0114-forward-00001,411,reviewed-VIAL_TR70190001272-1-interval-28-0,forward,14.031842996536234,14.031842996536234,"[46995.78210635227,53493.94841790199,45277.368461667465]","[47467.80707816319,53332.82862855142,45532.48027544184]","[46240.5421514548,53751.74008086291,45261.18955962846]","[46995.78210635227,53493.94841790199,45317.368461667465]",76.0,1280,720,979645,eb89ebfb0d6cd7bc05a0e8d6d429415bd7fcce0e4778e2171845c627fcb0b297,frames/window-0114-forward-00001.png,NATIVE_LOADING_AND_MIPS_READY,UNREVIEWED
window-0115-forward-00000,412,reviewed-VIAL_TR70190001272-1-interval-30-0,forward,0.0,0.0,"[45718.256601836765,53930.01568671316,45187.583669965155]","[46190.439980685325,53768.84182713177,45440.230932129074]","[44962.76319567908,54187.893862043384,45175.34805050287]","[45718.256601836765,53930.01568671316,45227.58366996515]",76.0,1280,720,986758,06bb62468066809d6d88a3f45e606f71d6982d1f02b49a7090c29901949b334d,frames/window-0115-forward-00000.png,NATIVE_LOADING_AND_MIPS_READY,UNREVIEWED
window-0115-forward-00001,413,reviewed-VIAL_TR70190001272-1-interval-30-0,forward,16.77417093945208,16.77417093945208,"[44173.97239685833,54567.99676195694,45083.687483284164]","[44614.64356623531,54333.6803534759,45333.766399429456]","[43468.89852585516,54942.9030155266,45075.56121745169]","[44173.97239685833,54567.99676195694,45123.687483284164]",76.0,1280,720,976822,0025b81d489b3f34c4fbd8311d1e317687ee64270e634f4b89d2def10a27365f,frames/window-0115-forward-00001.png,NATIVE_LOADING_AND_MIPS_READY,UNREVIEWED
window-0115-forward-00002,414,reviewed-VIAL_TR70190001272-1-interval-30-0,forward,33.54834187890416,33.54834187890416,"[42696.00749458186,55353.157973475754,44970.41871123672]","[43137.81295198973,55121.41464615209,45223.62967396876]","[41989.11876272929,55723.94729719363,44957.28117086545]","[42696.00749458186,55353.157973475754,45010.41871123672]",76.0,1280,720,933667,e9e95a863a098bde53d33e3e476b4676e8d1d027c03a6c7bec9ea60adcc73904,frames/window-0115-forward-00002.png,NATIVE_LOADING_AND_MIPS_READY,UNREVIEWED
window-0116-forward-00000,415,reviewed-VIAL_TR70190001272-1-interval-32-0,forward,0.0,0.0,"[43901.19192212005,50223.008746281266,44146.28600911732]","[44370.91110817478,50053.94030799274,44394.21000286397]","[43149.64122443249,50493.518247542896,44141.607619122675]","[43901.19192212005,50223.008746281266,44186.28600911731]",76.0,1280,720,1166742,00a51b7ba505f5f5d593779e0195fa1a3d152c676798cb0dc55dfcb95a35e061,frames/window-0116-forward-00000.png,NATIVE_LOADING_AND_MIPS_READY,UNREVIEWED
window-0116-forward-00001,416,reviewed-VIAL_TR70190001272-1-interval-32-0,forward,15.522912888496212,15.522912888496212,"[42442.89589053369,50747.90072347969,44059.86467281724]","[42912.596045998675,50578.83913589895,44308.147946334444]","[41691.37564178972,51018.39926360887,44054.61143518971]","[42442.89589053369,50747.90072347969,44099.86467281724]",76.0,1280,720,1117544,5b26c3abff130ff1696c02408f3442c3d1a3f769535785a055cff5f726fab502,frames/window-0116-forward-00001.png,NATIVE_LOADING_AND_MIPS_READY,UNREVIEWED
window-0117-forward-00000,417,reviewed-VIAL_TR70190001272-1-interval-34-0,forward,0.0,0.0,"[39041.63046134054,55560.6348243542,43769.23002152807]","[39329.599189101915,55152.717896669354,44015.264459099344]","[38580.880496922335,56213.301908649955,43767.57492141403]","[39041.63046134054,55560.6348243542,43809.23002152806]",76.0,1280,720,1103292,15f1bbb78c6321a5bf3bd4a86e06dd963313d5aa912674e0ca70e8dbf96d3923,frames/window-0117-forward-00000.png,NATIVE_LOADING_AND_MIPS_READY,UNREVIEWED
window-0117-forward-00001,418,reviewed-VIAL_TR70190001272-1-interval-34-0,forward,11.255390692987982,11.255390692987982,"[38305.65942010914,56406.29241622207,43707.941318363744]","[38666.87025588564,56061.924340193604,43958.55765926366]","[37727.72208286675,56957.28133786762,43698.955172923874]","[38305.65942010914,56406.29241622207,43747.94131836374]",76.0,1280,720,1151930,273689dcfc32f2f641b2a8efd5782a4ba173d47e7326978b69d105c497bbaa63,frames/window-0117-forward-00001.png,NATIVE_LOADING_AND_MIPS_READY,UNREVIEWED
window-0117-forward-00002,419,reviewed-VIAL_TR70190001272-1-interval-34-0,forward,22.510781385975964,22.510781385975964,"[37491.04344351217,57179.75988779217,43637.33243413655]","[37853.000126832856,56836.13914679438,43887.53418500668]","[36911.91275019907,57729.553073388626,43629.00963274433]","[37491.04344351217,57179.75988779217,43677.33243413655]",76.0,1280,720,1152183,c9ff7a81ce5a77afc38596ade95ef739cd11a53fb0b108493b103b19ac98c3a5,frames/window-0117-forward-00002.png,NATIVE_LOADING_AND_MIPS_READY,UNREVIEWED
window-0118-forward-00000,420,reviewed-VIAL_TR70190001272-1-interval-36-0,forward,0.0,0.0,"[36657.0828597527,57971.473834104836,43566.85312456531]","[37018.98813483642,57627.901897822914,43818.20430422523]","[36078.03441961874,58521.18893215591,43556.691237109415]","[36657.0828597527,57971.473834104836,43606.85312456531]",76.0,1280,720,1135171,587d69d062ec18ac648688a432ff73cbee95af9de559aa6a1829d69cf22e8acf,frames/window-0118-forward-00000.png,NATIVE_LOADING_AND_MIPS_READY,UNREVIEWED
window-0118-forward-00001,421,reviewed-VIAL_TR70190001272-1-interval-36-0,forward,14.355511431076382,14.355511431076382,"[35618.069328946374,58957.85318888522,43475.71339979716]","[35979.92240506838,58614.3308064042,43728.18991493661]","[35039.10440715117,59507.48900085487,43463.75097557405]","[35618.069328946374,58957.85318888522,43515.71339979716]",76.0,1280,720,1121069,a82708becd14d768ea83f15c5a398fbddf0410d45948e69a0e7424c6508cbe4e,frames/window-0118-forward-00001.png,NATIVE_LOADING_AND_MIPS_READY,UNREVIEWED
window-0118-forward-00002,422,reviewed-VIAL_TR70190001272-1-interval-36-0,forward,28.711022862152763,28.711022862152763,"[34578.4159131936,59943.754653002245,43386.766965490446]","[34944.11460270474,59604.01450585887,43635.76870524576]","[33993.29800997578,60487.338888431645,43380.364181881945]","[34578.4159131936,59943.754653002245,43426.766965490446]",76.0,1280,720,1109811,3ff0e6a632eff02711e3cff4617fbc9ed33892606bd4bd5faf243259b799a705,frames/window-0118-forward-00002.png,NATIVE_LOADING_AND_MIPS_READY,UNREVIEWED
window-0118-forward-00003,423,reviewed-VIAL_TR70190001272-1-interval-36-0,forward,43.06653429322915,43.06653429322915,"[33474.685898580356,60858.23257388547,43314.801845910886]","[33864.88759350201,60546.377043822125,43556.909890808165]","[32850.36318670571,61357.20142198683,43319.42897407523]","[33474.685898580356,60858.23257388547,43354.801845910886]",76.0,1280,720,1120025,4d76768889cf907306013f70c5389b6ba0827d5ac05f31132378ae4ddde32cde,frames/window-0118-forward-00003.png,NATIVE_LOADING_AND_MIPS_READY,UNREVIEWED
window-0119-forward-00000,424,reviewed-VIAL_TR70190001272-1-interval-38-0,forward,0.0,0.0,"[30710.76750725624,62423.86264177039,43154.38847183486]","[31165.872691855788,62218.4467244215,43400.53367885876]","[29982.599211896966,62752.528109528634,43152.55614059662]","[30710.76750725624,62423.86264177039,43194.38847183486]",76.0,1280,720,1176940,48c77b3e514c718139d5b8272799a4c77617649fe0d9b7a0e9f28ac036b80130,frames/window-0119-forward-00000.png,NATIVE_LOADING_AND_MIPS_READY,UNREVIEWED
window-0119-forward-00001,425,reviewed-VIAL_TR70190001272-1-interval-38-0,forward,16.721393444218986,16.721393444218986,"[29189.075246305794,63110.692461598184,43060.86019982901]","[29644.027706241337,62905.34547888926,43310.02997684119]","[28461.151310408928,63439.24763393245,43054.188556609515]","[29189.075246305794,63110.692461598184,43100.86019982901]",76.0,1280,720,1173560,f69ef1c30d73423b9fc7f86dbde0aee1dfb0f60be8d3d3349f2b0beba4ac2ffa,frames/window-0119-forward-00001.png,NATIVE_LOADING_AND_MIPS_READY,UNREVIEWED
window-0119-forward-00002,426,reviewed-VIAL_TR70190001272-1-interval-38-0,forward,33.44278688843797,33.44278688843797,"[27667.554226450415,63797.44498998971,42963.968700926765]","[28122.50056211171,63592.1007715546,43213.25322966868]","[26939.640089392346,64125.99573948588,42957.11345493971]","[27667.554226450415,63797.44498998971,43003.968700926765]",76.0,1280,720,1176547,69e717e4b1905992948198b85750b51102ea84e778c6c9fb06cc2c82b71f95c7,frames/window-0119-forward-00002.png,NATIVE_LOADING_AND_MIPS_READY,UNREVIEWED
window-0119-forward-00003,427,reviewed-VIAL_TR70190001272-1-interval-38-0,forward,50.16418033265696,50.16418033265696,"[26145.494063913487,64484.44086552711,42877.94572359502]","[26600.68378101608,64278.98679275022,43122.25509264177]","[25417.19051654934,64813.16738197013,42879.05073312022]","[26145.494063913487,64484.44086552711,42917.94572359502]",76.0,1280,720,1203450,1549d4dcfa7558411000863625bd77e1f836565c735ed3c41e59ca5cb68fe2b2,frames/window-0119-forward-00003.png,NATIVE_LOADING_AND_MIPS_READY,UNREVIEWED
window-0119-forward-00004,428,reviewed-VIAL_TR70190001272-1-interval-38-0,forward,66.88557377687594,66.88557377687594,"[24622.906625940275,65171.67473171164,42803.9542512464]","[25078.205069265994,64966.171586213204,43045.67485656555]","[23894.429116619132,65500.47976450913,42809.20128273577]","[24622.906625940275,65171.67473171164,42843.9542512464]",76.0,1280,720,1198952,df82addbad907102105958aca095205fb02afcefb65206528fa4bf047147f72f,frames/window-0119-forward-00004.png,NATIVE_LOADING_AND_MIPS_READY,UNREVIEWED
window-0119-forward-00005,429,reviewed-VIAL_TR70190001272-1-interval-38-0,forward,83.60696722109493,83.60696722109493,"[23100.670889933826,65858.74985400587,42721.78376038576]","[23555.8043876135,65653.32115640974,42967.32880870877]","[22372.45729364635,66187.43577015967,42720.911683068945]","[23100.670889933826,65858.74985400587,42761.78376038576]",76.0,1280,720,1165859,e06e562070f3d0f8b7702492942ed22c19b93506ea51279de333b21fb7d87f2e,frames/window-0119-forward-00005.png,NATIVE_LOADING_AND_MIPS_READY,UNREVIEWED
window-0120-forward-00000,430,reviewed-VIAL_TR70190001272-1-interval-4-0,forward,0.0,0.0,"[99810.08570491686,27570.543531142175,54685.21312267565]","[99351.42587808278,27372.25752290862,54922.928149837186]","[100543.94142785139,27887.801144315865,54696.86907921718]","[99810.08570491686,27570.543531142175,54725.21312267565]",76.0,1280,720,993680,848e818dbd34616f829521f61ce6c4c83b7bf91264bba6aaf0c4b1417feb6b8d,frames/window-0120-forward-00000.png,NATIVE_LOADING_AND_MIPS_READY,UNREVIEWED
window-0120-forward-00001,431,reviewed-VIAL_TR70190001272-1-interval-4-0,forward,16.672492029891,16.672492029891,"[101325.69787916788,28259.95130199498,54618.112406289176]","[100894.59019490561,28007.91876952832,54863.12774455311]","[102015.47017398753,28663.20335394164,54618.08786506689]","[101325.69787916788,28259.95130199498,54658.11240628917]",76.0,1280,720,1009781,ac591327de51e821b5cdc30b20d75a7cdc171c6bfa03221de07844abc402039f,frames/window-0120-forward-00001.png,NATIVE_LOADING_AND_MIPS_READY,UNREVIEWED
window-0120-forward-00002,432,reviewed-VIAL_TR70190001272-1-interval-4-0,forward,33.344984059782,33.344984059782,"[102704.80144094116,29192.34792586967,54537.84063865145]","[102317.03274011143,28877.424376649764,54779.25541867757]","[103325.2313622687,29696.22560462152,54543.57699060967]","[102704.80144094116,29192.34792586967,54577.84063865145]",76.0,1280,720,1044317,9eef1dbd291af3605e7097a150eca97ea69d98cef23b243eae4bcee46ad333f2,frames/window-0120-forward-00002.png,NATIVE_LOADING_AND_MIPS_READY,UNREVIEWED
window-0120-forward-00003,433,reviewed-VIAL_TR70190001272-1-interval-4-0,forward,50.017476089673,50.017476089673,"[103873.99215429617,30377.645382344213,54467.53983027288]","[103533.84567494347,30011.91359270684,54710.791295444345]","[104418.22652126045,30962.816245764014,54470.33748599854]","[103873.99215429617,30377.645382344213,54507.53983027288]",76.0,1280,720,1028445,f9a668428b7b1e0a708fe5932abec5a9fcf83bb4f9fbc0b6754cceebf0abfebd,frames/window-0120-forward-00003.png,NATIVE_LOADING_AND_MIPS_READY,UNREVIEWED
window-0120-forward-00004,434,reviewed-VIAL_TR70190001272-1-interval-4-0,forward,66.689968119564,66.689968119564,"[104810.22449950347,31750.021803398722,54374.290387835375]","[104572.97177404264,31311.08841200414,54626.67282412831]","[105189.8288602408,32452.315229630047,54362.478489766705]","[104810.22449950347,31750.021803398722,54414.290387835375]",76.0,1280,720,1060834,f369435e88397240ece389d449b849bd5788f4c5dff3656f676e1945b4188778,frames/window-0120-forward-00004.png,NATIVE_LOADING_AND_MIPS_READY,UNREVIEWED
window-0120-forward-00005,435,reviewed-VIAL_TR70190001272-1-interval-4-0,forward,83.36246014945499,83.36246014945499,"[105511.14828026616,33257.86136985115,54256.18964915318]","[105305.01748341194,32803.614512485736,54510.39326244029]","[105840.9575552329,33984.65634163582,54241.46386789381]","[105511.14828026616,33257.86136985115,54296.18964915318]",76.0,1280,720,1048049,d9cf18c92ed1c5dd1577f1b8b70860064045d7f09b8ad142e079920e514d00c9,frames/window-0120-forward-00005.png,NATIVE_LOADING_AND_MIPS_READY,UNREVIEWED
window-0120-forward-00006,436,reviewed-VIAL_TR70190001272-1-interval-4-0,forward,100.03495217934599,100.03495217934599,"[106075.48718184698,34818.971877451986,54148.19745665534]","[105945.66438019254,34337.251697875734,54401.23847297762]","[106283.2036644941,35589.724164773994,54135.331830539704]","[106075.48718184698,34818.971877451986,54188.19745665534]",76.0,1280,720,1040759,7c930899e57b747477e0438f530788d059f197b51c5f82d3da865a28e4e11e0c,frames/window-0120-forward-00006.png,NATIVE_LOADING_AND_MIPS_READY,UNREVIEWED
window-0121-forward-00000,437,reviewed-VIAL_TR70190001272-1-interval-4-1,forward,0.0,0.0,"[106075.48718184698,34818.971877451986,54148.19745665534]","[105945.6598878316,34337.235027669776,54400.97673807759]","[106283.21085227157,35589.75083710352,54135.75060637975]","[106075.48718184698,34818.971877451986,54188.19745665534]",76.0,1280,720,1041837,02e0bf9a726d527da018b00a680e51c12c14a4842c8b86848949ff9b8e1c914f,frames/window-0121-forward-00000.png,NATIVE_LOADING_AND_MIPS_READY,UNREVIEWED
window-0121-forward-00001,438,reviewed-VIAL_TR70190001272-1-interval-4-1,forward,16.181519780803757,16.181519780803757,"[106495.83038499363,36378.69636919639,54053.70006618891]","[106365.88678206231,35896.5279444732,54298.76538599906]","[106703.74014968377,37150.16584875349,54053.59555449268]","[106495.83038499363,36378.69636919639,54093.70006618891]",76.0,1280,720,1045670,c32d50ba7e1fbef05143586d4c9f9362644521a4066352461988c84ffd63e69d,frames/window-0121-forward-00001.png,NATIVE_LOADING_AND_MIPS_READY,UNREVIEWED
window-0121-forward-00002,439,reviewed-VIAL_TR70190001272-1-interval-4-1,forward,32.363039561607515,32.363039561607515,"[106914.58092087515,37939.83418488877,53977.275533913155]","[106792.0131238333,37455.486149028155,54216.87439322363]","[107110.6893961421,38714.79104226575,53985.91735901639]","[106914.58092087515,37939.83418488877,54017.275533913155]",76.0,1280,720,1003713,8bab6457c05c0b62c30658ed56b5b614bf4499f9bef8ff87c84305f65577f21d,frames/window-0121-forward-00002.png,NATIVE_LOADING_AND_MIPS_READY,UNREVIEWED
window-0121-forward-00003,440,reviewed-VIAL_TR70190001272-1-interval-4-1,forward,48.544559342411276,48.544559342411276,"[107147.3444131494,39537.62312605977,53901.39158108676]","[107091.56315060059,39041.31383660948,54145.17266503606]","[107236.59443322751,40331.717989180244,53903.341846767886]","[107147.3444131494,39537.62312605977,53941.39158108676]",76.0,1280,720,922695,e6ea94165274ee9a005b14512581204e115ead9471eefa7bb73098ebcb422fae,frames/window-0121-forward-00003.png,NATIVE_LOADING_AND_MIPS_READY,UNREVIEWED
window-0122-forward-00000,441,reviewed-VIAL_TR70190001272-1-interval-40-0,forward,0.0,0.0,"[19591.82394662057,67442.50024519861,42585.20320186428]","[20047.404706666417,67236.8696725437,42817.940496147785]","[18862.894730547217,67771.50916144645,42604.82353101066]","[19591.82394662057,67442.50024519861,42625.20320186428]",76.0,1280,720,1106363,129376aec9c8b363b67c009b21897a536397d6f8d35bcac60c143da98011a1d9,frames/window-0122-forward-00000.png,NATIVE_LOADING_AND_MIPS_READY,UNREVIEWED
window-0122-forward-00001,442,reviewed-VIAL_TR70190001272-1-interval-40-0,forward,19.507784169168843,19.507784169168843,"[17814.53091173509,68244.69782886918,42528.29993544486]","[18270.043765058468,68039.09790651272,42763.68539560108]","[17085.710346417694,68573.65770463951,42543.6831991949]","[17814.53091173509,68244.69782886918,42568.29993544486]",76.0,1280,720,1005841,9a58fed31c5cff66303044c0699c65c4abb93cf1746a4924030a94ac45e01c6a,frames/window-0122-forward-00001.png,NATIVE_LOADING_AND_MIPS_READY,UNREVIEWED
window-0122-forward-00002,443,reviewed-VIAL_TR70190001272-1-interval-40-0,forward,39.01556833833769,39.01556833833769,"[16037.407562480075,69046.81882336736,42465.29949735098]","[16492.912261879006,68841.22258045514,42700.97284178891]","[15308.600043441787,69375.7728120269,42480.22214625028]","[16037.407562480075,69046.81882336736,42505.29949735097]",76.0,1280,720,871843,b2be9561629e77f3b95eb4684c75e9350ceb6f79157912f7003bb1adcd3c0f9c,frames/window-0122-forward-00002.png,NATIVE_LOADING_AND_MIPS_READY,UNREVIEWED
window-0123-forward-00000,444,reviewed-VIAL_TR70190001272-1-interval-42-0,forward,0.0,0.0,"[15496.516212297138,67816.4229888469,42196.69288848717]","[15015.808775197402,67951.63640219413,42441.94546791967]","[16265.648111656716,67600.08152749135,42196.28876139516]","[15496.516212297138,67816.4229888469,42236.69288848717]",76.0,1280,720,1109229,83646d45f467273ded8779fff5e00984d6b8fdca82580e7dcc8647ca45f15976,frames/window-0123-forward-00000.png,NATIVE_LOADING_AND_MIPS_READY,UNREVIEWED
window-0123-forward-00001,445,reviewed-VIAL_TR70190001272-1-interval-42-0,forward,15.343275550239015,15.343275550239015,"[16921.116893582774,67260.37687020903,42124.28576578253]","[16468.553577766408,67471.77668549257,42366.569465551234]","[17645.21819888896,66922.13716575537,42128.631846152595]","[16921.116893582774,67260.37687020903,42164.28576578253]",76.0,1280,720,1134692,7ae81578ceb7e588d2d5620819c8396cc1f73d14ded5b86154d75da27dbbb532,frames/window-0123-forward-00001.png,NATIVE_LOADING_AND_MIPS_READY,UNREVIEWED
window-0123-forward-00002,446,reviewed-VIAL_TR70190001272-1-interval-42-0,forward,30.68655110047803,30.68655110047803,"[18280.071783984422,66552.17080077004,42053.24368630665]","[17840.491379340536,66789.29733615574,42296.4831800422]","[18983.400431414644,66172.7683441529,42056.06049632976]","[18280.071783984422,66552.17080077004,42093.24368630665]",76.0,1280,720,1150815,50d6d6b09b4e70b7af0e8fe137fb5730c5dcf5395ca957b753cf2385a6c08823,frames/window-0123-forward-00002.png,NATIVE_LOADING_AND_MIPS_READY,UNREVIEWED
window-0123-forward-00003,447,reviewed-VIAL_TR70190001272-1-interval-42-0,forward,46.02982665071705,46.02982665071705,"[19629.095387016423,65824.45571422577,41984.51987463201]","[19189.435731959522,66061.62500035619,42225.73584577716]","[20332.550835107464,65444.984856417104,41990.574320799766]","[19629.095387016423,65824.45571422577,42024.51987463201]",76.0,1280,720,1129585,b3deb4d34a5ab01062385c36485c157e0af54b2f85806d37e610c0213c29f4cb,frames/window-0123-forward-00003.png,NATIVE_LOADING_AND_MIPS_READY,UNREVIEWED
window-0124-forward-00000,448,reviewed-VIAL_TR70190001272-1-interval-44-0,forward,0.0,0.0,"[19937.111428263597,65658.30004466698,41969.82194031057]","[19497.451230894058,65895.46962244246,42211.023407872424]","[20640.56774405486,65278.82872022621,41975.89959221159]","[19937.111428263597,65658.30004466698,42009.82194031056]",76.0,1280,720,1120622,1046367117996cbbecf393bfeb8f7614cbd49449447b65a0e7a3a165b8a8e24e,frames/window-0124-forward-00000.png,NATIVE_LOADING_AND_MIPS_READY,UNREVIEWED
window-0124-forward-00001,449,reviewed-VIAL_TR70190001272-1-interval-44-0,forward,16.668518594077547,16.668518594077547,"[21402.897161406803,64867.59898551847,41901.62431114278]","[20963.183074810888,65104.7976331787,42141.33023911565]","[22106.43969996027,64488.08114926208,41910.0948263862]","[21402.897161406803,64867.59898551847,41941.62431114278]",76.0,1280,720,1087638,5259c9fc4e62851ac15826e5d778abd89f0e672f91962857180fda8866c7d1a1,frames/window-0124-forward-00001.png,NATIVE_LOADING_AND_MIPS_READY,UNREVIEWED
window-0124-forward-00002,450,reviewed-VIAL_TR70190001272-1-interval-44-0,forward,33.337037188155094,33.337037188155094,"[22868.924806640916,64076.767429805564,41840.59092371896]","[22429.123003438435,64314.013395137204,42077.58285809111]","[23572.607691764886,63697.173885274955,41853.40382872353]","[22868.924806640916,64076.767429805564,41880.59092371896]",76.0,1280,720,1069283,b53e89ece09fab88531522c040f8b86e67605effc23ade0e4e0d7ad781062d19,frames/window-0124-forward-00002.png,NATIVE_LOADING_AND_MIPS_READY,UNREVIEWED
window-0124-forward-00003,451,reviewed-VIAL_TR70190001272-1-interval-44-0,forward,50.00555578223264,50.00555578223264,"[24335.009393510292,63285.905157582645,41781.239570931044]","[23895.28701737155,63523.10827687755,42020.70523607931]","[25038.565195332278,62906.38016671079,41790.09450669382]","[24335.009393510292,63285.905157582645,41821.239570931044]",76.0,1280,720,1069140,f5afb06603e9d9a82245e62807935866d8ea408139ace2b4ff20d7dc23d02a08,frames/window-0124-forward-00003.png,NATIVE_LOADING_AND_MIPS_READY,UNREVIEWED
window-0124-forward-00004,452,reviewed-VIAL_TR70190001272-1-interval-44-0,forward,66.67407437631019,66.67407437631019,"[25799.181581254987,62492.47266328518,41710.40055516238]","[25363.196158797935,62736.378198032195,41951.059730478075]","[26496.75825718627,62102.223807689974,41717.34587465725]","[25799.181581254987,62492.47266328518,41750.40055516237]",76.0,1280,720,1009750,48ed0cd47811ba4c633a1230bab00af09c87efc5efc479ff4250a16595bb162e,frames/window-0124-forward-00004.png,NATIVE_LOADING_AND_MIPS_READY,UNREVIEWED
window-0124-forward-00005,453,reviewed-VIAL_TR70190001272-1-interval-44-0,forward,83.34259297038774,83.34259297038774,"[27229.70208841132,61640.955893315084,41634.75012129762]","[26818.687024280403,61924.53056492405,41880.28485605878]","[27887.32619102078,61187.236418740744,41633.894545679774]","[27229.70208841132,61640.955893315084,41674.75012129762]",76.0,1280,720,989569,65b0155128bdfa3914477df2b0f5556f1b64d80177ee70f4cc19887fdcb8a591,frames/window-0124-forward-00005.png,NATIVE_LOADING_AND_MIPS_READY,UNREVIEWED
window-0124-forward-00006,454,reviewed-VIAL_TR70190001272-1-interval-44-0,forward,100.01111156446528,100.01111156446528,"[28428.270761546446,60501.34356515482,41541.66489123377]","[28149.70728197493,60915.316992222724,41793.73340430611]","[28873.972328860873,59838.986081846175,41530.35527031802]","[28428.270761546446,60501.34356515482,41581.66489123376]",76.0,1280,720,1028182,b3e1f636ab51eb67b802e7f5299e9b8b701a8a0201534ec274fc4666bef2e998,frames/window-0124-forward-00006.png,NATIVE_LOADING_AND_MIPS_READY,UNREVIEWED
window-0125-forward-00000,455,reviewed-VIAL_TR70190001272-1-interval-44-1,forward,0.0,0.0,"[28428.270761546446,60501.34356515482,41541.66489123377]","[28150.40545695765,60915.77079682412,41793.92852643968]","[28872.855248888514,59838.25999448394,41530.04307490431]","[28428.270761546446,60501.34356515482,41581.66489123376]",76.0,1280,720,1029594,cdef56f5cfe17de11df51f25ba34a464e69aa6aa9ce0887e03173d45fe2d22cc,frames/window-0125-forward-00000.png,NATIVE_LOADING_AND_MIPS_READY,UNREVIEWED
window-0125-forward-00001,456,reviewed-VIAL_TR70190001272-1-interval-44-1,forward,17.52040146894838,17.52040146894838,"[29401.876909614573,59049.073242565304,41429.27852490735]","[29123.97127184885,59463.609946332625,41679.73796889046]","[29846.52593003972,58385.814516537605,41420.54341453435]","[29401.876909614573,59049.073242565304,41469.27852490734]",76.0,1280,720,975212,1139c9e670488a527a38d05727441a1a9def7c790dbbd710519edf64a608a21c,frames/window-0125-forward-00001.png,NATIVE_LOADING_AND_MIPS_READY,UNREVIEWED
window-0125-forward-00002,457,reviewed-VIAL_TR70190001272-1-interval-44-1,forward,35.04080293789676,35.04080293789676,"[30375.684156062893,57596.49801538876,41322.66583387829]","[30097.735569827433,58011.098766461524,41571.834320633956]","[30820.401894039624,56933.136813672354,41315.99625506921]","[30375.684156062893,57596.49801538876,41362.66583387828]",76.0,1280,720,923457,3d85e0c4a82ed0cfc39b54cec93cf045bd3c48071d261b6d375f410d62b4b7c6,frames/window-0125-forward-00002.png,NATIVE_LOADING_AND_MIPS_READY,UNREVIEWED
window-0125-forward-00003,458,reviewed-VIAL_TR70190001272-1-interval-44-1,forward,52.561204406845135,52.561204406845135,"[31349.685856171043,56143.63828212568,41221.887818544055]","[31071.68581298371,56558.313566594596,41469.46288769108]","[31794.485925270776,55480.1578269754,41217.76770790882]","[31349.685856171043,56143.63828212568,41261.887818544055]",76.0,1280,720,844317,a8a93bc4ea1d5c382a92ab1f54652a3746dcbf61aaa422c8a6e41ede9badb386,frames/window-0125-forward-00003.png,NATIVE_LOADING_AND_MIPS_READY,UNREVIEWED
window-0125-forward-00004,459,reviewed-VIAL_TR70190001272-1-interval-44-1,forward,70.08160587579351,70.08160587579351,"[32316.276540880517,54685.88644043218,41122.1367634713]","[32056.211216806634,55112.00166475278,41370.27646525651]","[32732.38105939873,54004.102081519224,41117.11324061498]","[32316.276540880517,54685.88644043218,41162.1367634713]",76.0,1280,720,771277,431d842831fcb0b19959367263015182204e104d2d8836548d99a86ea8a07240,frames/window-0125-forward-00004.png,NATIVE_LOADING_AND_MIPS_READY,UNREVIEWED
window-0125-forward-00005,460,reviewed-VIAL_TR70190001272-1-interval-44-1,forward,87.60200734474189,87.60200734474189,"[33072.726461238926,53111.12430775538,41033.214912963726]","[32921.048321858885,53587.089427895095,41274.450412595375]","[33315.411484246986,52349.580115531855,41039.238113553074]","[33072.726461238926,53111.12430775538,41073.21491296372]",76.0,1280,720,725320,2b1d0bad4309524cd07532669f2c2e90e86f67d47edfa525ba449f01b7966b06,frames/window-0125-forward-00005.png,NATIVE_LOADING_AND_MIPS_READY,UNREVIEWED
window-0126-forward-00000,461,reviewed-VIAL_TR70190001272-1-interval-46-0,forward,0.0,0.0,"[33169.37067504041,52725.648559909314,41016.43417490697]","[33084.84714846821,53217.87928404949,41260.19733269882]","[33304.60831755593,51938.07940128504,41018.413122440004]","[33169.37067504041,52725.648559909314,41056.43417490697]",76.0,1280,720,713589,e1304f07a9c25c0abed5b67f3a05dfef72896e1d38ee2a1abfa2faa7ca4f99b5,frames/window-0126-forward-00000.png,NATIVE_LOADING_AND_MIPS_READY,UNREVIEWED
window-0126-forward-00001,462,reviewed-VIAL_TR70190001272-1-interval-46-0,forward,9.388061660668805,9.388061660668805,"[33118.434650765266,51798.29134559259,40958.77216879561]","[33222.17472797755,52286.38029546938,41210.50816394558]","[32952.450527225614,51017.34902578972,40947.99457655563]","[33118.434650765266,51798.29134559259,40998.7721687956]",76.0,1280,720,702988,57ab378488ac8d96eb9ce9b02c67c20bbf5eac04a03f9776f6c023b420af7d5c,frames/window-0126-forward-00001.png,NATIVE_LOADING_AND_MIPS_READY,UNREVIEWED
window-0127-forward-00000,463,reviewed-VIAL_TR70190001272-1-interval-48-0,forward,0.0,0.0,"[31932.257150951773,50125.92097688466,40862.747234777926]","[32312.337072796403,50450.536043635744,41095.565637516665]","[31324.129276000367,49606.536870082935,40882.23779039593]","[31932.257150951773,50125.92097688466,40902.747234777926]",76.0,1280,720,694678,d5d44c68ba985d9f6d23de987ae1685edb40764f9fb2165f92cb088f5ea7f1fd,frames/window-0127-forward-00000.png,NATIVE_LOADING_AND_MIPS_READY,UNREVIEWED
window-0127-forward-00001,464,reviewed-VIAL_TR70190001272-1-interval-48-0,forward,17.138256581648697,17.138256581648697,"[30393.45558489847,49421.683677674606,40811.18819314643]","[30885.220011161287,49511.189169838966,41043.69882601666]","[29606.632502877954,49278.474890211626,40831.17118055406]","[30393.45558489847,49421.683677674606,40851.18819314643]",76.0,1280,720,826287,49a9ceb487eee74bf507d97aba80370e236c10ecbcb242e24a625faad7ca2140,frames/window-0127-forward-00001.png,NATIVE_LOADING_AND_MIPS_READY,UNREVIEWED
window-0127-forward-00002,465,reviewed-VIAL_TR70190001272-1-interval-48-0,forward,34.276513163297395,34.276513163297395,"[28688.71738359971,49252.9184562528,40772.2480317581]","[29186.531970519787,49298.33029030031,41003.12931743721]","[27892.214044527584,49180.259521776796,40794.837974671515]","[28688.71738359971,49252.9184562528,40812.2480317581]",76.0,1280,720,753428,c74ed76fd87d95ff70d122bfbe6146d966c07c6a58d92b3df1b21574fb2ed617,frames/window-0127-forward-00002.png,NATIVE_LOADING_AND_MIPS_READY,UNREVIEWED
window-0127-forward-00003,466,reviewed-VIAL_TR70190001272-1-interval-48-0,forward,51.4147697449461,51.4147697449461,"[26987.58851919817,49071.83522860748,40689.56153335482]","[27473.568240239467,49183.02895837779,40947.76709834718]","[26210.02096553209,48893.92526097499,40668.432629367024]","[26987.58851919817,49071.83522860748,40729.56153335481]",76.0,1280,720,777609,1f8109332a5516106ead7d2a63dea342429e0ba66c31c77a6bf45961aeca43ba,frames/window-0127-forward-00003.png,NATIVE_LOADING_AND_MIPS_READY,UNREVIEWED
window-0127-forward-00004,467,reviewed-VIAL_TR70190001272-1-interval-48-0,forward,68.55302632659479,68.55302632659479,"[25672.696450675823,48070.86522779553,40537.094105687196]","[25915.923176864686,48505.824307382456,40797.731019353785]","[25283.533688773645,47374.930700456454,40512.07504382066]","[25672.696450675823,48070.86522779553,40577.094105687196]",76.0,1280,720,847033,deb790b4d3a4b7a4d1b5feeb295aad577a424bcee7ff9cd896b59bc7a0a7ef56,frames/window-0127-forward-00004.png,NATIVE_LOADING_AND_MIPS_READY,UNREVIEWED
window-0127-forward-00005,468,reviewed-VIAL_TR70190001272-1-interval-48-0,forward,85.6912829082435,85.6912829082435,"[25049.857094249455,46480.515952873975,40406.372680701876]","[25225.315484072216,46947.11928130176,40665.04679789821]","[24769.12367053304,45733.95062738951,40384.49409318774]","[25049.857094249455,46480.515952873975,40446.372680701876]",76.0,1280,720,849874,c8b845dc316acde6d6086c2257b1b601213a3f2411fbe9663b7f50eea800cb76,frames/window-0127-forward-00005.png,NATIVE_LOADING_AND_MIPS_READY,UNREVIEWED
window-0128-forward-00000,469,reviewed-VIAL_TR70190001272-1-interval-50-0,forward,0.0,0.0,"[24961.870897898916,46246.53083495796,40386.429597992086]","[25137.275599550314,46712.991390351955,40647.02197289314]","[24681.22337525668,45500.19394632756,40361.4817981504]","[24961.870897898916,46246.53083495796,40426.429597992086]",76.0,1280,720,818109,c5e6f64c9c27b2cd4ac035342efb80fd1e7e4b015785c3b598337481dbd5f574,frames/window-0128-forward-00000.png,NATIVE_LOADING_AND_MIPS_READY,UNREVIEWED
window-0128-forward-00001,470,reviewed-VIAL_TR70190001272-1-interval-50-0,forward,17.14086236578456,17.14086236578456,"[24360.101239279837,44646.22134899057,40264.72624175963]","[24535.77524710046,45113.398078756276,40514.467562202095]","[24079.022826766835,43898.73858136545,40257.14012905167]","[24360.101239279837,44646.22134899057,40304.72624175962]",76.0,1280,720,733971,ea103c464a60d609cb3b96484935a1bc26cfe7ddac92afee774c13dc5b980b57,frames/window-0128-forward-00001.png,NATIVE_LOADING_AND_MIPS_READY,UNREVIEWED
window-0128-forward-00002,471,reviewed-VIAL_TR70190001272-1-interval-50-0,forward,34.28172473156912,34.28172473156912,"[23778.205948155995,43037.90364811808,40158.589859803265]","[23910.73843874018,43518.90813885524,40411.297944893064]","[23566.153963221306,42268.29646293863,40146.25692365959]","[23778.205948155995,43037.90364811808,40198.589859803265]",76.0,1280,720,558718,fb50977ae928efd4029178bf30d9e2e6825f98c1e0de6e6eb90d2ca64022b14f,frames/window-0128-forward-00002.png,NATIVE_LOADING_AND_MIPS_READY,UNREVIEWED
window-0128-forward-00003,472,reviewed-VIAL_TR70190001272-1-interval-50-0,forward,51.42258709735368,51.42258709735368,"[23377.345042013694,41375.92192030497,40038.06800547893]","[23473.45965129422,41865.017865054404,40297.401689676015]","[23223.56166716486,40593.36840870589,40015.13411076361]","[23377.345042013694,41375.92192030497,40078.06800547893]",76.0,1280,720,831483,8f0c7f9b9bb2a81e9721ee2211579d740f86a93b02f47e931fc4ef15fc955d34,frames/window-0128-forward-00003.png,NATIVE_LOADING_AND_MIPS_READY,UNREVIEWED
window-0128-forward-00004,473,reviewed-VIAL_TR70190001272-1-interval-50-0,forward,68.56344946313824,68.56344946313824,"[23078.881647269307,39693.50650073132,39902.43227853115]","[23164.91443219133,40184.615501778666,40159.98635965203]","[22941.22919139407,38907.73209905556,39882.345748737745]","[23078.881647269307,39693.50650073132,39942.43227853115]",76.0,1280,720,852183,616019ac37660afc26f9e5029334f4166fc8f8c2e4aa68437ffb2c18c86f0207,frames/window-0128-forward-00004.png,NATIVE_LOADING_AND_MIPS_READY,UNREVIEWED
window-0128-forward-00005,474,reviewed-VIAL_TR70190001272-1-interval-50-0,forward,85.7043118289228,85.7043118289228,"[22783.957027213182,38009.9606750533,39773.01600394043]","[22870.037130822697,38501.33979072399,40026.732178772014]","[22646.228861437958,37223.7540899802,39759.07012420989]","[22783.957027213182,38009.9606750533,39813.01600394042]",76.0,1280,720,825163,b156decb8fe6a9c571a14789aeb3fed03bef80d7fca1c45797139e38e90628f4,frames/window-0128-forward-00005.png,NATIVE_LOADING_AND_MIPS_READY,UNREVIEWED
window-0129-forward-00000,475,reviewed-VIAL_TR70190001272-1-interval-52-0,forward,0.0,0.0,"[22758.076027827337,37862.221742700785,39763.10257197582]","[22844.16881653541,38353.67327023895,40015.71281289605]","[22620.32756589442,37075.89929863973,39750.92618650344]","[22758.076027827337,37862.221742700785,39803.10257197581]",76.0,1280,720,822078,6fb819ef333a25aa74dae33c53d7dfea787ebabeba574b41a778f98f83a4d4fa,frames/window-0129-forward-00000.png,NATIVE_LOADING_AND_MIPS_READY,UNREVIEWED
window-0129-forward-00001,476,reviewed-VIAL_TR70190001272-1-interval-52-0,forward,13.710029948158285,13.710029948158285,"[22522.07996674807,36515.063328392906,39667.71173052556]","[22608.10621122115,37006.134995509245,39925.765679301425]","[22384.437975591147,35729.348661006756,39646.82541248418]","[22522.07996674807,36515.063328392906,39707.71173052556]",76.0,1280,720,767174,c5dd309a2d2c58b960e63efc7c50c0cfb86d3289c93f23e7ce7387c792a332bd,frames/window-0129-forward-00001.png,NATIVE_LOADING_AND_MIPS_READY,UNREVIEWED
window-0129-forward-00002,477,reviewed-VIAL_TR70190001272-1-interval-52-0,forward,27.42005989631657,27.42005989631657,"[22286.245901419094,35168.8296495133,39559.64264200809]","[22372.206833890774,35659.528490347126,39822.36694063247]","[22148.7084094644,34383.71150417919,39531.283764209074]","[22286.245901419094,35168.8296495133,39599.64264200809]",76.0,1280,720,851078,393570a992c3c24d9feddcd62f5bec4bc38fd7c29ac75ee30e1f9124fb6a93e2,frames/window-0129-forward-00002.png,NATIVE_LOADING_AND_MIPS_READY,UNREVIEWED
window-0129-forward-00003,478,reviewed-VIAL_TR70190001272-1-interval-52-0,forward,41.13008984447485,41.13008984447485,"[22050.66204473842,33824.02426013723,39434.64971507781]","[22136.619385889513,34314.702600299424,39697.6160041648]","[21913.130298896667,33038.93891587771,39405.90365253861]","[22050.66204473842,33824.02426013723,39474.64971507781]",76.0,1280,720,837823,1aa15365df7b287bd08be3d035e7f78c27fd16a69334746531f8de191043de85,frames/window-0129-forward-00003.png,NATIVE_LOADING_AND_MIPS_READY,UNREVIEWED
window-0130-forward-00000,479,reviewed-VIAL_TR70190001272-1-interval-54-0,forward,0.0,0.0,"[21774.598051339854,32248.142315726727,39304.767888435556]","[21860.632699911315,32739.26195614745,39562.17828856984]","[21636.942613625513,31462.350891053575,39284.9112482207]","[21774.598051339854,32248.142315726727,39344.767888435556]",76.0,1280,720,886828,85048ea05f5865761169fb34d08f4ea747f19e5a50deca07c917e400220abc86,frames/window-0130-forward-00000.png,NATIVE_LOADING_AND_MIPS_READY,UNREVIEWED
window-0130-forward-00001,480,reviewed-VIAL_TR70190001272-1-interval-54-0,forward,19.94249081625251,19.94249081625251,"[21431.483228189627,30289.507841203653,39152.95151673478]","[21517.49174123347,30780.478290076066,39412.32859151196]","[21293.869607319484,29503.955123007792,39129.948197091275]","[21431.483228189627,30289.507841203653,39192.95151673477]",76.0,1280,720,921458,ba19523dac50ebb43c1f1427e1e7afbc5b88fbe4e037bb459e3c829e8e3c7557,frames/window-0130-forward-00001.png,NATIVE_LOADING_AND_MIPS_READY,UNREVIEWED
window-0130-forward-00002,481,reviewed-VIAL_TR70190001272-1-interval-54-0,forward,39.88498163250502,39.88498163250502,"[21250.822260924317,28320.14047374085,39000.895447131414]","[21206.173273873585,28816.70498980057,39258.71276255325]","[21322.26064020548,27525.637248045292,38980.38774245648]","[21250.822260924317,28320.14047374085,39040.895447131414]",76.0,1280,720,950452,8ead68ff923d1108df1ac1b07f9b2dea51d865d3d73bd20cfdcece4c691b7f69,frames/window-0130-forward-00002.png,NATIVE_LOADING_AND_MIPS_READY,UNREVIEWED
window-0130-forward-00003,482,reviewed-VIAL_TR70190001272-1-interval-54-0,forward,59.82747244875753,59.82747244875753,"[21509.604745141867,26352.212692438254,38836.70745329872]","[21396.624292564058,26837.776393015964,39094.9606886729]","[21690.37346926636,25575.31077151391,38815.502276700005]","[21509.604745141867,26352.212692438254,38876.70745329871]",76.0,1280,720,942697,165036c3e2725b655e8101d868b855f6e3d1c40324b162c398baa69b321efe70,frames/window-0130-forward-00003.png,NATIVE_LOADING_AND_MIPS_READY,UNREVIEWED
window-0130-forward-00004,483,reviewed-VIAL_TR70190001272-1-interval-54-0,forward,79.76996326501003,79.76996326501003,"[22264.116392864806,24530.223961110478,38671.892866250215]","[22016.781280991803,24962.537361364608,38935.82993938311]","[22659.852571861615,23838.522520703875,38641.59354923758]","[22264.116392864806,24530.223961110478,38711.892866250215]",76.0,1280,720,829355,0d2826037f6f495638447bb279424fcc5a5033d79e273bf9c1448d17240cab6c,frames/window-0130-forward-00004.png,NATIVE_LOADING_AND_MIPS_READY,UNREVIEWED
window-0130-forward-00005,484,reviewed-VIAL_TR70190001272-1-interval-54-0,forward,99.71245408126255,99.71245408126255,"[23250.797873392003,22805.617931392044,38501.08061631203]","[23003.554391499056,23237.771173054516,38767.06144255594]","[23646.387444420718,22114.17274473209,38467.51129432176]","[23250.797873392003,22805.617931392044,38541.08061631202]",76.0,1280,720,832706,f921c95f27c718dbb5f2fbc5cb58abd443ab8dc8eb35014dc3c1aa57163da2ed,frames/window-0130-forward-00005.png,NATIVE_LOADING_AND_MIPS_READY,UNREVIEWED
window-0131-forward-00000,485,reviewed-VIAL_TR70190001272-1-interval-54-1,forward,0.0,0.0,"[23250.797873392003,22805.617931392044,38501.08061631203]","[23003.550811935325,23237.77742859116,38766.98333498585]","[23646.393171722684,22114.162735873462,38467.63626643391]","[23250.797873392003,22805.617931392044,38541.08061631202]",76.0,1280,720,833091,38c9fba90d9ab2fd87a08a7757401448f406dfb3db4811c1d1ca253657775ff0,frames/window-0131-forward-00000.png,NATIVE_LOADING_AND_MIPS_READY,UNREVIEWED
window-0131-forward-00001,486,reviewed-VIAL_TR70190001272-1-interval-54-1,forward,1.004152159917426,1.004152159917426,"[23300.453265890246,22718.82600216195,38491.87635589417]","[23053.199648176393,23150.996959149066,38757.6356441781]","[23696.059054232417,22027.352470982565,38458.66149463988]","[23300.453265890246,22718.82600216195,38531.876355894165]",76.0,1280,720,835485,06961e204abe3579ba6a0d621a947cce8c117525b1be8495b4a7052b910d3408,frames/window-0131-forward-00001.png,NATIVE_LOADING_AND_MIPS_READY,UNREVIEWED
window-0132-forward-00000,487,reviewed-VIAL_TR70190001272-1-interval-56-0,forward,0.0,0.0,"[22684.997944382485,15175.917423609644,37848.57741408828]","[23048.409591056454,15517.871170953413,38100.194019523806]","[22103.53930970413,14628.791427859613,37837.990845391425]","[22684.997944382485,15175.917423609644,37888.57741408827]",76.0,1280,720,812044,86e89d97a4054ddf60c13651471b9877bed16a79a07d7b4edaabed39dbadfb1e,frames/window-0132-forward-00000.png,NATIVE_LOADING_AND_MIPS_READY,UNREVIEWED
window-0132-forward-00001,488,reviewed-VIAL_TR70190001272-1-interval-56-0,forward,16.67613670358631,16.67613670358631,"[21253.29838344406,14338.070693470157,37743.691914056726]","[21706.733488078753,14546.12319003293,37997.02004870186]","[20527.80221602855,14005.186698969723,37730.366898624496]","[21253.29838344406,14338.070693470157,37783.69191405672]",76.0,1280,720,750956,17315485e1713845d7fe8a535de264ee487bee9e12e3cc182ea656dd6d73c259,frames/window-0132-forward-00001.png,NATIVE_LOADING_AND_MIPS_READY,UNREVIEWED
window-0132-forward-00002,489,reviewed-VIAL_TR70190001272-1-interval-56-0,forward,33.35227340717262,33.35227340717262,"[19694.976847049445,13757.363808712285,37628.841937028694]","[20173.444192508025,13897.924703373195,37885.05842805064]","[18929.429094315718,13532.466377254827,37610.89555139358]","[19694.976847049445,13757.363808712285,37668.841937028694]",76.0,1280,720,735430,67cd9c6a5f20228cb1c75858d0e991d97cfc6a01e55198742265d119d541cb82,frames/window-0132-forward-00002.png,NATIVE_LOADING_AND_MIPS_READY,UNREVIEWED
window-0132-forward-00003,490,reviewed-VIAL_TR70190001272-1-interval-56-0,forward,50.02841011075893,50.02841011075893,"[18071.25567842654,13397.40276414497,37510.90921902845]","[18559.285156452905,13500.262567437596,37766.22337262045]","[17290.408513584356,13232.82707887677,37494.406573281245]","[18071.25567842654,13397.40276414497,37550.90921902845]",76.0,1280,720,726081,c422ed1aa709ee8e251786a152c2f85861dd733d735eca1848707be34f93ce27,frames/window-0132-forward-00003.png,NATIVE_LOADING_AND_MIPS_READY,UNREVIEWED
window-0132-forward-00004,491,reviewed-VIAL_TR70190001272-1-interval-56-0,forward,66.70454681434524,66.70454681434524,"[16443.49459926318,13054.326800405164,37394.20017267634]","[16931.524217449092,13157.186633287549,37649.51230306697]","[15662.647210165724,12889.75106779335,37377.700764051326]","[16443.49459926318,13054.326800405164,37434.20017267634]",76.0,1280,720,715165,bf5ed33d42c1d8c4476453255c3e8ea7392741999752ceb3449ce97156a70d70,frames/window-0132-forward-00004.png,NATIVE_LOADING_AND_MIPS_READY,UNREVIEWED
window-0132-forward-00005,492,reviewed-VIAL_TR70190001272-1-interval-56-0,forward,83.38068351793154,83.38068351793154,"[14817.109789759565,12706.721020456804,37272.408785199696]","[15301.160962382815,12825.377675256943,37532.59660118542]","[14042.627913562364,12516.870372776584,37248.10827962253]","[14817.109789759565,12706.721020456804,37312.408785199696]",76.0,1280,720,721075,276ab0558ff0d406a2b2e47281fdf7e7e1fe666c950cecd4cebbdeafba83e9c8,frames/window-0132-forward-00005.png,NATIVE_LOADING_AND_MIPS_READY,UNREVIEWED
window-0132-forward-00006,493,reviewed-VIAL_TR70190001272-1-interval-56-0,forward,100.05682022151785,100.05682022151785,"[13306.20830853004,12050.221101660281,37125.569598685914]","[13696.65221845903,12359.081755987936,37392.03086650822]","[12681.498052643656,11556.044054736032,37091.23157017022]","[13306.20830853004,12050.221101660281,37165.56959868591]",76.0,1280,720,704551,24d4ae2c3ea57fe69b05170a57b066ba4f7ae13611444b56af51f45676c380a3,frames/window-0132-forward-00006.png,NATIVE_LOADING_AND_MIPS_READY,UNREVIEWED
window-0133-forward-00000,494,reviewed-VIAL_TR70190001272-1-interval-56-1,forward,0.0,0.0,"[13306.20830853004,12050.221101660281,37125.569598685914]","[13695.324237019426,12360.656487367007,37392.67231088978]","[12683.622822947023,11553.524484529522,37090.20525915971]","[13306.20830853004,12050.221101660281,37165.56959868591]",76.0,1280,720,704147,cb433cf593fa9a87fcc3e5d965b4a362029d368a367cbf9a588c77b71637c4fe,frames/window-0133-forward-00000.png,NATIVE_LOADING_AND_MIPS_READY,UNREVIEWED
window-0133-forward-00001,495,reviewed-VIAL_TR70190001272-1-interval-56-1,forward,16.02051440147053,16.02051440147053,"[12497.740559996895,10710.274771840915,36966.78397780821]","[12687.024459567592,11170.919797233162,37231.25605831592]","[12194.88632068378,9973.24273121332,36935.628648995866]","[12497.740559996895,10710.274771840915,37006.78397780821]",76.0,1280,720,812211,ecb891538103cac5af53f08b38869379de7f39043a39234efbc58eac930fe1b1,frames/window-0133-forward-00001.png,NATIVE_LOADING_AND_MIPS_READY,UNREVIEWED
window-0133-forward-00002,496,reviewed-VIAL_TR70190001272-1-interval-56-1,forward,32.04102880294106,32.04102880294106,"[11962.923842489225,9208.342534829695,36818.39973913067]","[12113.179600450956,9683.071577430035,37083.73783912517]","[11722.514629750458,8448.776066669148,36785.85877913945]","[11962.923842489225,9208.342534829695,36858.39973913066]",76.0,1280,720,827864,02d64ecad6f2463b6a19cf85b3f26082fb6682e59a35f10b3e842ebeaae5e531,frames/window-0133-forward-00002.png,NATIVE_LOADING_AND_MIPS_READY,UNREVIEWED
window-0133-forward-00003,497,reviewed-VIAL_TR70190001272-1-interval-56-1,forward,48.061543204411585,48.061543204411585,"[11481.466526712757,7687.191041838378,36673.981902329084]","[11631.750454120647,8162.009086343452,36938.28275757183]","[11241.012242860132,6927.482170630259,36643.10053394068]","[11481.466526712757,7687.191041838378,36713.981902329084]",76.0,1280,720,785982,acf7b44aee6d0f74ae635c6ee57a6acfe47bc649fdf427aab741189c85ef541f,frames/window-0133-forward-00003.png,NATIVE_LOADING_AND_MIPS_READY,UNREVIEWED
window-0134-forward-00000,498,reviewed-VIAL_TR70190001272-1-interval-58-0,forward,0.0,0.0,"[11164.64799172245,6686.211366858333,36589.111376668814]","[11315.068985012591,7161.462465307664,36847.969042583165]","[10923.974402458221,5925.809609339403,36566.93911120586]","[11164.64799172245,6686.211366858333,36629.111376668814]",76.0,1280,720,752376,00bec582368e3d04901d340fd00dc0cee66c9e020e5a08c39ff00a2db65c9961,frames/window-0134-forward-00000.png,NATIVE_LOADING_AND_MIPS_READY,UNREVIEWED
window-0134-forward-00001,499,reviewed-VIAL_TR70190001272-1-interval-58-0,forward,13.842272633052078,13.842272633052078,"[10748.255173333857,5370.629410539164,36479.85028916671]","[10898.627487534197,5845.726709453378,36740.724776153715]","[10507.659470613311,4610.473732276421,36454.451109987494]","[10748.255173333857,5370.629410539164,36519.8502891667]",76.0,1280,720,717683,b75b25f2f3f3b83ef0512a569b28305f3099b86633de6ae9962ca897bbafd7f1,frames/window-0134-forward-00001.png,NATIVE_LOADING_AND_MIPS_READY,UNREVIEWED
window-0134-forward-00002,500,reviewed-VIAL_TR70190001272-1-interval-58-0,forward,27.684545266104156,27.684545266104156,"[10456.851723527017,4029.2666766875273,36376.41439265897]","[10453.475586322882,4527.867577027361,36633.639973620004]","[10462.253543053634,3231.5052361437934,36356.85346312131]","[10456.851723527017,4029.2666766875273,36416.41439265897]",76.0,1280,720,684623,c438e373258e67c9f200384f52f148ad73726e47e260ca1314284e14891e56f7,frames/window-0134-forward-00002.png,NATIVE_LOADING_AND_MIPS_READY,UNREVIEWED
window-0134-forward-00003,501,reviewed-VIAL_TR70190001272-1-interval-58-0,forward,41.526817899156235,41.526817899156235,"[10499.54781885026,2649.0056335926056,36281.15512373446]","[10483.340111322537,3147.7866615841444,36532.05490257504]","[10525.480150894617,1850.955988806143,36271.71547758953]","[10499.54781885026,2649.0056335926056,36321.155123734454]",76.0,1280,720,647192,1a7a8d748911dcdd4e1dc882c2f2c66b0abf56df8239c32df0798a94ec121547,frames/window-0134-forward-00003.png,NATIVE_LOADING_AND_MIPS_READY,UNREVIEWED
window-0135-forward-00000,502,reviewed-VIAL_TR70190001272-1-interval-6-0,forward,0.0,0.0,"[107219.93675887934,40183.50767409429,53868.66351338637]","[107164.16548905217,39687.287294079964,54114.25452587715]","[107309.1707906028,40977.460282117216,53867.71789340111]","[107219.93675887934,40183.50767409429,53908.66351338636]",76.0,1280,720,858714,4184bf26ddbe02df10abbec68d973b02af110c5ade0944e6998671ac94b5928a,frames/window-0135-forward-00000.png,NATIVE_LOADING_AND_MIPS_READY,UNREVIEWED
window-0135-forward-00001,503,reviewed-VIAL_TR70190001272-1-interval-6-0,forward,9.444819703710607,9.444819703710607,"[107210.93922235304,41120.04963867366,53819.05784534439]","[107314.39985316804,40631.576178024814,54065.31762662863]","[107045.40221304903,41901.607175711826,53817.04219528961]","[107210.93922235304,41120.04963867366,53859.05784534439]",76.0,1280,720,831318,9777b148833ef7b4165da6b69f8f392cd999a041899bdcd4757a77a2b8f1f668,frames/window-0135-forward-00001.png,NATIVE_LOADING_AND_MIPS_READY,UNREVIEWED
window-0136-forward-00000,504,reviewed-VIAL_TR70190001272-1-interval-60-0,forward,0.0,0.0,"[10535.270376550034,1549.6685446240008,36223.90725723547]","[10519.049059237821,2048.868406142203,36467.06685837331]","[10561.224484249575,750.948766194877,36226.85189541492]","[10535.270376550034,1549.6685446240008,36263.90725723547]",76.0,1280,720,632882,d5d4542ff3ed4adac860bdc1b429924e72a2678fbfaf160de56160c07f5f49cd,frames/window-0136-forward-00000.png,NATIVE_LOADING_AND_MIPS_READY,UNREVIEWED
window-0136-forward-00001,505,reviewed-VIAL_TR70190001272-1-interval-60-0,forward,5.504780573259333,5.504780573259333,"[10553.131655382458,1000.0,36200.023008939585]","[10536.906209328363,1499.3269189143434,36440.255728674085]","[10579.092369069009,201.07692973705068,36207.650657364386]","[10553.131655382458,1000.0,36240.023008939585]",76.0,1280,720,592642,3eb333fffda7ea02552f93f014a9a958b10a0f459394c341f8e176bd22b21a2c,frames/window-0136-forward-00001.png,NATIVE_LOADING_AND_MIPS_READY,UNREVIEWED
window-0137-forward-00000,506,reviewed-VIAL_TR70190001272-1-interval-8-0,forward,0.0,0.0,"[107189.15558932931,41217.25975871086,53813.90019163622]","[107304.25055306155,40731.34733974152,54059.243246204256]","[107005.00364735772,41994.7196290618,53813.35130432736]","[107189.15558932931,41217.25975871086,53853.90019163622]",76.0,1280,720,829693,724d24234e06dea43a91ca7c3046dcb7da629d4df7f3a1aab961f94fb2698981,frames/window-0137-forward-00000.png,NATIVE_LOADING_AND_MIPS_READY,UNREVIEWED
window-0137-forward-00001,507,reviewed-VIAL_TR70190001272-1-interval-8-0,forward,13.76236577902601,13.76236577902601,"[106493.69353124639,42362.201018538326,53736.239266380835]","[106898.96130822207,42071.38590616239,53990.65727560505]","[105845.26508808529,42827.505198339815,53721.17045162209]","[106493.69353124639,42362.201018538326,53776.239266380835]",76.0,1280,720,844385,dae1d1ef2736b5533c7a56625c33501efc9cca94bbbebebc56e3d475d7d42b1a,frames/window-0137-forward-00001.png,NATIVE_LOADING_AND_MIPS_READY,UNREVIEWED
window-0138-forward-00000,508,reviewed-VIAL_TR70190001272-2-interval-0-0,forward,0.0,0.0,"[21316.049555968493,1000.0,35440.44582961543]","[21002.57551983583,611.3274447663882,35686.28520806912]","[21817.608013780755,1621.8760883737787,35439.10282408953]","[21316.049555968493,1000.0,35480.44582961543]",76.0,1280,720,1351233,7987aaafaf773e87f56626a6f8b87f09c35600d06dfbd5a75151ae5a8e366f6d,frames/window-0138-forward-00000.png,NATIVE_LOADING_AND_MIPS_READY,UNREVIEWED
window-0138-forward-00001,509,reviewed-VIAL_TR70190001272-2-interval-0-0,forward,19.03237396767869,19.03237396767869,"[22508.791328052426,2478.8656793729624,35328.493316530396]","[22195.619483859653,2090.5678080198477,35582.37781309648]","[23009.866278760866,3100.142273537946,35314.27812202464]","[22508.791328052426,2478.8656793729624,35368.49331653039]",76.0,1280,720,1312653,ecea8d5f8d71c027040536ccf5c3f4b2c7800db65ade96571895b00fe05b8eda,frames/window-0138-forward-00001.png,NATIVE_LOADING_AND_MIPS_READY,UNREVIEWED
window-0138-forward-00002,510,reviewed-VIAL_TR70190001272-2-interval-0-0,forward,38.06474793535738,38.06474793535738,"[23572.992643326077,4045.072715278613,35210.02105280858]","[23340.815934976665,3603.2553429136824,35459.87713387388]","[23944.47537668514,4751.980511062501,35202.2513231041]","[23572.992643326077,4045.072715278613,35250.02105280858]",76.0,1280,720,1202875,8f3898656fcd049fe433684693f1ad27eb356f9879b03674864a15c2a103e5fc,frames/window-0138-forward-00002.png,NATIVE_LOADING_AND_MIPS_READY,UNREVIEWED
window-0138-forward-00003,511,reviewed-VIAL_TR70190001272-2-interval-0-0,forward,57.09712190303607,57.09712190303607,"[24456.40201476045,5726.144046728198,35084.11994558021]","[24224.448908911076,5284.75217441764,35341.14658119581]","[24827.526984119457,6432.37104242509,35064.87732859524]","[24456.40201476045,5726.144046728198,35124.119945580205]",76.0,1280,720,1146994,e51cc6fac457e1c05f426628eed78ebd4fa19d1f177074dd3a5a647ab56f3d64,frames/window-0138-forward-00003.png,NATIVE_LOADING_AND_MIPS_READY,UNREVIEWED
window-0138-forward-00004,512,reviewed-VIAL_TR70190001272-2-interval-0-0,forward,76.12949587071476,76.12949587071476,"[25338.81103930762,7405.311782285571,34929.1392227277]","[25106.982039243358,6964.156076357158,35189.598558560145]","[25709.73743941044,8111.160911771031,34904.40428539579]","[25338.81103930762,7405.311782285571,34969.139222727696]",76.0,1280,720,1092041,8ce5c3cedfb7a419232f55f7aa554fb754f3cb20e0b3877dafab59407a656ff1,frames/window-0138-forward-00004.png,NATIVE_LOADING_AND_MIPS_READY,UNREVIEWED
window-0139-forward-00000,513,reviewed-VIAL_TR70190001272-2-interval-10-0,forward,0.0,0.0,"[46329.82439150801,2688.01432447508,32504.329058821066]","[46387.92929702494,3183.0662947563897,32763.66564071962]","[46236.85654268092,1895.9311720249839,32481.390527783373]","[46329.82439150801,2688.01432447508,32544.329058821062]",76.0,1280,720,658376,fb43d140e5c4606bf025ae73c86d869c7f2c112b01878ced8972fcd9290bc85b,frames/window-0139-forward-00000.png,NATIVE_LOADING_AND_MIPS_READY,UNREVIEWED
window-0139-forward-00001,514,reviewed-VIAL_TR70190001272-2-interval-10-0,forward,17.050380898296417,17.050380898296417,"[46131.69991468312,1000.0,32368.357715939186]","[46189.81379438466,1495.1284314757224,32626.706292580646]","[46038.717707160664,207.794509638844,32346.999993312853]","[46131.69991468312,1000.0,32408.357715939183]",76.0,1280,720,563640,31fa704dc118381646b81372bc30fe593fdfbdc53e860f1b61b3f221fc604147,frames/window-0139-forward-00001.png,NATIVE_LOADING_AND_MIPS_READY,UNREVIEWED
window-0140-forward-00000,515,reviewed-VIAL_TR70190001272-2-interval-2-0,forward,0.0,0.0,"[26339.908311405452,9306.924079917371,34797.09920948716]","[26092.403811693424,8873.121041244438,35040.688322663125]","[26735.9155109447,10001.008941794064,34799.35662840562]","[26339.908311405452,9306.924079917371,34837.09920948716]",76.0,1280,720,1124132,e266b72eff6fd5a85e5d8512f775994ae48c0d79ccbf083f4d99ad718599c617,frames/window-0140-forward-00000.png,NATIVE_LOADING_AND_MIPS_READY,UNREVIEWED
window-0140-forward-00001,516,reviewed-VIAL_TR70190001272-2-interval-2-0,forward,10.786661104308688,10.786661104308688,"[27122.838970267912,10017.027463205159,34725.32738979272]","[26688.911722231125,9772.2783917794,34987.813098536324]","[27817.122567126775,10408.625977486374,34697.35025580294]","[27122.838970267912,10017.027463205159,34765.32738979272]",76.0,1280,720,1275977,e8f969dc66df8eceff1d968f2069f7d5c7958c13e1dca9571297164ab14cdea1,frames/window-0140-forward-00001.png,NATIVE_LOADING_AND_MIPS_READY,UNREVIEWED
window-0141-forward-00000,517,reviewed-VIAL_TR70190001272-2-interval-4-0,forward,0.0,0.0,"[34481.09981679008,14167.333015799522,34197.48261140154]","[34046.177104836985,13922.021884241183,34443.26406521885]","[35176.97615591503,14559.830826292864,34196.232285293845]","[34481.09981679008,14167.333015799522,34237.48261140154]",76.0,1280,720,1182105,17acb324d9754539cae6f3a56e5f19635d7f5809da66bf30925bb52706a5e107,frames/window-0141-forward-00000.png,NATIVE_LOADING_AND_MIPS_READY,UNREVIEWED
window-0141-forward-00001,518,reviewed-VIAL_TR70190001272-2-interval-4-0,forward,17.010185148799515,17.010185148799515,"[35960.83210694601,15001.952116946237,34112.2522437129]","[35525.841061315456,14756.602442913538,34356.466447670304]","[36656.81777995489,15394.511595398555,34113.50951738105]","[35960.83210694601,15001.952116946237,34152.2522437129]",76.0,1280,720,1151145,c84948f54203d9bce8062dc727a81912fb3640b0e89b4dbfd7af35b7c25f0289,frames/window-0141-forward-00001.png,NATIVE_LOADING_AND_MIPS_READY,UNREVIEWED
window-0141-forward-00002,519,reviewed-VIAL_TR70190001272-2-interval-4-0,forward,34.02037029759903,34.02037029759903,"[37440.9371090848,15836.781440363813,34036.141735180056]","[37005.78463299026,15591.340714052243,34276.17102414482]","[38137.18107083607,16229.486602462324,34044.09487283642]","[37440.9371090848,15836.781440363813,34076.14173518005]",76.0,1280,720,1089671,0e4f7a48b75fe656380cf15d82b9380a58b2563c9d85050e3a0a69fc5b1242d0,frames/window-0141-forward-00002.png,NATIVE_LOADING_AND_MIPS_READY,UNREVIEWED
window-0141-forward-00003,520,reviewed-VIAL_TR70190001272-2-interval-4-0,forward,51.030555446398544,51.030555446398544,"[38921.41164814394,16671.78538652808,33969.662063928525]","[38486.02832535458,16426.542178160933,34206.89955175842]","[39618.02496460692,17064.174519915512,33982.08208340068]","[38921.41164814394,16671.78538652808,34009.662063928525]",76.0,1280,720,1065889,f3f520b67df38c901196717205570bf815d33342488357d03f48ffd62fe16aab,frames/window-0141-forward-00003.png,NATIVE_LOADING_AND_MIPS_READY,UNREVIEWED
window-0141-forward-00004,521,reviewed-VIAL_TR70190001272-2-interval-4-0,forward,68.04074059519806,68.04074059519806,"[40452.95994687476,17407.66872605309,33909.17707959933]","[39997.63532933291,17202.12723172811,34149.966181817035]","[41181.47933494172,17736.535116973057,33915.914516050994]","[40452.95994687476,17407.66872605309,33949.17707959933]",76.0,1280,720,1015652,9a12c32b0a3403600ae2841ffef53812314774c4c10f8608ed247db3270152e3,frames/window-0141-forward-00004.png,NATIVE_LOADING_AND_MIPS_READY,UNREVIEWED
window-0142-forward-00000,522,reviewed-VIAL_TR70190001272-2-interval-6-0,forward,0.0,0.0,"[43197.564480878646,17630.431760195643,33769.53422549033]","[42768.27009796039,17886.098357893577,34007.998342485065]","[43884.435493547855,17221.365203878944,33779.99163829876]","[43197.564480878646,17630.431760195643,33809.53422549033]",76.0,1280,720,978822,d83effe8fa3bb474c4cd0f2131f7d7ce4879b28e7ec2ca018b25ffedadcff5be,frames/window-0142-forward-00000.png,NATIVE_LOADING_AND_MIPS_READY,UNREVIEWED
window-0142-forward-00001,523,reviewed-VIAL_TR70190001272-2-interval-6-0,forward,11.189068918384697,11.189068918384697,"[44040.614718354496,16912.690960939166,33720.7962616622]","[43750.59944935983,17318.907700607364,33970.44595244121]","[44504.63914874598,16262.744177470055,33713.356756415786]","[44040.614718354496,16912.690960939166,33760.796261662195]",76.0,1280,720,948990,0244d5be3d0cd0194792c964d541843a90cf883fb3e30b62de0a27858c610a06,frames/window-0142-forward-00001.png,NATIVE_LOADING_AND_MIPS_READY,UNREVIEWED
window-0142-forward-00002,524,reviewed-VIAL_TR70190001272-2-interval-6-0,forward,22.378137836769394,22.378137836769394,"[44546.740462700836,15922.024501953274,33634.03897291169]","[44356.697140083576,16382.52566685409,33896.726355749975]","[44850.80977888845,15185.222638111967,33605.739160370416]","[44546.740462700836,15922.024501953274,33674.03897291168]",76.0,1280,720,915386,ee5858293208cc50581e9523e9146e2db6e8fd104d99d71b08040f187cfc283b,frames/window-0142-forward-00002.png,NATIVE_LOADING_AND_MIPS_READY,UNREVIEWED
window-0143-forward-00000,525,reviewed-VIAL_TR70190001272-2-interval-8-0,forward,0.0,0.0,"[46700.5603003141,10386.480858363211,33159.506318943386]","[46598.7149369463,10874.46451805933,33418.22930733609]","[46863.51288170258,9605.70700284942,33137.54953751505]","[46700.5603003141,10386.480858363211,33199.506318943386]",76.0,1280,720,800594,6bc946249e0babc1415d438289d1b20850de5ca84dbd39ccfb7fcd11c7a1b198,frames/window-0143-forward-00000.png,NATIVE_LOADING_AND_MIPS_READY,UNREVIEWED
window-0143-forward-00001,526,reviewed-VIAL_TR70190001272-2-interval-8-0,forward,17.37627235597935,17.37627235597935,"[46905.81375605763,8667.284596891144,33023.20892848366]","[46863.84050228649,9163.951258074285,33282.71175923106]","[46972.97096209146,7872.617938998121,33000.00439928782]","[46905.81375605763,8667.284596891144,33063.208928483655]",76.0,1280,720,809090,5f5908c60b68989d7319aec9a64005de00c11ffc50c957ae3c05eb10785a4f22,frames/window-0143-forward-00001.png,NATIVE_LOADING_AND_MIPS_READY,UNREVIEWED
window-0143-forward-00002,527,reviewed-VIAL_TR70190001272-2-interval-8-0,forward,34.7525447119587,34.7525447119587,"[46827.842940167764,6939.449073781127,32885.254971716895]","[46882.49043603821,7434.956090911292,33143.80944188381]","[46740.40694677503,6146.637846372861,32863.56781944982]","[46827.842940167764,6939.449073781127,32925.25497171689]",76.0,1280,720,784688,3d9a14c5eb720af0fc1c5f9d0b06278f407bc727646aafa78f36ab04523cf67f,frames/window-0143-forward-00002.png,NATIVE_LOADING_AND_MIPS_READY,UNREVIEWED
window-0143-forward-00003,528,reviewed-VIAL_TR70190001272-2-interval-8-0,forward,52.128817067938044,52.128817067938044,"[46627.01110673952,5220.035811327398,32734.990152034232]","[46685.06270692707,5714.633622804208,32999.745225467435]","[46534.12854643944,4428.679312964501,32703.382034541108]","[46627.01110673952,5220.035811327398,32774.99015203423]",76.0,1280,720,768598,d147be5808ba06c75ca128d8ee0d16aec401ac8fcbf9e73377e27bcf9f5c023c,frames/window-0143-forward-00003.png,NATIVE_LOADING_AND_MIPS_READY,UNREVIEWED
window-0144-forward-00000,529,reviewed-VIAL_TR70190001287-0-interval-0-0,forward,0.0,0.0,"[165406.2861701008,200600.0,56691.57614693178]","[165878.6972952142,200763.08268688535,56896.35228055846]","[164650.42836991936,200339.06770098343,56755.93433312909]","[165406.2861701008,200600.0,56731.57614693177]",76.0,1280,720,1287319,6e65ce4c49745fe4770eb3bc9143d77fdba2a12bd0ab2ac5f380f762bd233ccf,frames/window-0144-forward-00000.png,NATIVE_LOADING_AND_MIPS_READY,UNREVIEWED
window-0144-forward-00001,530,reviewed-VIAL_TR70190001287-0-interval-0-0,forward,12.997773176743115,12.997773176743115,"[164172.45555947302,200195.32862827182,56735.19312484045]","[164659.06039090524,200308.6715012043,56935.980337894136]","[163393.8878291815,200013.98003157982,56805.93358395456]","[164172.45555947302,200195.32862827182,56775.19312484045]",76.0,1280,720,1278985,6d939a3b21e333c49a4b92da16ade229d8bebe46660446e2a6e291f16ef9c969,frames/window-0144-forward-00001.png,NATIVE_LOADING_AND_MIPS_READY,UNREVIEWED
window-0145-forward-00000,531,reviewed-VIAL_TR70190001287-0-interval-10-0,forward,0.0,0.0,"[128752.30256545474,187548.630066216,59066.42880213288]","[129232.61889863877,187679.8758286056,59240.92308895944]","[127983.79643236031,187338.63684639262,59179.237943210406]","[128752.30256545474,187548.630066216,59106.42880213288]",76.0,1280,720,1212071,cf75852a0df14474c39508db93bf283544ce0db7c9526b2d547ec7db478b4139,frames/window-0145-forward-00000.png,NATIVE_LOADING_AND_MIPS_READY,UNREVIEWED
window-0145-forward-00001,532,reviewed-VIAL_TR70190001287-0-interval-10-0,forward,15.562952999781762,15.562952999781762,"[127257.2420893237,187140.1068950072,59207.697790984006]","[127737.56667494494,187271.35491236366,59382.28578389587]","[126488.7227523297,186930.11006723685,59320.357002325014]","[127257.2420893237,187140.1068950072,59247.697790984]",76.0,1280,720,1243908,e865221e0c75e52f64a408e04c52bd4a83fc98b9e1aed3312176cb699213b499,frames/window-0145-forward-00001.png,NATIVE_LOADING_AND_MIPS_READY,UNREVIEWED
window-0146-forward-00000,533,reviewed-VIAL_TR70190001287-0-interval-12-0,forward,0.0,0.0,"[126526.94385767682,186974.94938606396,59273.765398944306]","[127018.69424377971,187054.7088079102,59451.104030067894]","[125740.14323991218,186847.33431110994,59382.02358914657]","[126526.94385767682,186974.94938606396,59313.765398944306]",76.0,1280,720,1208430,32e21006ad6b83203d886e74e7499cebfc6a7bf5cfda1bdeeff3e6501558ce42,frames/window-0146-forward-00000.png,NATIVE_LOADING_AND_MIPS_READY,UNREVIEWED
window-0146-forward-00001,534,reviewed-VIAL_TR70190001287-0-interval-12-0,forward,17.892193894971275,17.892193894971275,"[124762.34600438224,186729.72160817805,59434.90626190502]","[125258.43362638181,186771.49356753752,59608.514724852605]","[123968.60580918295,186662.88647320296,59549.13272118888]","[124762.34600438224,186729.72160817805,59474.90626190502]",76.0,1280,720,1171691,8488fc4a05200e2bc6d3bf49d854ebe6233b01b2a36e3cef0ec73c648c80604a,frames/window-0146-forward-00001.png,NATIVE_LOADING_AND_MIPS_READY,UNREVIEWED
window-0146-forward-00002,535,reviewed-VIAL_TR70190001287-0-interval-12-0,forward,35.78438778994255,35.78438778994255,"[122983.92538568948,186600.6309726146,59582.330938430685]","[123481.28760402829,186636.4110799567,59765.5803236371]","[122188.14583634742,186543.3828008672,59681.13192210043]","[122983.92538568948,186600.6309726146,59622.330938430685]",76.0,1280,720,1133688,e403d21b78d00d6db0999840f668e6ca421961fe56325743508bf301f82cb515,frames/window-0146-forward-00002.png,NATIVE_LOADING_AND_MIPS_READY,UNREVIEWED
window-0146-forward-00003,536,reviewed-VIAL_TR70190001287-0-interval-12-0,forward,53.67658168491383,53.67658168491383,"[121204.57223132835,186472.62477241457,59719.295989124745]","[121701.45388459176,186508.3703080314,59896.507213333825]","[120409.56158610688,186415.43191542765,59827.75803039023]","[121204.57223132835,186472.62477241457,59759.295989124745]",76.0,1280,720,1095401,75bc7659f2bcf90295365634b59b7ca5b3d4f8dc6d6dc7de8701cd98d311c667,frames/window-0146-forward-00003.png,NATIVE_LOADING_AND_MIPS_READY,UNREVIEWED
window-0147-forward-00000,537,reviewed-VIAL_TR70190001287-0-interval-14-0,forward,0.0,0.0,"[120705.90289062238,186436.75063047558,59762.585710033476]","[121202.67694693305,186472.4884265237,59938.55904867603]","[119911.06440052533,186379.57015679864,59873.02836820541]","[120705.90289062238,186436.75063047558,59802.585710033476]",76.0,1280,720,1092493,07493498a160fbc36a2e295f999df189f58682c445adc6b673d5cdde0a2e6b35,frames/window-0147-forward-00000.png,NATIVE_LOADING_AND_MIPS_READY,UNREVIEWED
window-0147-forward-00001,538,reviewed-VIAL_TR70190001287-0-interval-14-0,forward,12.164875553097831,12.164875553097831,"[119497.7212737449,186349.83436125645,59874.75086673623]","[119994.24723808948,186385.55431055636,60047.99563223021]","[118703.27973079358,186292.68244237656,59989.559241945855]","[119497.7212737449,186349.83436125645,59914.75086673622]",76.0,1280,720,1049505,7749a67726d2eee5b80b49bb0021b90b94f65676c439e9420f20a5cd97a6a804,frames/window-0147-forward-00001.png,NATIVE_LOADING_AND_MIPS_READY,UNREVIEWED
window-0147-forward-00002,539,reviewed-VIAL_TR70190001287-0-interval-14-0,forward,24.329751106195662,24.329751106195662,"[118355.31979035586,186024.60565250367,59975.049407058315]","[118742.87582167228,186339.23869100114,60166.65268759809]","[117735.23014024957,185521.19279090772,60060.484158194675]","[118355.31979035586,186024.60565250367,60015.049407058315]",76.0,1280,720,1043544,798c94fdc4fac4756478800b470d6e55794c9db1d9880a1b62166858b243729d,frames/window-0147-forward-00002.png,NATIVE_LOADING_AND_MIPS_READY,UNREVIEWED
window-0148-forward-00000,540,reviewed-VIAL_TR70190001287-0-interval-16-0,forward,0.0,0.0,"[124016.58804753097,173704.35527656227,61034.76161031491]","[123616.72525018177,174001.93519295493,61215.31624739566]","[124656.36852328967,173228.22741033405,61137.8741909857]","[124016.58804753097,173704.35527656227,61074.761610314905]",76.0,1280,720,663993,55e8c5e5a61c6aea43c51169970729620eacf488d0e144cfbccc275b29d4b0ab,frames/window-0148-forward-00000.png,NATIVE_LOADING_AND_MIPS_READY,UNREVIEWED
window-0148-forward-00001,541,reviewed-VIAL_TR70190001287-0-interval-16-0,forward,14.048838867907557,14.048838867907557,"[125139.59948762204,172868.58623595908,61153.17147364939]","[124739.98174942829,173166.1656387652,61331.312635317874]","[125778.98786873202,172392.4591914693,61260.14561497981]","[125139.59948762204,172868.58623595908,61193.17147364939]",76.0,1280,720,792406,cf28ff5f8a3c61e84a2d81633785234aae25421e6c4a259e6c7359610c6784af,frames/window-0148-forward-00001.png,NATIVE_LOADING_AND_MIPS_READY,UNREVIEWED
window-0149-forward-00000,542,reviewed-VIAL_TR70190001287-0-interval-18-0,forward,0.0,0.0,"[125571.15880209021,169608.8454988785,61454.70254870778]","[125907.09736932901,169977.6355228962,61640.950552817354]","[125033.65709450813,169018.78146045023,61548.70574213246]","[125571.15880209021,169608.8454988785,61494.70254870778]",76.0,1280,720,1208362,395822b5118cfedf97b127a7d1deaffb91bc922b2066c7c06c73274f88dfca72,frames/window-0149-forward-00000.png,NATIVE_LOADING_AND_MIPS_READY,UNREVIEWED
window-0149-forward-00001,543,reviewed-VIAL_TR70190001287-0-interval-18-0,forward,18.423844369944305,18.423844369944305,"[124299.22421102076,168281.83224455052,61579.265445353005]","[124644.90557076776,168641.54763096845,61765.96021606889]","[123746.13403542555,167706.28762628185,61672.5538122076]","[124299.22421102076,168281.83224455052,61619.265445353005]",76.0,1280,720,1169354,0fa61af31ac8d79f35fcb6ed62687fead323214955399b81d2ed889f907ca220,frames/window-0149-forward-00001.png,NATIVE_LOADING_AND_MIPS_READY,UNREVIEWED
window-0149-forward-00002,544,reviewed-VIAL_TR70190001287-0-interval-18-0,forward,36.84768873988861,36.84768873988861,"[123026.21047510659,166957.13649817664,61716.82300078663]","[123371.3441228671,167316.28193558214,61893.26476420212]","[122473.99663868976,166382.50379832787,61826.51617932186]","[123026.21047510659,166957.13649817664,61756.82300078663]",76.0,1280,720,1135530,ab5a41e33fe2be3cde3abc4de853b776949ba241a13739a5fff474701a25e243,frames/window-0149-forward-00002.png,NATIVE_LOADING_AND_MIPS_READY,UNREVIEWED
window-0149-forward-00003,545,reviewed-VIAL_TR70190001287-0-interval-18-0,forward,55.271533109832916,55.271533109832916,"[121753.66220174612,165632.9251114103,61862.76477895757]","[122099.39129089232,165992.69016402366,62050.507937261]","[121200.4956591122,165057.30102722888,61954.375725672086]","[121753.66220174612,165632.9251114103,61902.764778957564]",76.0,1280,720,1112475,5060143a50bc312b840da86890783339eea8a8dde7c43beb2530a63ee6e3f425,frames/window-0149-forward-00003.png,NATIVE_LOADING_AND_MIPS_READY,UNREVIEWED
window-0149-forward-00004,546,reviewed-VIAL_TR70190001287-0-interval-18-0,forward,73.69537747977722,73.69537747977722,"[120480.72710182169,164308.31119343638,62001.92563199942]","[120826.05833780112,164667.66224170648,62181.76144939729]","[119928.1971242546,163733.34951620424,62106.18832416282]","[120480.72710182169,164308.31119343638,62041.92563199942]",76.0,1280,720,1062897,0c58195e12e6995a601e0f59ab97e2fdf0a2231d9ca54465a0fcbaa784bc2fc2,frames/window-0149-forward-00004.png,NATIVE_LOADING_AND_MIPS_READY,UNREVIEWED
window-0150-forward-00000,547,reviewed-VIAL_TR70190001287-0-interval-2-0,forward,0.0,0.0,"[163681.52715684264,200102.38465312868,56753.508938490224]","[164173.2855918675,200191.16663642979,56956.43846623461]","[162894.71366080287,199960.33347984691,56820.821694099206]","[163681.52715684264,200102.38465312868,56793.50893849022]",76.0,1280,720,1273914,22051f6e028cd0419dc08e3dbb682e0401dae3410e359c0cca2cbc51dae67986,frames/window-0150-forward-00000.png,NATIVE_LOADING_AND_MIPS_READY,UNREVIEWED
window-0150-forward-00001,548,reviewed-VIAL_TR70190001287-0-interval-2-0,forward,13.340926659907959,13.340926659907959,"[162369.4044676811,199865.49424646923,56798.443990234526]","[162861.16556431187,199954.27671120607,57001.45288091947]","[161582.58671307188,199723.4423028903,56865.62976513863]","[162369.4044676811,199865.49424646923,56838.44399023452]",76.0,1280,720,1271840,70873816f524cb0a11c7ec7f3369951e415f8210f14279bc511c1982af74e2ca,frames/window-0150-forward-00001.png,NATIVE_LOADING_AND_MIPS_READY,UNREVIEWED
window-0150-forward-00002,549,reviewed-VIAL_TR70190001287-0-interval-2-0,forward,26.681853319815918,26.681853319815918,"[161057.39993674043,199628.62517207908,56846.78872846066]","[161549.1494459626,199717.4055448271,57049.45478504065]","[160270.600721985,199486.57657568218,56914.52303793267]","[161057.39993674043,199628.62517207908,56886.788728460655]",76.0,1280,720,1268674,aff1818a477f879bdb8cb2150511feab0973b66e42efb592ce22f6f0a382cf2f,frames/window-0150-forward-00002.png,NATIVE_LOADING_AND_MIPS_READY,UNREVIEWED
window-0150-forward-00003,550,reviewed-VIAL_TR70190001287-0-interval-2-0,forward,40.02277997972388,40.02277997972388,"[159745.49504207098,199391.77408600226,56897.68966726135]","[160237.1051426343,199480.5292890147,57096.66532512348]","[158958.91888116964,199249.76576118238,56971.32861468197]","[159745.49504207098,199391.77408600226,56937.68966726135]",76.0,1280,720,1254651,e5ad307835b15d92adf94a3d6f7a55538ea67bff94d69262907d50d3a8f5fa0f,frames/window-0150-forward-00003.png,NATIVE_LOADING_AND_MIPS_READY,UNREVIEWED
window-0151-forward-00000,551,reviewed-VIAL_TR70190001287-0-interval-20-0,forward,0.0,0.0,"[120342.1584018739,164164.11685980856,62017.987633111145]","[120687.52416472315,164523.50383667584,62198.44663274744]","[119789.57318131509,163589.09769682094,62121.253233693096]","[120342.1584018739,164164.11685980856,62057.987633111145]",76.0,1280,720,1062513,9b67d27016b4a6c346a535ebe2588eceeab83a3df549094f40ede439477f92c6,frames/window-0151-forward-00000.png,NATIVE_LOADING_AND_MIPS_READY,UNREVIEWED
window-0151-forward-00001,552,reviewed-VIAL_TR70190001287-0-interval-20-0,forward,14.041397277818424,14.041397277818424,"[119372.17750221025,163154.75652413443,62127.23494297637]","[119717.53674207203,163514.1367121437,62307.575443376256]","[118819.60271843143,162579.74822331962,62230.69014233656]","[119372.17750221025,163154.75652413443,62167.23494297637]",76.0,1280,720,1003477,3c7d4668bf25f1147ed2de8b147ba8b2c2a5d3c9e7336960f16bbcc1f1abe89f,frames/window-0151-forward-00001.png,NATIVE_LOADING_AND_MIPS_READY,UNREVIEWED
window-0152-forward-00000,553,reviewed-VIAL_TR70190001287-0-interval-22-0,forward,0.0,0.0,"[116928.70021062554,153462.0549232699,63504.25378912828]","[117095.90382727118,152992.16280202818,63688.978514847586]","[116661.17442399252,154213.88231725665,63600.694227977394]","[116928.70021062554,153462.0549232699,63544.25378912828]",76.0,1280,720,1015524,e280ed1cb34acb9605705f4a2de53131dc890fb4f28ce549080ee45eb57010e1,frames/window-0152-forward-00000.png,NATIVE_LOADING_AND_MIPS_READY,UNREVIEWED
window-0152-forward-00001,554,reviewed-VIAL_TR70190001287-0-interval-22-0,forward,14.021346387054281,14.021346387054281,"[116452.38481849083,154777.17010593042,63599.55266126393]","[116646.31746663881,154318.4035247104,63775.69662475797]","[116142.09258145407,155511.19663588246,63709.72231967347]","[116452.38481849083,154777.17010593042,63639.55266126393]",76.0,1280,720,1041791,4937ae28cb9de870e1352b04400cd065a08bd2a9bc33f73e32e29416007e3ad6,frames/window-0152-forward-00001.png,NATIVE_LOADING_AND_MIPS_READY,UNREVIEWED
window-0153-forward-00000,555,reviewed-VIAL_TR70190001287-0-interval-24-0,forward,0.0,0.0,"[113252.124627179,160569.69861518592,64119.01993610273]","[113383.6312061016,160088.85740464547,64300.31916161348]","[113041.71410090283,161339.04455205062,64220.94117528553]","[113252.124627179,160569.69861518592,64159.01993610273]",76.0,1280,720,964267,881e428ddc1f47c9e50d3276e09e929a4e1a39eaed9108c6c53153cfd4650339,frames/window-0153-forward-00000.png,NATIVE_LOADING_AND_MIPS_READY,UNREVIEWED
window-0153-forward-00001,556,reviewed-VIAL_TR70190001287-0-interval-24-0,forward,9.495763754991819,9.495763754991819,"[113104.12515995558,161500.54385168478,64191.941907773195]","[113113.23896060606,161002.136233965,64373.124576120914]","[113089.54307891484,162297.99604003644,64294.04963841686]","[113104.12515995558,161500.54385168478,64231.941907773195]",76.0,1280,720,963954,f5d4d84b465c5dbbd88149df0844f03602e775c12b31f1de0ae9c96aa281f832,frames/window-0153-forward-00001.png,NATIVE_LOADING_AND_MIPS_READY,UNREVIEWED
window-0154-forward-00000,557,reviewed-VIAL_TR70190001287-0-interval-26-0,forward,0.0,0.0,"[110899.88680558745,162166.39056662098,64999.24178334517]","[110798.2429995693,162654.03735957356,65176.00820818415]","[111062.51689521651,161386.15569789684,65108.41550360282]","[110899.88680558745,162166.39056662098,65039.24178334516]",76.0,1280,720,1034781,1090809fa9ea91d9b522351aabe486485ab16bde70986175a5bbe4c6f9f670bd,frames/window-0154-forward-00000.png,NATIVE_LOADING_AND_MIPS_READY,UNREVIEWED
window-0154-forward-00001,558,reviewed-VIAL_TR70190001287-0-interval-26-0,forward,10.781818209349542,10.781818209349542,"[111119.18420642696,161114.28834390614,65085.56315951579]","[111017.46348987108,161602.30412293103,65266.91739330434]","[111281.93735291636,160333.46309746627,65187.39638545411]","[111119.18420642696,161114.28834390614,65125.56315951579]",76.0,1280,720,1051192,eb2d83bd599dc51b7d44c344b2a88ca299444fdaff9b11115465a57125ee9464,frames/window-0154-forward-00001.png,NATIVE_LOADING_AND_MIPS_READY,UNREVIEWED
window-0154-forward-00002,559,reviewed-VIAL_TR70190001287-0-interval-26-0,forward,21.563636418699083,21.563636418699083,"[111327.22945929272,160060.0828530267,65172.36175568048]","[111253.73203922612,160552.94468968385,65351.308872584785]","[111444.82533139929,159271.5039143752,65278.0463686336]","[111327.22945929272,160060.0828530267,65212.36175568048]",76.0,1280,720,1048460,f0570e3f9621114c4a185ddec51173bf34c589fe6b2a78652efd56d8dc450c0f,frames/window-0154-forward-00002.png,NATIVE_LOADING_AND_MIPS_READY,UNREVIEWED
window-0155-forward-00000,560,reviewed-VIAL_TR70190001287-0-interval-28-0,forward,0.0,0.0,"[111390.4338419321,159463.7677056715,65223.42283846657]","[111342.79974181022,159959.5653895431,65399.65470881596]","[111466.64840212709,158670.4914114769,65333.45184590756]","[111390.4338419321,159463.7677056715,65263.42283846657]",76.0,1280,720,1025915,9ade82b2906f51e656b4ad9a787c3cb4235307fd87e6e07ceec74edc83cad6d1,frames/window-0155-forward-00000.png,NATIVE_LOADING_AND_MIPS_READY,UNREVIEWED
window-0155-forward-00001,561,reviewed-VIAL_TR70190001287-0-interval-28-0,forward,14.060965856780507,14.060965856780507,"[111524.31204945897,158070.301574748,65355.40065199204]","[111476.71867761822,158565.675339606,65527.030164634314]","[111600.46144440418,157277.7035509752,65472.79343176439]","[111524.31204945897,158070.301574748,65395.40065199203]",76.0,1280,720,1002048,66aa77f0749b5d08c855432aa27851351cd1272b1dce3e0d26d392669e7458da,frames/window-0155-forward-00001.png,NATIVE_LOADING_AND_MIPS_READY,UNREVIEWED
window-0156-forward-00000,562,reviewed-VIAL_TR70190001287-0-interval-30-0,forward,0.0,0.0,"[112400.9536049969,153987.73995880038,65725.6025965343]","[112248.59944807076,154462.58297189037,65909.37658672196]","[112644.72025607874,153227.99113785636,65823.56421223407]","[112400.9536049969,153987.73995880038,65765.6025965343]",76.0,1280,720,1023213,b8ec2bd8496d66867382f9e85425e95603bef2405626a15fb3cda39ce098a4e6,frames/window-0156-forward-00000.png,NATIVE_LOADING_AND_MIPS_READY,UNREVIEWED
window-0156-forward-00001,563,reviewed-VIAL_TR70190001287-0-interval-30-0,forward,14.033544138496413,14.033544138496413,"[112828.63133274368,152654.78752758354,65824.25152673703]","[112676.28759472503,153129.66767195368,66008.47116942341]","[113072.38131357354,151894.9792965913,65921.50009843883]","[112828.63133274368,152654.78752758354,65864.25152673703]",76.0,1280,720,1052163,8364653aeee3c80a88c84527cceac1c8cfbbc2ca0bd47bd9ab4c80fe2c683b11,frames/window-0156-forward-00001.png,NATIVE_LOADING_AND_MIPS_READY,UNREVIEWED
window-0157-forward-00000,564,reviewed-VIAL_TR70190001287-0-interval-32-0,forward,0.0,0.0,"[112923.13069729134,152319.34714354575,65849.55895975858]","[112827.11610864714,152808.67502508013,66032.96082974417]","[113076.75403912205,151536.42253309072,65948.11596778162]","[112923.13069729134,152319.34714354575,65889.55895975858]",76.0,1280,720,1035242,6bfdfd79b69bc8bf06d46d18948d454bcbb1bd92eb80b650c49184be3a77a1eb,frames/window-0157-forward-00000.png,NATIVE_LOADING_AND_MIPS_READY,UNREVIEWED
window-0157-forward-00001,565,reviewed-VIAL_TR70190001287-0-interval-32-0,forward,12.51179203446196,12.51179203446196,"[112996.84833267116,151075.0664325959,65938.98284528565]","[113013.28950098534,151573.2186747078,66119.30877739051]","[112970.54246336845,150278.02284521685,66042.46135391787]","[112996.84833267116,151075.0664325959,65978.98284528565]",76.0,1280,720,924332,dd814962beca3fdb150ce900d4c8b8225f3ff40654a6226c0b744bd5bc01800f,frames/window-0157-forward-00001.png,NATIVE_LOADING_AND_MIPS_READY,UNREVIEWED
window-0157-forward-00002,566,reviewed-VIAL_TR70190001287-0-interval-32-0,forward,25.02358406892392,25.02358406892392,"[112868.63411288941,149834.92349218577,66039.09524133152]","[112928.68530108046,150329.9868944375,66222.95547725119]","[112772.55221178371,149042.822048583,66136.91886386008]","[112868.63411288941,149834.92349218577,66079.09524133152]",76.0,1280,720,852567,965e718e325578b3161df011c538c19f28da32f5e0c46b5e5db81c3465165830,frames/window-0157-forward-00002.png,NATIVE_LOADING_AND_MIPS_READY,UNREVIEWED
window-0158-forward-00000,567,reviewed-VIAL_TR70190001287-0-interval-34-0,forward,0.0,0.0,"[114929.80517284013,146151.19064636528,66416.35178245141]","[114448.02827192732,146279.24948868464,66597.7260054278]","[115700.64821430064,145946.29649865435,66518.15302568919]","[114929.80517284013,146151.19064636528,66456.35178245141]",76.0,1280,720,695589,6a628765bee67fcba81d5ab4ea3729a2ae5b346c5649e3a28fc7b34a3d5db80c,frames/window-0158-forward-00000.png,NATIVE_LOADING_AND_MIPS_READY,UNREVIEWED
window-0158-forward-00001,568,reviewed-VIAL_TR70190001287-0-interval-34-0,forward,16.49222864571343,16.49222864571343,"[116533.39370177907,145785.1770951933,66535.56041680294]","[116049.704932027,145906.32685828517,66718.57516408649]","[117307.2957333824,145591.3374742463,66634.73682114926]","[116533.39370177907,145785.1770951933,66575.56041680294]",76.0,1280,720,712427,8a3641fed05e099d294651cf938d426e0be86097c4c61695c117c94c74fb892e,frames/window-0158-forward-00001.png,NATIVE_LOADING_AND_MIPS_READY,UNREVIEWED
window-0158-forward-00002,569,reviewed-VIAL_TR70190001287-0-interval-34-0,forward,32.98445729142686,32.98445729142686,"[117920.98339922959,144920.26454992592,66653.59239009107]","[117536.56987084748,145237.59094553455,66834.4746467147]","[118536.04504464097,144412.5423169521,66756.18077949327]","[117920.98339922959,144920.26454992592,66693.59239009107]",76.0,1280,720,834654,54cfd9e61a4ea352d831ba97b3b1aca82575bcd74b4f872db3a417fd3eaa4869,frames/window-0158-forward-00002.png,NATIVE_LOADING_AND_MIPS_READY,UNREVIEWED
window-0159-forward-00000,570,reviewed-VIAL_TR70190001287-0-interval-36-0,forward,0.0,0.0,"[117995.88743768982,144855.17201963812,66661.35225822245]","[117629.08528386563,145192.74449888253,66842.60950139342]","[118582.77088380852,144315.05605284707,66763.3406691489]","[117995.88743768982,144855.17201963812,66701.35225822245]",76.0,1280,720,834563,38cb94957c340d4872d4c26a269529ff501f1e0c0713ce525bb560ca38bf377d,frames/window-0159-forward-00000.png,NATIVE_LOADING_AND_MIPS_READY,UNREVIEWED
window-0159-forward-00001,571,reviewed-VIAL_TR70190001287-0-interval-36-0,forward,18.03939526387205,18.03939526387205,"[119196.27625664468,143515.38632553985,66788.33496563019]","[118867.36031530099,143890.31989915005,66973.13384476933]","[119722.5417627946,142915.49260776347,66884.65675900757]","[119196.27625664468,143515.38632553985,66828.33496563019]",76.0,1280,720,842272,2f690d2ae03c84e313b9a1089e3cd0cd4b574e12d19825dd186dc980fbdb7352,frames/window-0159-forward-00001.png,NATIVE_LOADING_AND_MIPS_READY,UNREVIEWED
window-0159-forward-00002,572,reviewed-VIAL_TR70190001287-0-interval-36-0,forward,36.0787905277441,36.0787905277441,"[120382.41490748126,142163.29861602897,66926.48422712283]","[120053.80469609545,142537.88368493537,67105.23674083097]","[120908.19124569854,141563.96250577882,67032.48020518983]","[120382.41490748126,142163.29861602897,66966.48422712283]",76.0,1280,720,869816,951edc4504c1746895533288f2b33015e0c1b4eb992a3f4069a3f0e67626ce34,frames/window-0159-forward-00002.png,NATIVE_LOADING_AND_MIPS_READY,UNREVIEWED
window-0159-forward-00003,573,reviewed-VIAL_TR70190001287-0-interval-36-0,forward,54.11818579161614,54.11818579161614,"[121491.97211458813,140749.672168307,67057.91623079669]","[121206.24746244762,141158.56411987735,67243.72858536491]","[121949.13155801293,140095.44504579442,67152.61646348756]","[121491.97211458813,140749.672168307,67097.91623079669]",76.0,1280,720,909184,91b2c9c810aded856ae17163ec5548b0adb249cbf47e83b729d48b56d677f1cc,frames/window-0159-forward-00003.png,NATIVE_LOADING_AND_MIPS_READY,UNREVIEWED
window-0160-forward-00000,574,reviewed-VIAL_TR70190001287-0-interval-38-0,forward,0.0,0.0,"[122477.06328455824,139303.7620381452,67191.06948809975]","[122206.85564935225,139722.6714840774,67372.30468466721]","[122909.39550088783,138633.5069246537,67293.0931735918]","[122477.06328455824,139303.7620381452,67231.06948809975]",76.0,1280,720,898448,c98737ee20a7b04f36a8c51bbcd686587f7ce1fbbbe79e3441722550a58f7438,frames/window-0160-forward-00000.png,NATIVE_LOADING_AND_MIPS_READY,UNREVIEWED
window-0160-forward-00001,575,reviewed-VIAL_TR70190001287-0-interval-38-0,forward,14.50399684667101,14.50399684667101,"[123260.16056258963,138088.8535200551,67311.04884398692]","[122990.27820333779,138507.56889240307,67488.1425609488]","[123691.9723373926,137418.90892429833,67419.69889684791]","[123260.16056258963,138088.8535200551,67351.04884398692]",76.0,1280,720,959820,378a1d1f973ac5763509ef93ea96c69d887bc718103c491727f3cbcd6bf746d3,frames/window-0160-forward-00001.png,NATIVE_LOADING_AND_MIPS_READY,UNREVIEWED
window-0160-forward-00002,576,reviewed-VIAL_TR70190001287-0-interval-38-0,forward,29.00799369334202,29.00799369334202,"[123886.45816578064,136798.74658416957,67426.54399032267]","[123776.47886309306,137285.25330920197,67611.67624765723]","[124062.42505008078,136020.3358241177,67522.33237858738]","[123886.45816578064,136798.74658416957,67466.54399032267]",76.0,1280,720,1019293,8b033cb86684d6beac803eb794eb5b4bfde11a104055d959359f7e019f5aeff5,frames/window-0160-forward-00002.png,NATIVE_LOADING_AND_MIPS_READY,UNREVIEWED
window-0161-forward-00000,577,reviewed-VIAL_TR70190001287-0-interval-4-0,forward,0.0,0.0,"[153249.51969434624,197863.96294739097,57213.40793364143]","[153695.76426739112,198087.9802509012,57407.29225337071]","[152535.52837747443,197505.5352617746,57295.19302207458]","[153249.51969434624,197863.96294739097,57253.40793364143]",76.0,1280,720,1222971,bc9f1040f2e6a3d7dfc95c3ed6742902555396e7a7c32c5acf0db9072462b355,frames/window-0161-forward-00000.png,NATIVE_LOADING_AND_MIPS_READY,UNREVIEWED
window-0161-forward-00001,578,reviewed-VIAL_TR70190001287-0-interval-4-0,forward,19.40347995886682,19.40347995886682,"[151517.8846930931,196994.67237018075,57316.92947147541]","[151964.15391042887,197218.7020443636,57511.3464547636]","[150803.85394535592,196636.2248914882,57397.8622982143]","[151517.8846930931,196994.67237018075,57356.92947147541]",76.0,1280,720,1199778,c4d376c0482f3ea0ef3897799360cd6676fbe100829a6a1936e2a1b02c7ddfda,frames/window-0161-forward-00001.png,NATIVE_LOADING_AND_MIPS_READY,UNREVIEWED
window-0161-forward-00002,579,reviewed-VIAL_TR70190001287-0-interval-4-0,forward,38.80695991773364,38.80695991773364,"[149786.44495264778,196125.4798149591,57423.993613624836]","[150232.44004990679,196349.3718802116,57612.99818915743]","[149072.8527970334,195767.25251055512,57513.5862927727]","[149786.44495264778,196125.4798149591,57463.993613624836]",76.0,1280,720,1214104,d37e682936b57a6ebd0b78121e95b3eac5c55a9cc99de3046f6dfbfb5dac2755,frames/window-0161-forward-00002.png,NATIVE_LOADING_AND_MIPS_READY,UNREVIEWED
window-0161-forward-00003,580,reviewed-VIAL_TR70190001287-0-interval-4-0,forward,58.21043987660046,58.21043987660046,"[148055.23328045002,195256.4017512836,57536.00293455034]","[148501.4441291915,195480.40212401407,57729.175495574484]","[147341.2959224636,194898.00115491485,57618.92683691173]","[148055.23328045002,195256.4017512836,57576.00293455034]",76.0,1280,720,1208732,73ff1aa552f6ea51dfc154dd68328a111f24b9ed08198eb6c135eff8a9ef186d,frames/window-0161-forward-00003.png,NATIVE_LOADING_AND_MIPS_READY,UNREVIEWED
window-0161-forward-00004,581,reviewed-VIAL_TR70190001287-0-interval-4-0,forward,77.61391983546729,77.61391983546729,"[146323.85548153543,194387.2402910143,57644.74446328875]","[146770.1444741527,194611.27989337232,57839.59706493636]","[145609.79309334775,194028.77692724147,57724.980300652576]","[146323.85548153543,194387.2402910143,57684.74446328875]",76.0,1280,720,1198631,dfdf5fc99242fecdcaf68a09de5cd47615a07a98c41f3a1a845e8ebd0abd4256,frames/window-0161-forward-00004.png,NATIVE_LOADING_AND_MIPS_READY,UNREVIEWED
window-0162-forward-00000,582,reviewed-VIAL_TR70190001287-0-interval-40-0,forward,0.0,0.0,"[123949.10503134015,135032.6056594029,67557.02647838098]","[124028.82115463706,135524.81322489097,67739.91782490489]","[123821.5592340651,134245.07355462198,67656.40032394275]","[123949.10503134015,135032.6056594029,67597.02647838098]",76.0,1280,720,930862,95c68ca7f2222280ccf6d9c2347f12f2867de1951f537c49ffd214173dad8124,frames/window-0162-forward-00000.png,NATIVE_LOADING_AND_MIPS_READY,UNREVIEWED
window-0162-forward-00001,583,reviewed-VIAL_TR70190001287-0-interval-40-0,forward,14.196160106052195,14.196160106052195,"[123722.80840131926,133635.33608479664,67665.34556989907]","[123802.52957138582,134127.57481251578,67848.66355827656]","[123595.25452921275,132847.75412044604,67764.03678849514]","[123722.80840131926,133635.33608479664,67705.34556989907]",76.0,1280,720,951352,5545acca21a096adab6e553a3fc2870cf26b8c78e176973522826d32db251bc1,frames/window-0162-forward-00001.png,NATIVE_LOADING_AND_MIPS_READY,UNREVIEWED
window-0162-forward-00002,584,reviewed-VIAL_TR70190001287-0-interval-40-0,forward,28.39232021210439,28.39232021210439,"[123490.59925598052,132238.7162052728,67768.66255215825]","[123591.64239520092,132727.0095091734,67951.78527755289]","[123328.93023322786,131457.44691903182,67867.66619152683]","[123490.59925598052,132238.7162052728,67808.66255215825]",76.0,1280,720,988486,3958cab7ecea9fd42bec6db1da86281c38f86f6262c85c2eb5b120a7d966fefd,frames/window-0162-forward-00002.png,NATIVE_LOADING_AND_MIPS_READY,UNREVIEWED
window-0162-forward-00003,585,reviewed-VIAL_TR70190001287-0-interval-40-0,forward,42.588480318156584,42.588480318156584,"[122994.6339973365,130914.8794170469,67876.02732804742]","[123182.73976893093,131376.35297274266,68055.30416404492]","[122693.66476278543,130176.5217279337,67981.18439045141]","[122994.6339973365,130914.8794170469,67916.02732804742]",76.0,1280,720,1033706,059ae3dbc8a6abac8b55bf0ebc344a52c3c13f96523fb70a9b961b4866e5eba3,frames/window-0162-forward-00003.png,NATIVE_LOADING_AND_MIPS_READY,UNREVIEWED
window-0163-forward-00000,586,reviewed-VIAL_TR70190001287-0-interval-42-0,forward,0.0,0.0,"[122824.71608914202,130498.2403642498,67912.86428245017]","[123015.00860265507,130958.78206165196,68091.7534048772]","[122520.24806752113,129761.37364840633,68018.64168656692]","[122824.71608914202,130498.2403642498,67952.86428245017]",76.0,1280,720,1040685,10117381e58fedb7558710fcb4dcc52bea105db30b0cac723c2745809133f41f,frames/window-0163-forward-00000.png,NATIVE_LOADING_AND_MIPS_READY,UNREVIEWED
window-0163-forward-00001,587,reviewed-VIAL_TR70190001287-0-interval-42-0,forward,14.861179613446204,14.861179613446204,"[122111.74954701646,129201.75744015542,68027.58913598538]","[122371.02280320233,129627.62574821325,68209.99175816803]","[121696.91233711908,128520.3681472629,68127.74494049317]","[122111.74954701646,129201.75744015542,68067.58913598538]",76.0,1280,720,1045808,8808bf7822bee0c07b088cd30fa9fe972abc1cb3286d0cd19778ce36ed489dc4,frames/window-0163-forward-00001.png,NATIVE_LOADING_AND_MIPS_READY,UNREVIEWED
window-0163-forward-00002,588,reviewed-VIAL_TR70190001287-0-interval-42-0,forward,29.722359226892408,29.722359226892408,"[121259.65328134391,127993.81659346876,68140.1922840937]","[121593.48067276053,128364.11412010761,68322.25793942924]","[120725.52945507733,127401.34055084657,68240.88723555683]","[121259.65328134391,127993.81659346876,68180.1922840937]",76.0,1280,720,1028951,e7de8f6cdaaa602d34d58fc0a76135dde90605e4bfd65822148a144d013b4efe,frames/window-0163-forward-00002.png,NATIVE_LOADING_AND_MIPS_READY,UNREVIEWED
window-0163-forward-00003,589,reviewed-VIAL_TR70190001287-0-interval-42-0,forward,44.58353884033861,44.58353884033861,"[120263.57556451112,126896.69568482786,68252.87868167354]","[120598.79864872993,127265.82064653041,68435.83483663946]","[119727.21862976102,126306.09574610378,68352.14883372808]","[120263.57556451112,126896.69568482786,68292.87868167354]",76.0,1280,720,1012333,1bc034e67526122fc7c339c5d1ee3ee88da14124fb96e71a4d2fe8660f2aee45,frames/window-0163-forward-00003.png,NATIVE_LOADING_AND_MIPS_READY,UNREVIEWED
window-0164-forward-00000,590,reviewed-VIAL_TR70190001287-0-interval-44-0,forward,0.0,0.0,"[115491.9416267483,120678.60426800326,68828.10169681053]","[115781.4133775172,121084.59199020003,69010.95233702769]","[115028.7868255181,120029.02391248842,68927.54067246309]","[115491.9416267483,120678.60426800326,68868.10169681053]",76.0,1280,720,968990,9b123d584be6a7b5dfb5022a2ad56532838673bd7d681dde5d742eb9876eb35d,frames/window-0164-forward-00000.png,NATIVE_LOADING_AND_MIPS_READY,UNREVIEWED
window-0164-forward-00001,591,reviewed-VIAL_TR70190001287-0-interval-44-0,forward,14.028686653186725,14.028686653186725,"[114700.98788439063,119525.07928777486,68928.73400321293]","[114950.2888378019,119957.2313943681,69115.66450978977]","[114302.1063589326,118833.63591722568,69021.64519268998]","[114700.98788439063,119525.07928777486,68968.73400321291]",76.0,1280,720,953582,0e32fe8124574aff7270471984a43375bb03bc8513dc575abd3fcb4ea15219c2,frames/window-0164-forward-00001.png,NATIVE_LOADING_AND_MIPS_READY,UNREVIEWED
window-0165-forward-00000,592,reviewed-VIAL_TR70190001287-0-interval-46-0,forward,0.0,0.0,"[115887.00218355516,116371.84361713007,69233.35689385544]","[115388.49527079935,116371.06758259756,69414.75306366873]","[116684.61324396444,116373.0852723821,69335.12302215419]","[115887.00218355516,116371.84361713007,69273.35689385544]",76.0,1280,720,679435,489bda91ecfe39d4fe04bea631019eee7b40a5a90689156fdc361258c4354519,frames/window-0165-forward-00000.png,NATIVE_LOADING_AND_MIPS_READY,UNREVIEWED
window-0165-forward-00001,593,reviewed-VIAL_TR70190001287-0-interval-46-0,forward,16.35747758503175,16.35747758503175,"[117506.44860543261,116539.86309056706,69348.12120199663]","[117017.82181950613,116440.09266305597,69532.20844842064]","[118288.251462915,116699.49577458481,69445.58160771821]","[117506.44860543261,116539.86309056706,69388.12120199662]",76.0,1280,720,702053,58f084e58c18ad65ab44eccab1c1ebd3347458ef0d966c2e18bc6c636625c749,frames/window-0165-forward-00001.png,NATIVE_LOADING_AND_MIPS_READY,UNREVIEWED
window-0165-forward-00002,594,reviewed-VIAL_TR70190001287-0-interval-46-0,forward,32.7149551700635,32.7149551700635,"[119105.25829153176,116865.95921227435,69462.70092192524]","[118615.94664597906,116768.66685490184,69649.409620908]","[119888.15692441606,117021.62698407038,69555.96700355281]","[119105.25829153176,116865.95921227435,69502.70092192524]",76.0,1280,720,683513,dd9fa59fd3aefb6ea4dd565b52b9e863ed09e017ff08578cd831358805b41d91,frames/window-0165-forward-00002.png,NATIVE_LOADING_AND_MIPS_READY,UNREVIEWED
window-0165-forward-00003,595,reviewed-VIAL_TR70190001287-0-interval-46-0,forward,49.07243275509525,49.07243275509525,"[120722.49710516792,116826.1043561548,69567.05460560726]","[120234.9451455193,116932.2008590965,69754.85804202774]","[121502.58024060572,116656.34995144808,69658.5691073345]","[120722.49710516792,116826.1043561548,69607.05460560725]",76.0,1280,720,738328,7178e8badc7d061229ae031749f0840e0e21c0b5c5b5dbcbf0213ac361b89cc5,frames/window-0165-forward-00003.png,NATIVE_LOADING_AND_MIPS_READY,UNREVIEWED
window-0165-forward-00004,596,reviewed-VIAL_TR70190001287-0-interval-46-0,forward,65.429910340127,65.429910340127,"[122106.88538448303,115991.6007774882,69675.71532768346]","[121743.34083519477,116333.07053165538,69860.59029854755]","[122688.55666334424,115445.24917082072,69771.91537430091]","[122106.88538448303,115991.6007774882,69715.71532768346]",76.0,1280,720,757469,044be508ba7529dac3900d97ca51c67cfddc7ca83f8a4f6c42aa9191e3bc179a,frames/window-0165-forward-00004.png,NATIVE_LOADING_AND_MIPS_READY,UNREVIEWED
window-0166-forward-00000,597,reviewed-VIAL_TR70190001287-0-interval-47-0,forward,0.0,0.0,"[122106.88538448303,115991.6007774882,69675.71532768346]","[121744.97306267831,116334.77153346833,69860.31329997383]","[122685.94509937057,115442.52756792,69772.35857201889]","[122106.88538448303,115991.6007774882,69715.71532768346]",76.0,1280,720,758771,edd7b045bd6a01be602043668f6f645b1d3c776b83eb874aadacc5f0eba88f92,frames/window-0166-forward-00000.png,NATIVE_LOADING_AND_MIPS_READY,UNREVIEWED
window-0166-forward-00001,598,reviewed-VIAL_TR70190001287-0-interval-47-0,forward,15.739595187182921,15.739595187182921,"[123269.48449669505,114940.03493190781,69797.32869657494]","[122857.36658135134,115220.15611750672,69976.20759212224]","[123928.87316124502,114491.84103494957,69903.12246369927]","[123269.48449669505,114940.03493190781,69837.32869657493]",76.0,1280,720,707291,dabab55fea4694f83b54fc178c1bd88af6f72766ce71ee6409f50989d2500c24,frames/window-0166-forward-00001.png,NATIVE_LOADING_AND_MIPS_READY,UNREVIEWED
window-0166-forward-00002,599,reviewed-VIAL_TR70190001287-0-interval-47-0,forward,31.479190374365842,31.479190374365842,"[124697.16980642406,114314.78893980384,69922.25046058814]","[124209.71328566734,114419.63772889704,70104.92926289236]","[125477.10023963482,114147.03087725474,70021.96437690141]","[124697.16980642406,114314.78893980384,69962.25046058814]",76.0,1280,720,651834,cdf4176d9b9a2eea26566cbc4164630186fc627cbbb71a6a75bcc900b089de09,frames/window-0166-forward-00002.png,NATIVE_LOADING_AND_MIPS_READY,UNREVIEWED
window-0167-forward-00000,600,reviewed-VIAL_TR70190001287-0-interval-48-0,forward,0.0,0.0,"[124697.16980642406,114314.78893980384,69922.25046058814]","[124209.14825431771,114417.06109705787,70105.16447225957]","[125478.00428979423,114151.15348819738,70021.58804191388]","[124697.16980642406,114314.78893980384,69962.25046058814]",76.0,1280,720,651253,a8c4f9b292486a7eedce97b7226e7c77446052368fe5a940b0c71e7f63b2e5a2,frames/window-0167-forward-00000.png,NATIVE_LOADING_AND_MIPS_READY,UNREVIEWED
window-0167-forward-00001,601,reviewed-VIAL_TR70190001287-0-interval-48-0,forward,12.987918896031136,12.987918896031136,"[125976.02324019535,114131.87564872205,70007.83606093856]","[125476.91280702884,114118.84352346869,70201.02301904239]","[126774.59993326176,114152.72704912742,70090.73692797241]","[125976.02324019535,114131.87564872205,70047.83606093856]",76.0,1280,720,633373,e1241b64258615bfcdcb70fa5658c5946d1c86c86913d3fe9c902b2f50c2714c,frames/window-0167-forward-00001.png,NATIVE_LOADING_AND_MIPS_READY,UNREVIEWED
window-0168-forward-00000,602,reviewed-VIAL_TR70190001287-0-interval-50-0,forward,0.0,0.0,"[126773.98445188883,114178.22540104389,70054.7973669111]","[126276.18963032679,114146.30541127299,70240.42543244376]","[127570.45616638812,114229.29738467732,70149.7924620588]","[126773.98445188883,114178.22540104389,70094.79736691108]",76.0,1280,720,632203,92a6fd78ebef24df96c540c28e63c07d72cefaa8ccce9014f72533b15367b76c,frames/window-0168-forward-00000.png,NATIVE_LOADING_AND_MIPS_READY,UNREVIEWED
window-0168-forward-00001,603,reviewed-VIAL_TR70190001287-0-interval-50-0,forward,15.496163087821117,15.496163087821117,"[128314.57251833586,114206.68987158328,70173.85253888388]","[127823.03021577968,114288.65593961743,70353.01470729607]","[129101.04020242575,114075.54416272866,70279.19306942436]","[128314.57251833586,114206.68987158328,70213.85253888388]",76.0,1280,720,646214,b4208dc2a1428bf1e6294c55b55fa1159601115bd70786f19a5632ac547d5101,frames/window-0168-forward-00001.png,NATIVE_LOADING_AND_MIPS_READY,UNREVIEWED
window-0168-forward-00002,604,reviewed-VIAL_TR70190001287-0-interval-50-0,forward,30.992326175642233,30.992326175642233,"[129731.34743233648,113640.96893576955,70300.76494259412]","[129322.39267579009,113926.40948553021,70484.99205271344]","[130385.6750428107,113184.26405615249,70398.00156640321]","[129731.34743233648,113640.96893576955,70340.76494259412]",76.0,1280,720,852984,ab81cd6eae3922a497e1752c0cb91a8c5e2a50c1414aeec796cee5b340424e59,frames/window-0168-forward-00002.png,NATIVE_LOADING_AND_MIPS_READY,UNREVIEWED
window-0168-forward-00003,605,reviewed-VIAL_TR70190001287-0-interval-50-0,forward,46.48848926346335,46.48848926346335,"[130905.14368810691,112636.26603204757,70408.8200592716]","[130531.85145121558,112966.88895339287,70592.19507111087]","[131502.41126713302,112107.2693578951,70507.4200403288]","[130905.14368810691,112636.26603204757,70448.8200592716]",76.0,1280,720,845707,8413f8c4bf5f2f31d75b93b453313736034b880088dfff2692ec7012420e3ee6,frames/window-0168-forward-00003.png,NATIVE_LOADING_AND_MIPS_READY,UNREVIEWED
window-0169-forward-00000,606,reviewed-VIAL_TR70190001287-0-interval-52-0,forward,0.0,0.0,"[133854.36905645765,109591.56586853787,70719.3089486824]","[133553.39120327277,109989.11468965492,70902.33237879485]","[134335.9336215535,108955.48775475059,70818.47146050251]","[133854.36905645765,109591.56586853787,70759.3089486824]",76.0,1280,720,939746,ccab1d8993999bdc11e64167cc228f2dbb0362179683002b12bd94cc8cbe1fb9,frames/window-0169-forward-00000.png,NATIVE_LOADING_AND_MIPS_READY,UNREVIEWED
window-0169-forward-00001,607,reviewed-VIAL_TR70190001287-0-interval-52-0,forward,9.51401032363151,9.51401032363151,"[134405.50284975325,108819.76424306631,70786.96745682527]","[134148.34007922577,109247.22594966236,70973.14736148773]","[134816.9632825972,108135.82551251266,70881.07960936532]","[134405.50284975325,108819.76424306631,70826.96745682527]",76.0,1280,720,963741,4e8cd954db24763b80c586750be0bc28843966f2018b4e8528f90eb672a33243,frames/window-0169-forward-00001.png,NATIVE_LOADING_AND_MIPS_READY,UNREVIEWED
window-0170-forward-00000,608,reviewed-VIAL_TR70190001287-0-interval-54-0,forward,0.0,0.0,"[134480.73567097308,108690.24462327361,70797.19220395263]","[134234.58390234644,109124.10722271434,70982.94966303484]","[134874.5785007757,107996.06446416845,70891.98026942107]","[134480.73567097308,108690.24462327361,70837.19220395263]",76.0,1280,720,956818,0acddbc3079b8268f8840dfcc12ba45b0692a45651f58b1c35c1d0e9faa24b1b,frames/window-0170-forward-00000.png,NATIVE_LOADING_AND_MIPS_READY,UNREVIEWED
window-0170-forward-00001,609,reviewed-VIAL_TR70190001287-0-interval-54-0,forward,9.521133903849195,9.521133903849195,"[134941.1378458899,107859.51510714367,70863.7112274561]","[134700.30016111096,108296.21276237321,71047.76171414438]","[135326.47814153615,107160.79885877638,70961.23044875482]","[134941.1378458899,107859.51510714367,70903.71122745608]",76.0,1280,720,950982,c71d3f75a1089601392e051a23ae5b6a5ff427af4866fd4dee05e0d45568ef34,frames/window-0170-forward-00001.png,NATIVE_LOADING_AND_MIPS_READY,UNREVIEWED
window-0171-forward-00000,610,reviewed-VIAL_TR70190001287-0-interval-56-0,forward,0.0,0.0,"[135448.16679813084,106940.14754723758,70937.67283883716]","[135207.29719293214,107376.9030830335,71122.65234136728]","[135833.55816644875,106241.33868996409,71033.70563478896]","[135448.16679813084,106940.14754723758,70977.67283883716]",76.0,1280,720,986874,1003dc697cc75b93dc446c41b29aeefb7ab9f1321b1557d51e31217e11d60f51,frames/window-0171-forward-00000.png,NATIVE_LOADING_AND_MIPS_READY,UNREVIEWED
window-0171-forward-00001,611,reviewed-VIAL_TR70190001287-0-interval-56-0,forward,19.04401921805316,19.04401921805316,"[136360.14470974915,105274.32669615373,71078.21187575556]","[136140.15465470232,105721.76193851657,71260.7141481952]","[136712.12879782406,104558.43030837316,71178.20823985216]","[136360.14470974915,105274.32669615373,71118.21187575556]",76.0,1280,720,1066423,c8ebe74dac9f15a85a566506f392d3bf4f6f9bed706f72068f8aa451efcf2897,frames/window-0171-forward-00001.png,NATIVE_LOADING_AND_MIPS_READY,UNREVIEWED
window-0172-forward-00000,612,reviewed-VIAL_TR70190001287-0-interval-58-0,forward,0.0,0.0,"[136739.20857568155,103983.04430944845,71171.70638774127]","[136612.19817113967,104465.38290399933,71356.80886139945]","[136942.42522294857,103211.30255816704,71267.5424298882]","[136739.20857568155,103983.04430944845,71211.70638774127]",76.0,1280,720,976023,f590e795c708a572f36179a0e26ab172875bfc790f2e9e69f891e362b3e6cec5,frames/window-0172-forward-00000.png,NATIVE_LOADING_AND_MIPS_READY,UNREVIEWED
window-0172-forward-00001,613,reviewed-VIAL_TR70190001287-0-interval-58-0,forward,15.024028744261843,15.024028744261843,"[136960.60396493337,102506.21752051284,71280.9935617679]","[136934.13154037102,103004.18155334619,71464.51024034372]","[137002.95984423318,101709.47506797948,71379.3668760466]","[136960.60396493337,102506.21752051284,71320.9935617679]",76.0,1280,720,887565,a147f419a4206348117bcc132791ba29f0b6cda6e0c62cb9783aafc9714d706a,frames/window-0172-forward-00001.png,NATIVE_LOADING_AND_MIPS_READY,UNREVIEWED
window-0172-forward-00002,614,reviewed-VIAL_TR70190001287-0-interval-58-0,forward,30.048057488523686,30.048057488523686,"[137040.15942862607,101009.72597682849,71387.67418018555]","[137013.67432291544,101507.92855038907,71574.61763963601]","[137082.53559776308,100212.60185913155,71480.56464506483]","[137040.15942862607,101009.72597682849,71427.67418018555]",76.0,1280,720,840976,bc456af82bb3855c77aac321dc657ff1fb2835f1031e47da8484eb1a859abe22,frames/window-0172-forward-00002.png,NATIVE_LOADING_AND_MIPS_READY,UNREVIEWED
window-0173-forward-00000,615,reviewed-VIAL_TR70190001287-0-interval-6-0,forward,0.0,0.0,"[142838.68252283428,192637.66372855753,57886.10528148224]","[143284.44437450953,192861.43870230575,58071.16057208243]","[142125.46356015388,192279.62377056037,57982.016816521944]","[142838.68252283428,192637.66372855753,57926.10528148224]",76.0,1280,720,1145540,2701742be563ba9468822f4d877ce7b40a9f0b9dad12b71c5369c56e410ea6d2,frames/window-0173-forward-00000.png,NATIVE_LOADING_AND_MIPS_READY,UNREVIEWED
window-0173-forward-00001,616,reviewed-VIAL_TR70190001287-0-interval-6-0,forward,16.7103084939012,16.7103084939012,"[141349.19729639206,191889.93370959203,58007.039852949856]","[141794.3554049615,192113.40560088234,58183.51316943266]","[140636.94432268094,191532.37868352755,58116.682546577365]","[141349.19729639206,191889.93370959203,58047.039852949856]",76.0,1280,720,1162396,b4785debb43fb7ab53da215b399daa77d1851a176f48563ae7fab8d9b4c890d7,frames/window-0173-forward-00001.png,NATIVE_LOADING_AND_MIPS_READY,UNREVIEWED
window-0173-forward-00002,617,reviewed-VIAL_TR70190001287-0-interval-6-0,forward,33.4206169878024,33.4206169878024,"[139860.03109762652,191142.36384432582,58131.86524200671]","[140305.490751592,191365.98711308336,58312.389548736406]","[139147.2956512818,190784.56661431378,58235.026351239205]","[139860.03109762652,191142.36384432582,58171.86524200671]",76.0,1280,720,1142939,32c528a36159fcafe989c38f978adfe70fb0279dc70068fb4258077d8dcebdc6,frames/window-0173-forward-00002.png,NATIVE_LOADING_AND_MIPS_READY,UNREVIEWED
window-0173-forward-00003,618,reviewed-VIAL_TR70190001287-0-interval-6-0,forward,50.1309254817036,50.1309254817036,"[138371.19834412602,190394.96137047707,58262.64603738056]","[138816.56661928035,190618.53876745314,58441.899908147374]","[137658.60910387913,190037.23753531536,58367.83984415365]","[138371.19834412602,190394.96137047707,58302.64603738055]",76.0,1280,720,1156306,59f833fa8b0099e9d4ffd63693b5c2c8f6e45441ed2e709a5286fefcdf1e1347,frames/window-0173-forward-00003.png,NATIVE_LOADING_AND_MIPS_READY,UNREVIEWED
window-0173-forward-00004,619,reviewed-VIAL_TR70190001287-0-interval-6-0,forward,66.8412339756048,66.8412339756048,"[136837.9934604183,189758.0337249122,58405.30903547003]","[137318.82757744132,189889.4209710233,58586.11792083884]","[136068.6588731815,189547.81413113445,58508.01481887993]","[136837.9934604183,189758.0337249122,58445.30903547003]",76.0,1280,720,1147643,9a1779aebb8ab9ccb67b69b3375d2f73c179107b723bc30558536f59dc597369,frames/window-0173-forward-00004.png,NATIVE_LOADING_AND_MIPS_READY,UNREVIEWED
window-0173-forward-00005,620,reviewed-VIAL_TR70190001287-0-interval-6-0,forward,83.551542469506,83.551542469506,"[135230.61096390997,189318.81871969733,58530.80727445771]","[135711.54098448963,189450.23217039168,58712.90186215463]","[134461.12293098253,189108.55719858638,58631.45593414265]","[135230.61096390997,189318.81871969733,58570.80727445771]",76.0,1280,720,1164576,bb259265a3e62775f57ade9ff33f69f0f5e3b9e0d97927a4e72dd7757febaf50,frames/window-0173-forward-00005.png,NATIVE_LOADING_AND_MIPS_READY,UNREVIEWED
window-0173-forward-00006,621,reviewed-VIAL_TR70190001287-0-interval-6-0,forward,100.2618509634072,100.2618509634072,"[133623.30605218303,188879.62491447106,58657.376069219186]","[134104.1851063166,189011.0244396003,58838.78202704443]","[132853.89956556927,188669.3856742643,58759.126536698794]","[133623.30605218303,188879.62491447106,58697.376069219186]",76.0,1280,720,1185972,5511b226e0dafeee7695f32ece38949ca4d2b4dce82fdec9bb737d6ef72c5f14,frames/window-0173-forward-00006.png,NATIVE_LOADING_AND_MIPS_READY,UNREVIEWED
window-0174-forward-00000,622,reviewed-VIAL_TR70190001287-0-interval-6-1,forward,0.0,0.0,"[133623.30605218303,188879.62491447106,58657.376069219186]","[134104.1586959275,189011.01722296688,58838.43000045608]","[132853.9418221919,188669.39722087776,58759.68977924016]","[133623.30605218303,188879.62491447106,58697.376069219186]",76.0,1280,720,1186211,c66ff9df5210b303eda08be25be8e6dcc78b69e38f33488e10fd7cbf1870b2df,frames/window-0174-forward-00000.png,NATIVE_LOADING_AND_MIPS_READY,UNREVIEWED
window-0174-forward-00001,623,reviewed-VIAL_TR70190001287-0-interval-6-1,forward,13.04478635514223,13.04478635514223,"[132369.3843625253,188536.99257727712,58766.62134237316]","[132849.90389628834,188668.29386393912,58943.48261507305]","[131600.55310850445,188326.91051861795,58875.643306053345]","[132369.3843625253,188536.99257727712,58806.62134237316]",76.0,1280,720,1192871,ec2377b96df401003638d63f3ded7980e15d0adaf5ffb7d4d48ff23d00838638,frames/window-0174-forward-00001.png,NATIVE_LOADING_AND_MIPS_READY,UNREVIEWED
window-0175-forward-00000,624,reviewed-VIAL_TR70190001287-0-interval-60-0,forward,0.0,0.0,"[137077.31676187832,100310.77165734023,71434.82725960044]","[137050.83560765334,100808.89989971725,71620.66583958747]","[137119.6866086383,99513.766469537,71529.48553162119]","[137077.31676187832,100310.77165734023,71474.82725960042]",76.0,1280,720,822169,c02d0e45703a58eed398588b5dac447d7a61eb1dfde2796a35029b5c882dc2fa,frames/window-0175-forward-00000.png,NATIVE_LOADING_AND_MIPS_READY,UNREVIEWED
window-0175-forward-00001,625,reviewed-VIAL_TR70190001287-0-interval-60-0,forward,13.961629560418281,13.961629560418281,"[137382.0589470968,98966.51516277343,71528.89034276624]","[137186.32041554074,99425.42607457102,71715.91759193505]","[137695.2405975865,98232.25770389728,71621.64674409617]","[137382.0589470968,98966.51516277343,71568.89034276624]",76.0,1280,720,919063,138c86b0aa49e00dbd0e9f7495342089ae11ba2013482bac6fc37570e4df68b2,frames/window-0175-forward-00001.png,NATIVE_LOADING_AND_MIPS_READY,UNREVIEWED
window-0176-forward-00000,626,reviewed-VIAL_TR70190001287-0-interval-62-0,forward,0.0,0.0,"[138162.37276523025,97296.64285080507,71662.6633285609]","[137869.77189218387,97700.08295200924,71842.40399631513]","[138630.53416210445,96651.13868887843,71767.07826015413]","[138162.37276523025,97296.64285080507,71702.66332856088]",76.0,1280,720,938947,9d0de3a87c88d1cf2a40182e51ec0d254d533119bb0ff4f4adf2443d285c707e,frames/window-0176-forward-00000.png,NATIVE_LOADING_AND_MIPS_READY,UNREVIEWED
window-0176-forward-00001,627,reviewed-VIAL_TR70190001287-0-interval-62-0,forward,16.514970031067357,16.514970031067357,"[139303.31727151322,96117.12126965146,71790.31441388444]","[138930.67284795386,96448.3948292185,71972.97860905994]","[139899.5483492082,95587.0835743442,71890.05170160366]","[139303.31727151322,96117.12126965146,71830.31441388444]",76.0,1280,720,1019234,c46f0f30688c50e6d1b5d9894b7fa0d9264a4f1efe338805875fa53f9cbb3679,frames/window-0176-forward-00001.png,NATIVE_LOADING_AND_MIPS_READY,UNREVIEWED
window-0176-forward-00002,628,reviewed-VIAL_TR70190001287-0-interval-62-0,forward,33.02994006213471,33.02994006213471,"[140533.27638804182,95021.99814568015,71914.13185865112]","[140164.73416569107,95357.84255138524,72096.9140470369]","[141122.94394380305,94484.64709655203,72013.6803572339]","[140533.27638804182,95021.99814568015,71954.13185865112]",76.0,1280,720,1045023,c5f84406c1eaf89786a75b3328cfff3fa995a9ddf308939c8d969ad03db4ccc2,frames/window-0176-forward-00002.png,NATIVE_LOADING_AND_MIPS_READY,UNREVIEWED
window-0176-forward-00003,629,reviewed-VIAL_TR70190001287-0-interval-62-0,forward,49.54491009320207,49.54491009320207,"[141588.10628529487,93761.87021769084,72028.74740035448]","[141319.34916185404,94182.35605674285,72217.74308200117]","[142018.11768280016,93089.09287520763,72118.35430971978]","[141588.10628529487,93761.87021769084,72068.74740035448]",76.0,1280,720,938724,375e4b508b70f05f41d987777d7831a4e201af89bdde49954549a101223d47c4,frames/window-0176-forward-00003.png,NATIVE_LOADING_AND_MIPS_READY,UNREVIEWED
window-0176-forward-00004,630,reviewed-VIAL_TR70190001287-0-interval-62-0,forward,66.05988012426943,66.05988012426943,"[142280.5380789854,92271.11189486459,72117.88740975277]","[142133.86414433058,92748.63032606883,72316.37218832431]","[142515.21637443313,91507.08240493781,72192.3117640383]","[142280.5380789854,92271.11189486459,72157.88740975276]",76.0,1280,720,830071,d84f5556cc24b88de1bd2874f593fbb3e8b0a6ffa825368a7cf641757f3f8578,frames/window-0176-forward-00004.png,NATIVE_LOADING_AND_MIPS_READY,UNREVIEWED
window-0177-forward-00000,631,reviewed-VIAL_TR70190001287-0-interval-64-0,forward,0.0,0.0,"[142731.26426226227,89811.90095786005,72178.5697361541]","[142812.34202438936,90305.21614000508,72406.72617861845]","[142601.5398428589,89022.596666428,72205.51942821115]","[142731.26426226227,89811.90095786005,72218.5697361541]",76.0,1280,720,692713,3c0eaf17cf3d8fce8225399cd1ec1ebc3992d3a4403134478104add76714a8c6,frames/window-0177-forward-00000.png,NATIVE_LOADING_AND_MIPS_READY,UNREVIEWED
window-0177-forward-00001,632,reviewed-VIAL_TR70190001287-0-interval-64-0,forward,16.396376991906152,16.396376991906152,"[142181.46892708508,88274.98953122304,72144.20331050202]","[142386.385776998,88730.90127570058,72376.59548017486]","[141853.6019672244,87545.53074005897,72164.37583902547]","[142181.46892708508,88274.98953122304,72184.20331050202]",76.0,1280,720,595933,7ba0bb092989b30de36d2dd07d4a2649754151c337d779aaf5882642740da2dc,frames/window-0177-forward-00001.png,NATIVE_LOADING_AND_MIPS_READY,UNREVIEWED
window-0177-forward-00002,633,reviewed-VIAL_TR70190001287-0-interval-64-0,forward,32.792753983812304,32.792753983812304,"[141510.08262330998,86781.24755083128,72067.64896244915]","[141714.56889196238,87236.2013124156,72322.32518993846]","[141182.90459346614,86053.32153229637,72052.16699846626]","[141510.08262330998,86781.24755083128,72107.64896244915]",76.0,1280,720,561633,f74bb469e6bde9417f7df5df1766224cf735bd2372ad007c0855e0688346e4a9,frames/window-0177-forward-00002.png,NATIVE_LOADING_AND_MIPS_READY,UNREVIEWED
window-0177-forward-00003,634,reviewed-VIAL_TR70190001287-0-interval-64-0,forward,49.189130975718456,49.189130975718456,"[140840.09254339768,85290.6119762197,71935.39509325882]","[141044.39057162995,85745.14692788775,72196.14179094761]","[140513.21569822606,84563.35605355083,71910.20037695674]","[140840.09254339768,85290.6119762197,71975.39509325882]",76.0,1280,720,754650,c5c5ea6637345b051018b81fd54f023c0af464eb101fbd939cfc93a54744ccc1,frames/window-0177-forward-00003.png,NATIVE_LOADING_AND_MIPS_READY,UNREVIEWED
window-0177-forward-00004,635,reviewed-VIAL_TR70190001287-0-interval-64-0,forward,65.58550796762461,65.58550796762461,"[140170.66437851172,83801.22658489272,71787.27515609105]","[140374.69474810365,84255.16603311,72055.34370751887]","[139844.2157871646,83074.92346774507,71750.36547380654]","[140170.66437851172,83801.22658489272,71827.27515609105]",76.0,1280,720,890600,f17fbc7fe68340937f1e52ff5019a397c12a38261a3a9264a2875360cdb63d39,frames/window-0177-forward-00004.png,NATIVE_LOADING_AND_MIPS_READY,UNREVIEWED
window-0178-forward-00000,636,reviewed-VIAL_TR70190001287-0-interval-66-0,forward,0.0,0.0,"[136636.31109843263,77939.14023404941,71126.54223399489]","[136893.2806904328,78365.33797982897,71394.73051347955]","[136225.15975123236,77257.22384080211,71089.44098681943]","[136636.31109843263,77939.14023404941,71166.54223399489]",76.0,1280,720,934246,491e74d740a54d5c79853cb2230498db9617e5eac535afeb332ece75b7fa58e3,frames/window-0178-forward-00000.png,NATIVE_LOADING_AND_MIPS_READY,UNREVIEWED
window-0178-forward-00001,637,reviewed-VIAL_TR70190001287-0-interval-66-0,forward,16.711452222406866,16.711452222406866,"[135943.00428152314,76429.89027186277,70969.3441523009]","[136097.4980997597,76903.30519814038,71234.17681566432]","[135695.8141723447,75672.42638981859,70937.61189091942]","[135943.00428152314,76429.89027186277,71009.3441523009]",76.0,1280,720,1021861,b716dbfd7af591c221247c001fb67c12bbc961b76987cfc2d92b7cea02b26a5b,frames/window-0178-forward-00001.png,NATIVE_LOADING_AND_MIPS_READY,UNREVIEWED
window-0178-forward-00002,638,reviewed-VIAL_TR70190001287-0-interval-66-0,forward,33.42290444481373,33.42290444481373,"[135675.6325705942,74789.73309332549,70821.8553281596]","[135697.26539674104,75287.45341539613,71084.35829077165]","[135641.0200487593,73993.38057801248,70793.85058798031]","[135675.6325705942,74789.73309332549,70861.8553281596]",76.0,1280,720,1146956,6a852d872e111dbb82f5dfbc51b01cfce87eeff1f68f01e2e02145c7c02f46c9,frames/window-0178-forward-00002.png,NATIVE_LOADING_AND_MIPS_READY,UNREVIEWED
window-0178-forward-00003,639,reviewed-VIAL_TR70190001287-0-interval-66-0,forward,50.1343566672206,50.1343566672206,"[135698.74584727216,73124.90926799677,70679.76109096692]","[135689.65807240753,73622.97281501292,70942.77405972853]","[135713.28628705558,72328.00759277091,70650.94034094835]","[135698.74584727216,73124.90926799677,70719.76109096692]",76.0,1280,720,1141920,03da367dcf795bf3f64d0f4e09883d8d61f6e8d94f93825ffcbdc4ae87a119c1,frames/window-0178-forward-00003.png,NATIVE_LOADING_AND_MIPS_READY,UNREVIEWED
window-0178-forward-00004,640,reviewed-VIAL_TR70190001287-0-interval-66-0,forward,66.84580888962746,66.84580888962746,"[135729.12470748255,71459.96893530732,70539.15850011387]","[135720.03770636284,71957.99007747631,70802.65986059082]","[135743.6639092741,70663.13510783693,70509.55632335076]","[135729.12470748255,71459.96893530732,70579.15850011387]",76.0,1280,720,1098011,63cd7428263f2a8b969e6b5674fafecf62836309e1164023a61232fe2c568a6c,frames/window-0178-forward-00004.png,NATIVE_LOADING_AND_MIPS_READY,UNREVIEWED
window-0178-forward-00005,641,reviewed-VIAL_TR70190001287-0-interval-66-0,forward,83.55726111203434,83.55726111203434,"[135675.4947530907,69798.80891819864,70395.98755769504]","[135750.11100193136,70291.22010523573,70660.30051618002]","[135556.1087549457,69010.95101893932,70365.08682411906]","[135675.4947530907,69798.80891819864,70435.98755769503]",76.0,1280,720,1075130,bdcf4af31770e6cf0bedb46cfe33e798abab66568ca2951571fc89a20344b944,frames/window-0178-forward-00005.png,NATIVE_LOADING_AND_MIPS_READY,UNREVIEWED
window-0178-forward-00006,642,reviewed-VIAL_TR70190001287-0-interval-66-0,forward,100.2687133344412,100.2687133344412,"[135377.96333618462,68162.6082255505,70245.95786681282]","[135517.25735246192,68640.76225306814,70510.2963715014]","[135155.092910141,67397.5617815223,70215.01625931109]","[135377.96333618462,68162.6082255505,70285.95786681282]",76.0,1280,720,1044059,3d79428ea5d4bf5a8b0289fe230fb995cc9f1ffa5b75d2277c747d35d071a209,frames/window-0178-forward-00006.png,NATIVE_LOADING_AND_MIPS_READY,UNREVIEWED
window-0179-forward-00000,643,reviewed-VIAL_TR70190001287-0-interval-66-1,forward,0.0,0.0,"[135377.96333618462,68162.6082255505,70245.95786681282]","[135520.63145605853,68639.76629529666,70510.29728548008]","[135149.69434438634,67399.15531395662,70215.01479694521]","[135377.96333618462,68162.6082255505,70285.95786681282]",76.0,1280,720,1042922,827df67f4f5f0a20b7d6df82319475a9fb39416628e35eef8546199959b26b98,frames/window-0179-forward-00000.png,NATIVE_LOADING_AND_MIPS_READY,UNREVIEWED
window-0179-forward-00001,644,reviewed-VIAL_TR70190001287-0-interval-66-1,forward,16.73617039326405,16.73617039326405,"[134861.94857444149,66578.2205210037,70090.05690695254]","[135017.3946968132,67051.012614563,70358.05835804949]","[134613.2347786467,65821.75317130884,70053.25458519741]","[134861.94857444149,66578.2205210037,70130.05690695254]",76.0,1280,720,1017268,9b2d9d1248238287f72741ee51e0fa9039cc91aa0790721e4b2566c2dd347f82,frames/window-0179-forward-00001.png,NATIVE_LOADING_AND_MIPS_READY,UNREVIEWED
window-0179-forward-00002,645,reviewed-VIAL_TR70190001287-0-interval-66-1,forward,33.4723407865281,33.4723407865281,"[134341.2774322163,64994.59015940103,69941.80808636993]","[134496.90238784684,65467.92617743742,70203.44805772504]","[134092.27750320744,64237.25253054281,69915.18413220176]","[134341.2774322163,64994.59015940103,69981.80808636993]",76.0,1280,720,1009963,5b7389cb37d84095d30c82b9cd13ae40d87717318612a52a6b055dc42ff803ac,frames/window-0179-forward-00002.png,NATIVE_LOADING_AND_MIPS_READY,UNREVIEWED
window-0179-forward-00003,646,reviewed-VIAL_TR70190001287-0-interval-66-1,forward,50.20851117979215,50.20851117979215,"[133820.32868492565,63410.115457445696,69803.8931745418]","[133975.88137131976,63883.23166716204,70068.21488320937]","[133571.4443866951,62653.12952189952,69772.97844067369]","[133820.32868492565,63410.115457445696,69843.8931745418]",76.0,1280,720,1012743,1238b478b9169d3cc255279cf20145a79fac02c15f9a05c49b9a362f548412b6,frames/window-0179-forward-00003.png,NATIVE_LOADING_AND_MIPS_READY,UNREVIEWED
window-0179-forward-00004,647,reviewed-VIAL_TR70190001287-0-interval-66-1,forward,66.9446815730562,66.9446815730562,"[133299.9762825815,61827.451681154205,69644.62856152869]","[133455.3766175875,62300.10686219482,69914.10396668619]","[133051.33574657197,61071.20339148924,69605.46791327669]","[133299.9762825815,61827.451681154205,69684.62856152869]",76.0,1280,720,1025028,910def804460cf9a48402f99fad26ff8e23c0bcd2f7d3e50b4dc91996796edad,frames/window-0179-forward-00004.png,NATIVE_LOADING_AND_MIPS_READY,UNREVIEWED
window-0179-forward-00005,648,reviewed-VIAL_TR70190001287-0-interval-66-1,forward,83.68085196632025,83.68085196632025,"[132779.69695888102,60245.005171425284,69482.87659071099]","[132935.1368410418,60717.78063549842,69751.06168803645]","[132530.99314742378,59488.56442890825,69445.78043499027]","[132779.69695888102,60245.005171425284,69522.87659071099]",76.0,1280,720,1034180,d0a38f2bcf4ef7b21ab53575cafa32cdd02fec9aad4d8d09e684f3f8b814ec7a,frames/window-0179-forward-00005.png,NATIVE_LOADING_AND_MIPS_READY,UNREVIEWED
window-0179-forward-00006,649,reviewed-VIAL_TR70190001287-0-interval-66-1,forward,100.4170223595843,100.4170223595843,"[132259.42699672887,58662.58713519201,69320.81136725508]","[132414.86933178996,59135.37006076838,69588.91527306529]","[132010.71926063113,57906.134454269806,69283.84511795876]","[132259.42699672887,58662.58713519201,69360.81136725508]",76.0,1280,720,1042386,e97face04b842c8d9985000d68f45f1c6529a6365952c4d2efc6c8c81dadfc7f,frames/window-0179-forward-00006.png,NATIVE_LOADING_AND_MIPS_READY,UNREVIEWED
window-0180-forward-00000,650,reviewed-VIAL_TR70190001287-0-interval-66-2,forward,0.0,0.0,"[132259.42699672887,58662.58713519201,69320.81136725508]","[132414.86821481466,59135.366662172135,69588.9522707411]","[132010.7210477916,57906.139892023806,69283.78592167747]","[132259.42699672887,58662.58713519201,69360.81136725508]",76.0,1280,720,1042409,5475d9058f042b9c93cd69b8c6465b3fd2254dadb5ce6d7c89b313b87de7b632,frames/window-0180-forward-00000.png,NATIVE_LOADING_AND_MIPS_READY,UNREVIEWED
window-0180-forward-00001,651,reviewed-VIAL_TR70190001287-0-interval-66-2,forward,16.74635273499198,16.74635273499198,"[131768.99558079618,57070.7793737232,69154.1214996876]","[131882.96214514264,57554.70411830556,69427.30480338311]","[131586.64907784187,56296.49978239144,69109.02821377477]","[131768.99558079618,57070.7793737232,69194.1214996876]",76.0,1280,720,1075778,2fc7b4b147d5f67f7aeac5ddd9720945eb3ec55d3783153048366f4accb3112e,frames/window-0180-forward-00001.png,NATIVE_LOADING_AND_MIPS_READY,UNREVIEWED
window-0180-forward-00002,652,reviewed-VIAL_TR70190001287-0-interval-66-2,forward,33.49270546998396,33.49270546998396,"[131405.0762704547,55444.74704958223,68986.95776143692]","[131513.2568649643,55930.38006143431,69256.53131054346]","[131231.98731923933,54667.73423061889,68947.64008286646]","[131405.0762704547,55444.74704958223,69026.95776143692]",76.0,1280,720,1074605,ded07eca3dcd5c6d7188c6ef59639b98cae571214157f33d4f47f36a5bfe203d,frames/window-0180-forward-00002.png,NATIVE_LOADING_AND_MIPS_READY,UNREVIEWED
window-0180-forward-00003,653,reviewed-VIAL_TR70190001287-0-interval-66-2,forward,50.23905820497594,50.23905820497594,"[131042.71215214959,53818.05994356916,68822.72623250113]","[131150.95579302043,54303.97597562575,69089.29794066616]","[130869.5223267562,53040.594292278634,68788.21149943705]","[131042.71215214959,53818.05994356916,68862.72623250113]",76.0,1280,720,1051048,f0feac815d04efe308c2d47eea1e3fad2a3d7d47e434c5b8e6a8417883c3386b,frames/window-0180-forward-00003.png,NATIVE_LOADING_AND_MIPS_READY,UNREVIEWED
window-0180-forward-00004,654,reviewed-VIAL_TR70190001287-0-interval-66-2,forward,66.98541093996792,66.98541093996792,"[130680.16609565838,52190.55609983504,68667.1917753557]","[130788.39510414234,52676.406447418325,68934.47730671358]","[130506.99968208405,51413.195543701804,68631.53492518309]","[130680.16609565838,52190.55609983504,68707.1917753557]",76.0,1280,720,1013798,614d6db21cde7ba98bb1e468bbe59df12ada89e44f9f04de83068a1b457db603,frames/window-0180-forward-00004.png,NATIVE_LOADING_AND_MIPS_READY,UNREVIEWED
window-0180-forward-00005,655,reviewed-VIAL_TR70190001287-0-interval-66-2,forward,83.73176367495991,83.73176367495991,"[130317.85742562167,50564.11790645494,68500.38515160102]","[130426.0159107955,51049.651666462254,68770.96884440881]","[130144.80384934356,49787.263890443246,68459.45124310855]","[130317.85742562167,50564.11790645494,68540.38515160102]",76.0,1280,720,970606,b58dddc3e8fef8139978ab10d386b11fe3ceacc0b49c8306d7b65264fa4cc502,frames/window-0180-forward-00005.png,NATIVE_LOADING_AND_MIPS_READY,UNREVIEWED
window-0180-forward-00006,656,reviewed-VIAL_TR70190001287-0-interval-66-2,forward,100.47811640995188,100.47811640995188,"[129955.6865960767,48938.29849213362,68327.38145650647]","[130063.87376310852,49423.96100840501,68596.65068806706]","[129782.5871288258,48161.23846609939,68288.55068600952]","[129955.6865960767,48938.29849213362,68367.38145650647]",76.0,1280,720,964107,77475486eaf685e94b5969a2a85ec03b4d804dc9219a95869e7fe3838bd7e1c1,frames/window-0180-forward-00006.png,NATIVE_LOADING_AND_MIPS_READY,UNREVIEWED
window-0181-forward-00000,657,reviewed-VIAL_TR70190001287-0-interval-66-3,forward,0.0,0.0,"[129955.6865960767,48938.29849213362,68327.38145650647]","[130063.87929377511,49423.98583661521,68596.39312425157]","[129782.57827975927,48161.19874096306,68288.96278811431]","[129955.6865960767,48938.29849213362,68367.38145650647]",76.0,1280,720,964214,7a5ac8337eaec90fb09dc848fa9815b75e8e69105709891ddc670972e75c690c,frames/window-0181-forward-00000.png,NATIVE_LOADING_AND_MIPS_READY,UNREVIEWED
window-0181-forward-00001,658,reviewed-VIAL_TR70190001287-0-interval-66-3,forward,17.201363816651,17.201363816651,"[129583.55547470042,47267.76637737542,68155.05684443445]","[129691.74695973512,47753.448278353935,68424.12509922184]","[129410.44909864491,46490.675335809785,68116.54763677463]","[129583.55547470042,47267.76637737542,68195.05684443445]",76.0,1280,720,913440,42395f0db8991ec6c42c360fdfb39aaa008c0c7e4f296f091a04aaaff36d0a9e,frames/window-0181-forward-00001.png,NATIVE_LOADING_AND_MIPS_READY,UNREVIEWED
window-0181-forward-00002,659,reviewed-VIAL_TR70190001287-0-interval-66-3,forward,34.402727633302,34.402727633302,"[129211.2502631216,45596.45275506608,67990.89010108364]","[129319.46127939357,46082.222334559614,68259.03874172964]","[129038.11263708648,44819.22142787641,67953.85227605005]","[129211.2502631216,45596.45275506608,68030.89010108364]",76.0,1280,720,861271,4167d651a3acbe53c84c58e4a8ad88ff3a9aab736ed7b6969d61f381423b04ec,frames/window-0181-forward-00002.png,NATIVE_LOADING_AND_MIPS_READY,UNREVIEWED
window-0181-forward-00003,660,reviewed-VIAL_TR70190001287-0-interval-66-3,forward,51.604091449953,51.604091449953,"[128838.99884056114,43925.38059681466,67824.20874652332]","[128947.23980172882,44411.28460273037,68090.91197297034]","[128665.81330269283,43147.93418734952,67789.48358420808]","[128838.99884056114,43925.38059681466,67864.20874652332]",76.0,1280,720,863769,ff7b8f5609de8fb4903073c3ca51de4b1a08a78f359f6f05948503335b1425c7,frames/window-0181-forward-00003.png,NATIVE_LOADING_AND_MIPS_READY,UNREVIEWED
window-0181-forward-00004,661,reviewed-VIAL_TR70190001287-0-interval-66-3,forward,68.805455266604,68.805455266604,"[128466.39871969819,42252.743098605424,67675.28249971365]","[128574.85024645955,42739.59235066789,67930.15472518535]","[128292.87627688002,41473.784295305486,67659.48693895893]","[128466.39871969819,42252.743098605424,67715.28249971365]",76.0,1280,720,1070237,7902948733c046275e15952ab804c7c01146fda253aa074a378f6bb24d125d5d,frames/window-0181-forward-00004.png,NATIVE_LOADING_AND_MIPS_READY,UNREVIEWED
window-0182-forward-00000,662,reviewed-VIAL_TR70190001287-0-interval-8-0,forward,0.0,0.0,"[132031.79006146383,188444.74540967494,58796.35311246518]","[132512.46143330436,188576.088185878,58975.072276327526]","[131262.71586651902,188234.59696775003,58902.402450285445]","[132031.79006146383,188444.74540967494,58836.35311246518]",76.0,1280,720,1184398,d099ff604e20f42e31c4c5a0d6d241f456bb0d8faeff3e085cbc7abcd5877778,frames/window-0182-forward-00000.png,NATIVE_LOADING_AND_MIPS_READY,UNREVIEWED
window-0182-forward-00001,663,reviewed-VIAL_TR70190001287-0-interval-8-0,forward,10.030359435896147,10.030359435896147,"[131067.25148866478,188181.18660190754,58875.60291968963]","[131548.0891825729,188312.57482446896,59056.458991817155]","[130297.9111784118,187970.96544580933,58978.233204285585]","[131067.25148866478,188181.18660190754,58915.60291968963]",76.0,1280,720,1199578,8516e01fdc03a149364079299d0c994e6a66961a3a6a0b215dd7f1cdaea0cddd,frames/window-0182-forward-00001.png,NATIVE_LOADING_AND_MIPS_READY,UNREVIEWED
window-0182-forward-00002,664,reviewed-VIAL_TR70190001287-0-interval-8-0,forward,20.060718871792293,20.060718871792293,"[130102.6797696948,187917.61873709038,58954.427196194716]","[130583.59332670839,188049.02768912262,59136.2979684771]","[129333.2180784731,187707.3644138388,59055.43396054293]","[130102.6797696948,187917.61873709038,58994.427196194716]",76.0,1280,720,1206122,814927d7e050cef48230f6e21a578981244e8aaf1c72412e16a34d9eab5a31ec,frames/window-0182-forward-00002.png,NATIVE_LOADING_AND_MIPS_READY,UNREVIEWED
window-0183-forward-00000,665,reviewed-hairpin-entry-0,forward,0.0,0.0,"[112219.39251448493,65136.336768139154,61071.52463358416]","[111755.49197571515,64951.82302707374,61318.92845607581]","[112961.63337651658,65431.558753843834,61067.67851759753]","[112219.39251448493,65136.336768139154,61111.52463358416]",76.0,1280,720,700829,03b27f4421ff81ca27dbbc39b1682a9b41dd4895151685da9005ef4516cc5499,frames/window-0183-forward-00000.png,NATIVE_LOADING_AND_MIPS_READY,UNREVIEWED
window-0183-forward-00001,666,reviewed-hairpin-entry-0,forward,8.10422891576463,8.10422891576463,"[113013.20760390401,65089.257193263395,61011.11925326683]","[112521.7957096185,65179.53642111977,61250.198330089224]","[113799.46663476083,64944.810428693185,61020.592730351]","[113013.20760390401,65089.257193263395,61051.11925326682]",76.0,1280,720,665970,ecc92ed619b6715c8f87e008cb6d8d0b10f7ef0b53e32433a3783dd33e129750,frames/window-0183-forward-00001.png,NATIVE_LOADING_AND_MIPS_READY,UNREVIEWED
window-0184-forward-00000,667,reviewed-hairpin-exit-0,forward,0.0,0.0,"[111662.32597186463,49195.322416350245,58258.45387900065]","[112029.13663628956,48857.86294909685,58438.817476222335]","[111075.42890878476,49735.257563955674,58361.87212344596]","[111662.32597186463,49195.322416350245,58298.45387900065]",76.0,1280,720,1071272,ac3f590e282fc6941609afc06201bab7929bee3ba3645693da8e849d3c7c875c,frames/window-0184-forward-00000.png,NATIVE_LOADING_AND_MIPS_READY,UNREVIEWED
window-0184-forward-00001,668,reviewed-hairpin-exit-0,forward,7.92063508355347,7.92063508355347,"[111168.4742126929,49808.644354818076,58324.458553421086]","[111451.18299379156,49398.24056738695,58503.90640980453]","[110716.14016293504,50465.290414707866,58429.341983207574]","[111168.4742126929,49808.644354818076,58364.45855342108]",76.0,1280,720,949920,9df70d4e6433a66e81a8c4c2f060acf28b816226775e5361a8c4ed762dad8650,frames/window-0184-forward-00001.png,NATIVE_LOADING_AND_MIPS_READY,UNREVIEWED
window-0184-reverse-00000,669,reviewed-hairpin-exit-0,reverse,7.92063508355347,0.0,"[111168.4742126929,49808.644354818076,58324.458553421086]","[110885.76543159425,50219.0481422492,58585.01069703765]","[111620.80826245077,49151.99829492828,58299.57512363459]","[111168.4742126929,49808.644354818076,58364.45855342108]",76.0,1280,720,951088,b338f4493b1488cbf31ac0dd53f790cc73f16e89cbc772d606d1bc08a79d1b64,frames/window-0184-reverse-00000.png,NATIVE_LOADING_AND_MIPS_READY,UNREVIEWED
window-0184-reverse-00001,670,reviewed-hairpin-exit-0,reverse,0.0,7.92063508355347,"[111662.32597186463,49195.322416350245,58258.45387900065]","[111295.5153074397,49532.78188360364,58518.090281778976]","[112249.2230349445,48655.38726874482,58235.03563455533]","[111662.32597186463,49195.322416350245,58298.45387900065]",76.0,1280,720,812606,7ee9592da448c5ef155c24206223ebc813f36ba164e043b554d6a3a218642340,frames/window-0184-reverse-00001.png,NATIVE_LOADING_AND_MIPS_READY,UNREVIEWED
window-0183-reverse-00000,671,reviewed-hairpin-entry-0,reverse,8.10422891576463,0.0,"[113013.20760390401,65089.257193263395,61011.11925326683]","[113504.61949818952,64998.977965407015,61212.04017644444]","[112226.94857304721,65233.7039578336,61081.645776182646]","[113013.20760390401,65089.257193263395,61051.11925326682]",76.0,1280,720,857933,ceb31568ed82cb838019377a06b98b1e6353c0e5841f3bd9afcd2336b10443c1,frames/window-0183-reverse-00000.png,NATIVE_LOADING_AND_MIPS_READY,UNREVIEWED
window-0183-reverse-00001,672,reviewed-hairpin-entry-0,reverse,0.0,8.10422891576463,"[112219.39251448493,65136.336768139154,61071.52463358416]","[112683.29305325472,65320.85050920457,61264.120811092514]","[111477.15165245329,64841.11478243447,61155.370749570786]","[112219.39251448493,65136.336768139154,61111.52463358416]",76.0,1280,720,939445,cb2b74cc5c1912df5061b15790ee6134bec9f6002e058105d24a3af64e4d794a,frames/window-0183-reverse-00001.png,NATIVE_LOADING_AND_MIPS_READY,UNREVIEWED
window-0182-reverse-00000,673,reviewed-VIAL_TR70190001287-0-interval-8-0,reverse,20.060718871792293,0.0,"[130102.6797696948,187917.61873709038,58954.427196194716]","[129621.76621268122,187786.20978505813,59212.55642391235]","[130872.14146091651,188127.87306034195,58933.420431846505]","[130102.6797696948,187917.61873709038,58994.427196194716]",76.0,1280,720,803349,b102c68acce9503103b00205d681aee5387574f5e4a5fa6df1e50a34c365977b,frames/window-0182-reverse-00000.png,NATIVE_LOADING_AND_MIPS_READY,UNREVIEWED
window-0182-reverse-00001,674,reviewed-VIAL_TR70190001287-0-interval-8-0,reverse,10.030359435896147,10.030359435896147,"[131067.25148866478,188181.18660190754,58875.60291968963]","[130586.41379475666,188049.79837934615,59134.74684756211]","[131836.59179891777,188391.40775800578,58852.97263509367]","[131067.25148866478,188181.18660190754,58915.60291968963]",76.0,1280,720,825962,610250ebeaaaca4538988307bec0f7a6233846d7afc50ccd82556dbc73f811de,frames/window-0182-reverse-00001.png,NATIVE_LOADING_AND_MIPS_READY,UNREVIEWED
window-0182-reverse-00002,675,reviewed-VIAL_TR70190001287-0-interval-8-0,reverse,0.0,20.060718871792293,"[132031.79006146383,188444.74540967494,58796.35311246518]","[131551.1186896233,188313.40263347188,59057.633948602845]","[132800.86425640865,188654.89385159986,58770.30377464491]","[132031.79006146383,188444.74540967494,58836.35311246518]",76.0,1280,720,795385,46d2b9bc5db745c3ecac60f2db42709bdb184d886888cb799e1d335e5183099f,frames/window-0182-reverse-00002.png,NATIVE_LOADING_AND_MIPS_READY,UNREVIEWED
window-0181-reverse-00000,676,reviewed-VIAL_TR70190001287-0-interval-66-3,reverse,68.805455266604,0.0,"[128466.39871969819,42252.743098605424,67675.28249971365]","[128357.94719293683,41765.89384654296,67860.41027424195]","[128639.92116251636,43031.70190190536,67771.07806046837]","[128466.39871969819,42252.743098605424,67715.28249971365]",76.0,1280,720,776956,b2611a66f7fb2c18b81d9ad652fb9b9fe61b6364af0ac0c33ee1e56c65abba83,frames/window-0181-reverse-00000.png,NATIVE_LOADING_AND_MIPS_READY,UNREVIEWED
window-0181-reverse-00001,677,reviewed-VIAL_TR70190001287-0-interval-66-3,reverse,51.604091449953,17.201363816650996,"[128838.99884056114,43925.38059681466,67824.20874652332]","[128730.75787939345,43439.47659089895,67997.50552007632]","[129012.18437842945,44702.8270062798,67938.93390883856]","[128838.99884056114,43925.38059681466,67864.20874652332]",76.0,1280,720,742833,a231427bcfd41aa83faef2e4171287b83a92b3881ebb0c254bec927d489c3311,frames/window-0181-reverse-00001.png,NATIVE_LOADING_AND_MIPS_READY,UNREVIEWED
window-0181-reverse-00002,678,reviewed-VIAL_TR70190001287-0-interval-66-3,reverse,34.402727633302,34.402727633302,"[129211.2502631216,45596.45275506608,67990.89010108364]","[129103.03924684966,45110.683175572536,68162.74146043764]","[129384.38788915673,46373.68408225574,68107.92792611723]","[129211.2502631216,45596.45275506608,68030.89010108364]",76.0,1280,720,868124,c8752d46ba91a19b97edda2e52e3e7e49c09a2db6cb454f48f120e9c5fd7a2ab,frames/window-0181-reverse-00002.png,NATIVE_LOADING_AND_MIPS_READY,UNREVIEWED
window-0181-reverse-00003,679,reviewed-VIAL_TR70190001287-0-interval-66-3,reverse,17.201363816651,51.604091449953,"[129583.55547470042,47267.76637737542,68155.05684443445]","[129475.36398966573,46782.0844763969,68325.98858964708]","[129756.66185075593,48044.85741894104,68273.56605209428]","[129583.55547470042,47267.76637737542,68195.05684443445]",76.0,1280,720,877854,a002e8fb910832e7eb8ca61a9e8f5bf3d5d217919abf66c6967e9761e355ca57,frames/window-0181-reverse-00003.png,NATIVE_LOADING_AND_MIPS_READY,UNREVIEWED
window-0181-reverse-00004,680,reviewed-VIAL_TR70190001287-0-interval-66-3,reverse,0.0,68.805455266604,"[129955.6865960767,48938.29849213362,68327.38145650647]","[129847.49389837829,48452.611147652024,68498.36978876137]","[130128.79491239414,49715.398243304175,68445.80012489861]","[129955.6865960767,48938.29849213362,68367.38145650647]",76.0,1280,720,863358,28743df9728a00dca5b119a61f49bebad807b117a1956e6820fe63a421c7b1a0,frames/window-0181-reverse-00004.png,NATIVE_LOADING_AND_MIPS_READY,UNREVIEWED
window-0180-reverse-00000,681,reviewed-VIAL_TR70190001287-0-interval-66-2,reverse,100.47811640995188,0.0,"[129955.6865960767,48938.29849213362,68327.38145650647]","[129847.49942904488,48452.63597586223,68498.11222494587]","[130128.7860633276,49715.35851816784,68446.21222700342]","[129955.6865960767,48938.29849213362,68367.38145650647]",76.0,1280,720,863098,15007998dcef4300c325329f14c0d834905a1644c2da469bfa080ce81d406053,frames/window-0180-reverse-00000.png,NATIVE_LOADING_AND_MIPS_READY,UNREVIEWED
window-0180-reverse-00001,682,reviewed-VIAL_TR70190001287-0-interval-66-2,reverse,83.73176367495991,16.746352734991973,"[130317.85742562167,50564.11790645494,68500.38515160102]","[130209.69894044785,50078.584146447625,68669.80145879323]","[130490.91100189977,51340.97192246665,68621.31906009348]","[130317.85742562167,50564.11790645494,68540.38515160102]",76.0,1280,720,927054,9947bf870d14d8883fdf435857e0e00d9c83111c3ff4047ee7402b446060fce6,frames/window-0180-reverse-00001.png,NATIVE_LOADING_AND_MIPS_READY,UNREVIEWED
window-0180-reverse-00002,683,reviewed-VIAL_TR70190001287-0-interval-66-2,reverse,66.98541093996792,33.49270546998396,"[130680.16609565838,52190.55609983504,68667.1917753557]","[130571.93708717443,51704.705752251764,68839.90624399783]","[130853.33250923273,52967.91665596828,68782.8486255283]","[130680.16609565838,52190.55609983504,68707.1917753557]",76.0,1280,720,989280,b745cf7b6f8239efeb048e8deddeba17f2a08eada2b6e0eeeb634dbbfceac42b,frames/window-0180-reverse-00002.png,NATIVE_LOADING_AND_MIPS_READY,UNREVIEWED
window-0180-reverse-00003,684,reviewed-VIAL_TR70190001287-0-interval-66-2,reverse,50.23905820497594,50.23905820497594,"[131042.71215214959,53818.05994356916,68822.72623250113]","[130934.46851127871,53332.14391151258,68996.15452433609]","[131215.90197754296,54595.52559485969,68937.24096556519]","[131042.71215214959,53818.05994356916,68862.72623250113]",76.0,1280,720,965038,08f9857dd63fb49e49dcf0d6715c6a9671fd25b4ab22892a34d8348d4c46ba78,frames/window-0180-reverse-00003.png,NATIVE_LOADING_AND_MIPS_READY,UNREVIEWED
window-0180-reverse-00004,685,reviewed-VIAL_TR70190001287-0-interval-66-2,reverse,33.49270546998396,66.98541093996792,"[131405.0762704547,55444.74704958223,68986.95776143692]","[131296.8956759451,54959.114037730134,69157.38421233039]","[131578.16522167006,56221.75986854557,69106.27544000738]","[131405.0762704547,55444.74704958223,69026.95776143692]",76.0,1280,720,936084,0d60b928ead3c3e1af0bd2c09d2f2501d72f42201567d64a69a1fe21aec664a3,frames/window-0180-reverse-00004.png,NATIVE_LOADING_AND_MIPS_READY,UNREVIEWED
window-0180-reverse-00005,686,reviewed-VIAL_TR70190001287-0-interval-66-2,reverse,16.74635273499198,83.7317636749599,"[131768.99558079618,57070.7793737232,69154.1214996876]","[131655.02901644976,56586.85462914084,69320.93819599209]","[131951.34208375053,57845.05896505497,69279.21478560042]","[131768.99558079618,57070.7793737232,69194.1214996876]",76.0,1280,720,946827,25e720ccfc973ea08f1bd3105d5efd82d20364d982a2c884e6d7a0cb8e132f76,frames/window-0180-reverse-00005.png,NATIVE_LOADING_AND_MIPS_READY,UNREVIEWED
window-0180-reverse-00006,687,reviewed-VIAL_TR70190001287-0-interval-66-2,reverse,0.0,100.47811640995188,"[132259.42699672887,58662.58713519201,69320.81136725508]","[132103.98577864308,58189.80760821188,69492.67046376907]","[132508.13294566615,59419.03437836021,69437.83681283268]","[132259.42699672887,58662.58713519201,69360.81136725508]",76.0,1280,720,929182,f80648af76c27641a6bafd30825d25da5c9a5ea5b21cb02eecd661accaa4c0ca,frames/window-0180-reverse-00006.png,NATIVE_LOADING_AND_MIPS_READY,UNREVIEWED
window-0179-reverse-00000,688,reviewed-VIAL_TR70190001287-0-interval-66-1,reverse,100.4170223595843,0.0,"[132259.42699672887,58662.58713519201,69320.81136725508]","[132103.98466166778,58189.804209615635,69492.70746144488]","[132508.1347328266,59419.03981611421,69437.7776165514]","[132259.42699672887,58662.58713519201,69360.81136725508]",76.0,1280,720,930246,ab22d39dc8a0acb2dfba44bb9bbd113ef331ebfa9e25e846d146c149b00b0a18,frames/window-0179-reverse-00000.png,NATIVE_LOADING_AND_MIPS_READY,UNREVIEWED
window-0179-reverse-00001,689,reviewed-VIAL_TR70190001287-0-interval-66-1,reverse,83.68085196632025,16.736170393264047,"[132779.69695888102,60245.005171425284,69482.87659071099]","[132624.25707672024,59772.22970735214,69654.69149338556]","[133028.40077033828,61001.44591394231,69599.97274643171]","[132779.69695888102,60245.005171425284,69522.87659071099]",76.0,1280,720,931277,391f9a426b8467f0a89efe6c032c7b5ab89f8a23e358638f6e86b34ae97397a9,frames/window-0179-reverse-00001.png,NATIVE_LOADING_AND_MIPS_READY,UNREVIEWED
window-0179-reverse-00002,690,reviewed-VIAL_TR70190001287-0-interval-66-1,reverse,66.9446815730562,33.47234078652809,"[133299.9762825815,61827.451681154205,69644.62856152869]","[133144.57594757556,61354.796500113596,69815.15315637119]","[133548.61681859105,62583.69997081918,69763.78920978069]","[133299.9762825815,61827.451681154205,69684.62856152869]",76.0,1280,720,989392,bc6882951c37cd1e8f1246f1f2bb62b253bfaf51fc51c6a842120258db09b482,frames/window-0179-reverse-00002.png,NATIVE_LOADING_AND_MIPS_READY,UNREVIEWED
window-0179-reverse-00003,691,reviewed-VIAL_TR70190001287-0-interval-66-1,reverse,50.20851117979215,50.20851117979215,"[133820.32868492565,63410.115457445696,69803.8931745418]","[133664.77599853155,62936.99924772934,69979.57146587424]","[134069.2129831562,64167.10139299187,69914.8079084099]","[133820.32868492565,63410.115457445696,69843.8931745418]",76.0,1280,720,1017468,36ecd2b7e3caf27026e78b30e09e8b9f6ce7c58f78427063cf38b32df8a95a57,frames/window-0179-reverse-00003.png,NATIVE_LOADING_AND_MIPS_READY,UNREVIEWED
window-0179-reverse-00004,692,reviewed-VIAL_TR70190001287-0-interval-66-1,reverse,33.4723407865281,66.94468157305619,"[134341.2774322163,64994.59015940103,69941.80808636993]","[134185.65247658576,64521.25414136464,70120.16811501484]","[134590.27736122513,65751.92778825924,70048.43204053809]","[134341.2774322163,64994.59015940103,69981.80808636993]",76.0,1280,720,989626,5b0fcb1e3438ffa3834ccc7064365e3807a2baae28381d2beb7f9e27b57a5604,frames/window-0179-reverse-00004.png,NATIVE_LOADING_AND_MIPS_READY,UNREVIEWED
window-0179-reverse-00005,693,reviewed-VIAL_TR70190001287-0-interval-66-1,reverse,16.73617039326405,83.68085196632025,"[134861.94857444149,66578.2205210037,70090.05690695254]","[134706.50245206975,66105.42842744442,70262.0554558556]","[135110.66237023624,67334.68787069857,70206.85922870766]","[134861.94857444149,66578.2205210037,70130.05690695254]",76.0,1280,720,965080,0a9e796b20b1f404d842b4b62674c3e4dfc9507c66399de39de73eb6d388f7d9,frames/window-0179-reverse-00005.png,NATIVE_LOADING_AND_MIPS_READY,UNREVIEWED
window-0179-reverse-00006,694,reviewed-VIAL_TR70190001287-0-interval-66-1,reverse,0.0,100.4170223595843,"[135377.96333618462,68162.6082255505,70245.95786681282]","[135235.2952163107,67685.45015580434,70421.61844814557]","[135606.2323279829,68926.06113714438,70356.90093668042]","[135377.96333618462,68162.6082255505,70285.95786681282]",76.0,1280,720,921209,021a141966e9d212cb0b121c51257770d48e0d26d39797c82b817eb990069db3,frames/window-0179-reverse-00006.png,NATIVE_LOADING_AND_MIPS_READY,UNREVIEWED
window-0178-reverse-00000,695,reviewed-VIAL_TR70190001287-0-interval-66-0,reverse,100.2687133344412,0.0,"[135377.96333618462,68162.6082255505,70245.95786681282]","[135238.66931990732,67684.45419803286,70421.61936212424]","[135600.83376222826,68927.65466957871,70356.89947431454]","[135377.96333618462,68162.6082255505,70285.95786681282]",76.0,1280,720,923463,debb5349ca1a29a8ba79eb96d8ee95c24befcc72e4a06bbb2624082c5225d822,frames/window-0178-reverse-00000.png,NATIVE_LOADING_AND_MIPS_READY,UNREVIEWED
window-0178-reverse-00001,696,reviewed-VIAL_TR70190001287-0-interval-66-0,reverse,83.55726111203434,16.711452222406862,"[135675.4947530907,69798.80891819864,70395.98755769504]","[135600.87850425005,69306.39773116156,70571.67459921006]","[135794.88075123573,70586.66681745797,70506.888291271]","[135675.4947530907,69798.80891819864,70435.98755769503]",76.0,1280,720,898557,3afbd019a20881da0b119f9d0f3326a594c8bf8b6d1e10349c24defb266cc8ce,frames/window-0178-reverse-00001.png,NATIVE_LOADING_AND_MIPS_READY,UNREVIEWED
window-0178-reverse-00002,697,reviewed-VIAL_TR70190001287-0-interval-66-0,reverse,66.84580888962746,33.42290444481374,"[135729.12470748255,71459.96893530732,70539.15850011387]","[135738.2117086023,70961.94779313833,70715.65713963694]","[135714.58550569104,72256.80276277772,70648.76067687699]","[135729.12470748255,71459.96893530732,70579.15850011387]",76.0,1280,720,923886,de46428f9c815fe58f934d9f0746d9b86fe3d80d552a7e6eacb46149e545dfec,frames/window-0178-reverse-00002.png,NATIVE_LOADING_AND_MIPS_READY,UNREVIEWED
window-0178-reverse-00003,698,reviewed-VIAL_TR70190001287-0-interval-66-0,reverse,50.1343566672206,50.1343566672206,"[135698.74584727216,73124.90926799677,70679.76109096692]","[135707.83362213682,72626.84572098061,70856.74812220532]","[135684.20540748877,73921.81094322263,70788.58184098548]","[135698.74584727216,73124.90926799677,70719.76109096692]",76.0,1280,720,898243,b72856a58d64789cd8aadd477d2c7d7ef0a5713e0565d87903bcf1a9c7b610ee,frames/window-0178-reverse-00003.png,NATIVE_LOADING_AND_MIPS_READY,UNREVIEWED
window-0178-reverse-00004,699,reviewed-VIAL_TR70190001287-0-interval-66-0,reverse,33.42290444481373,66.84580888962748,"[135675.6325705942,74789.73309332549,70821.8553281596]","[135653.99974444738,74292.01277125486,70999.35236554756]","[135710.24509242913,75586.0856086385,70929.86006833888]","[135675.6325705942,74789.73309332549,70861.8553281596]",76.0,1280,720,863079,f0b8415feff2c7ea543f2ff0cd8ab809af65c9a19b959527e6b5673762c1c72a,frames/window-0178-reverse-00004.png,NATIVE_LOADING_AND_MIPS_READY,UNREVIEWED
window-0178-reverse-00005,700,reviewed-VIAL_TR70190001287-0-interval-66-0,reverse,16.711452222406866,83.55726111203434,"[135943.00428152314,76429.89027186277,70969.3441523009]","[135788.51046328663,75956.47534558516,71144.51148893747]","[136190.1943907016,77187.35415390696,71081.07641368237]","[135943.00428152314,76429.89027186277,71009.3441523009]",76.0,1280,720,853298,5f0c7d2facde59ab366d5c8e05b5d1e7a964edd8f7f3d369978f7e824ede9daa,frames/window-0178-reverse-00005.png,NATIVE_LOADING_AND_MIPS_READY,UNREVIEWED
window-0178-reverse-00006,701,reviewed-VIAL_TR70190001287-0-interval-66-0,reverse,0.0,100.2687133344412,"[136636.31109843263,77939.14023404941,71126.54223399489]","[136379.34150643248,77512.94248826985,71298.35395451022]","[137047.4624456329,78621.05662729671,71243.64348117032]","[136636.31109843263,77939.14023404941,71166.54223399489]",76.0,1280,720,840735,6e02d43ff8e1f5103ab68af41649cb96db9f19f100a8ac54bf09d4e3946b987e,frames/window-0178-reverse-00006.png,NATIVE_LOADING_AND_MIPS_READY,UNREVIEWED
window-0177-reverse-00000,702,reviewed-VIAL_TR70190001287-0-interval-64-0,reverse,65.58550796762461,0.0,"[140170.66437851172,83801.22658489272,71787.27515609105]","[139966.6340089198,83347.28713667544,71959.20660466324]","[140497.11296985883,84527.52970204037,71904.18483837556]","[140170.66437851172,83801.22658489272,71827.27515609105]",76.0,1280,720,702379,35ce1128f4c651c37b8c853b4aef7bb7f390c7f568d4abb944782188661ae2a4,frames/window-0177-reverse-00000.png,NATIVE_LOADING_AND_MIPS_READY,UNREVIEWED
window-0177-reverse-00001,703,reviewed-VIAL_TR70190001287-0-interval-64-0,reverse,49.189130975718456,16.396376991906152,"[140840.09254339768,85290.6119762197,71935.39509325882]","[140635.79451516544,84836.07702455166,72114.64839557004]","[141166.9693885693,86017.86789888858,72040.58980956089]","[140840.09254339768,85290.6119762197,71975.39509325882]",76.0,1280,720,691742,d9ade25bc7b732d759486cc9a327ba486add2d8f0a3480dc7407e438138fb280,frames/window-0177-reverse-00001.png,NATIVE_LOADING_AND_MIPS_READY,UNREVIEWED
window-0177-reverse-00002,704,reviewed-VIAL_TR70190001287-0-interval-64-0,reverse,32.792753983812304,32.792753983812304,"[141510.08262330998,86781.24755083128,72067.64896244915]","[141305.59635465755,86326.29378924696,72252.97273495985]","[141837.26065315382,87509.17356936619,72163.13092643204]","[141510.08262330998,86781.24755083128,72107.64896244915]",76.0,1280,720,681980,9f8e0d74750b6458fc422055055868f94632ed9baaf7ad15e99efda49226a7a6,frames/window-0177-reverse-00002.png,NATIVE_LOADING_AND_MIPS_READY,UNREVIEWED
window-0177-reverse-00003,705,reviewed-VIAL_TR70190001287-0-interval-64-0,reverse,16.396376991906152,49.189130975718456,"[142181.46892708508,88274.98953122304,72144.20331050202]","[141976.55207717215,87819.07778674549,72351.81114082919]","[142509.33588694577,89004.4483223871,72204.03078197857]","[142181.46892708508,88274.98953122304,72184.20331050202]",76.0,1280,720,683303,7f892da457c454df4c49c8f0d7cf4f2086ca0cd9dc41651ed7bde47d2aa665b4,frames/window-0177-reverse-00003.png,NATIVE_LOADING_AND_MIPS_READY,UNREVIEWED
window-0177-reverse-00004,706,reviewed-VIAL_TR70190001287-0-interval-64-0,reverse,0.0,65.58550796762461,"[142731.26426226227,89811.90095786005,72178.5697361541]","[142650.18650013517,89318.58577571502,72390.41329368975]","[142860.98868166562,90601.2052492921,72231.62004409706]","[142731.26426226227,89811.90095786005,72218.5697361541]",76.0,1280,720,671980,63109ce87d33974854ecfe7f4fef31753384d353ba971566b5eabcbe81be54a6,frames/window-0177-reverse-00004.png,NATIVE_LOADING_AND_MIPS_READY,UNREVIEWED
window-0176-reverse-00000,707,reviewed-VIAL_TR70190001287-0-interval-62-0,reverse,66.05988012426943,0.0,"[142280.5380789854,92271.11189486459,72117.88740975277]","[142427.21201364024,91793.59346366035,72359.40263118123]","[142045.8597835377,93035.14138479136,72123.46305546723]","[142280.5380789854,92271.11189486459,72157.88740975276]",76.0,1280,720,1114277,7575d0183031a9c9530c18e79e261c98c696dabe8ec2fdf23317777ccf95a1f1,frames/window-0176-reverse-00000.png,NATIVE_LOADING_AND_MIPS_READY,UNREVIEWED
window-0176-reverse-00001,708,reviewed-VIAL_TR70190001287-0-interval-62-0,reverse,49.54491009320207,16.514970031067357,"[141588.10628529487,93761.87021769084,72028.74740035448]","[141856.86340873566,93341.38437863883,72279.75171870779]","[141158.09488778957,94434.64756017405,72019.14049098916]","[141588.10628529487,93761.87021769084,72068.74740035448]",76.0,1280,720,1173108,291b4ef3904029f531f562299c06747913e91c53338c116adf2a6095dc386854,frames/window-0176-reverse-00001.png,NATIVE_LOADING_AND_MIPS_READY,UNREVIEWED
window-0176-reverse-00002,709,reviewed-VIAL_TR70190001287-0-interval-62-0,reverse,33.02994006213471,33.02994006213471,"[140533.27638804182,95021.99814568015,71914.13185865112]","[140901.8186103926,94686.15373997507,72171.34967026536]","[139943.6088322806,95559.34919480828,71894.58336006835]","[140533.27638804182,95021.99814568015,71954.13185865112]",76.0,1280,720,1114688,313b9e6eeac483eb75ca26c1ebf72efe6bbbbaf859c53e1e545d56c4927324b8,frames/window-0176-reverse-00002.png,NATIVE_LOADING_AND_MIPS_READY,UNREVIEWED
window-0176-reverse-00003,710,reviewed-VIAL_TR70190001287-0-interval-62-0,reverse,16.514970031067357,49.54491009320207,"[139303.31727151322,96117.12126965146,71790.31441388444]","[139675.9616950726,95785.84771008442,72047.65021870895]","[138707.08619381825,96647.15896495871,71770.57712616521]","[139303.31727151322,96117.12126965146,71830.31441388444]",76.0,1280,720,1060328,f42e4f9650174b642ed091c2d799ad4494577ef1e403a56e393ce9f4a338e089,frames/window-0176-reverse-00003.png,NATIVE_LOADING_AND_MIPS_READY,UNREVIEWED
window-0176-reverse-00004,711,reviewed-VIAL_TR70190001287-0-interval-62-0,reverse,0.0,66.05988012426943,"[138162.37276523025,97296.64285080507,71662.6633285609]","[138454.97363827663,96893.20274960091,71922.92266080667]","[137694.21136835605,97942.14701273172,71638.24839696765]","[138162.37276523025,97296.64285080507,71702.66332856088]",76.0,1280,720,998052,909dc62c9bc96209314acb92d30f5bb3b9647e4364ccf7a007e73a5f0b7b6da1,frames/window-0176-reverse-00004.png,NATIVE_LOADING_AND_MIPS_READY,UNREVIEWED
window-0175-reverse-00000,712,reviewed-VIAL_TR70190001287-0-interval-60-0,reverse,13.961629560418281,0.0,"[137382.0589470968,98966.51516277343,71528.89034276624]","[137577.79747865288,98507.60425097584,71781.86309359745]","[137068.87729660713,99700.77262164958,71516.13394143633]","[137382.0589470968,98966.51516277343,71568.89034276624]",76.0,1280,720,987868,571c69865e4087343de6cf6eed89f90340337fc69ab1e146c262d70987f1161e,frames/window-0175-reverse-00000.png,NATIVE_LOADING_AND_MIPS_READY,UNREVIEWED
window-0175-reverse-00001,713,reviewed-VIAL_TR70190001287-0-interval-60-0,reverse,0.0,13.961629560418281,"[137077.31676187832,100310.77165734023,71434.82725960044]","[137103.7979161033,99812.64341496321,71688.98867961341]","[137034.94691511834,101107.77684514345,71420.16898757967]","[137077.31676187832,100310.77165734023,71474.82725960042]",76.0,1280,720,938704,08c68260a0044081f04a5d20e88e65380c88fda291f26c11b763486c4f23e9f0,frames/window-0175-reverse-00001.png,NATIVE_LOADING_AND_MIPS_READY,UNREVIEWED
window-0174-reverse-00000,714,reviewed-VIAL_TR70190001287-0-interval-6-1,reverse,13.04478635514223,0.0,"[132369.3843625253,188536.99257727712,58766.62134237316]","[131888.86482876228,188405.69129061513,59029.760069673284]","[133138.21561654616,188747.0746359363,58737.59937869297]","[132369.3843625253,188536.99257727712,58806.62134237316]",76.0,1280,720,785767,801f5096fb8b366b81c8bd23883d3e301e98982bf6ee456fe00eae6522f009f3,frames/window-0174-reverse-00000.png,NATIVE_LOADING_AND_MIPS_READY,UNREVIEWED
window-0174-reverse-00001,715,reviewed-VIAL_TR70190001287-0-interval-6-1,reverse,0.0,13.04478635514223,"[133623.30605218303,188879.62491447106,58657.376069219186]","[133142.45340843857,188748.23260597524,58916.32213798229]","[134392.67028217416,189089.85260806436,58635.06235919821]","[133623.30605218303,188879.62491447106,58697.376069219186]",76.0,1280,720,779936,3661c6eb73483418609e6de0790af0897e1c07c28f39d2232000c6930a6bfc07,frames/window-0174-reverse-00001.png,NATIVE_LOADING_AND_MIPS_READY,UNREVIEWED
window-0173-reverse-00000,716,reviewed-VIAL_TR70190001287-0-interval-6-0,reverse,100.2618509634072,0.0,"[133623.30605218303,188879.62491447106,58657.376069219186]","[133142.42699804946,188748.22538934182,58915.97011139395]","[134392.7125387968,189089.8641546778,58635.62560173957]","[133623.30605218303,188879.62491447106,58697.376069219186]",76.0,1280,720,780854,e3568ee4272cbe1eed32f9df45fea4eb273cabae08f1c98397db9620b5b9905b,frames/window-0173-reverse-00000.png,NATIVE_LOADING_AND_MIPS_READY,UNREVIEWED
window-0173-reverse-00001,717,reviewed-VIAL_TR70190001287-0-interval-6-0,reverse,83.551542469506,16.710308493901195,"[135230.61096390997,189318.81871969733,58530.80727445771]","[134749.6809433303,189187.40526900298,58788.7126867608]","[136000.09899683742,189529.08024080828,58510.158614772765]","[135230.61096390997,189318.81871969733,58570.80727445771]",76.0,1280,720,762105,83dd9ad5bd7638f342e3e9325cae209e9052046f3aacb8582598c041ef46f67e,frames/window-0173-reverse-00001.png,NATIVE_LOADING_AND_MIPS_READY,UNREVIEWED
window-0173-reverse-00002,718,reviewed-VIAL_TR70190001287-0-interval-6-0,reverse,66.8412339756048,33.420616987802404,"[136837.9934604183,189758.0337249122,58405.30903547003]","[136357.1593433953,189626.6464788011,58664.50015010123]","[137607.32804765512,189968.25331868997,58382.60325206013]","[136837.9934604183,189758.0337249122,58445.30903547003]",76.0,1280,720,838167,99b7998026d8a2185f92e9e955dc115f8cfced6d800b38964bf362beb0254529,frames/window-0173-reverse-00002.png,NATIVE_LOADING_AND_MIPS_READY,UNREVIEWED
window-0173-reverse-00003,719,reviewed-VIAL_TR70190001287-0-interval-6-0,reverse,50.1309254817036,50.1309254817036,"[138371.19834412602,190394.96137047707,58262.64603738056]","[137925.83006897173,190171.383973501,58523.39216661375]","[139083.78758437294,190752.6852056388,58237.45223060746]","[138371.19834412602,190394.96137047707,58302.64603738055]",76.0,1280,720,830789,c3c3dd60850619fc5eb53d713add172bea39715834469dcfd3db0555a880b5c6,frames/window-0173-reverse-00003.png,NATIVE_LOADING_AND_MIPS_READY,UNREVIEWED
window-0173-reverse-00004,720,reviewed-VIAL_TR70190001287-0-interval-6-0,reverse,33.4206169878024,66.84123397560481,"[139860.03109762652,191142.36384432582,58131.86524200671]","[139414.57144366106,190918.7405755683,58391.340935277025]","[140572.76654397126,191500.1610743379,58108.70413277421]","[139860.03109762652,191142.36384432582,58171.86524200671]",76.0,1280,720,845489,033ec92d6db1fa586408ec25d7e864226c8e7f721d349d152919743da5821c66,frames/window-0173-reverse-00004.png,NATIVE_LOADING_AND_MIPS_READY,UNREVIEWED
window-0173-reverse-00005,721,reviewed-VIAL_TR70190001287-0-interval-6-0,reverse,16.7103084939012,83.551542469506,"[141349.19729639206,191889.93370959203,58007.039852949856]","[140904.0391878226,191666.46181830173,58270.566536467064]","[142061.45027010317,192247.48873565652,57977.39715932235]","[141349.19729639206,191889.93370959203,58047.039852949856]",76.0,1280,720,859662,fc7541d014754eb4b68f453a95105f23c0d457b60d526dbd3fff13d4c724f75b,frames/window-0173-reverse-00005.png,NATIVE_LOADING_AND_MIPS_READY,UNREVIEWED
window-0173-reverse-00006,722,reviewed-VIAL_TR70190001287-0-interval-6-0,reverse,0.0,100.2618509634072,"[142838.68252283428,192637.66372855753,57886.10528148224]","[142392.92067115902,192413.8887548093,58141.049990882064]","[143551.90148551468,192995.70368655468,57870.193746442535]","[142838.68252283428,192637.66372855753,57926.10528148224]",76.0,1280,720,854106,69db719038c2706cd0ffb33394591ffcc2c7056b49a861ce75413feb99e194a8,frames/window-0173-reverse-00006.png,NATIVE_LOADING_AND_MIPS_READY,UNREVIEWED
window-0172-reverse-00000,723,reviewed-VIAL_TR70190001287-0-interval-58-0,reverse,30.048057488523686,0.0,"[137040.15942862607,101009.72597682849,71387.67418018555]","[137066.6445343367,100511.5234032679,71640.73072073511]","[136997.78325948905,101806.85009452542,71374.78371530627]","[137040.15942862607,101009.72597682849,71427.67418018555]",76.0,1280,720,900031,76d1f4eef86a389126150f36fa614d2148eafa38956fdafa42a297a047be9239,frames/window-0172-reverse-00000.png,NATIVE_LOADING_AND_MIPS_READY,UNREVIEWED
window-0172-reverse-00001,724,reviewed-VIAL_TR70190001287-0-interval-58-0,reverse,15.024028744261843,15.024028744261843,"[136960.60396493337,102506.21752051284,71280.9935617679]","[136987.07638949575,102008.2534876795,71537.4768831921]","[136918.24808563356,103302.9599730462,71262.6202474892]","[136960.60396493337,102506.21752051284,71320.9935617679]",76.0,1280,720,953956,dcb764d31592b013bebbe7ec1bade2c56e1b0fc643cc9215196c3bd77a7ec6c8,frames/window-0172-reverse-00001.png,NATIVE_LOADING_AND_MIPS_READY,UNREVIEWED
window-0172-reverse-00002,725,reviewed-VIAL_TR70190001287-0-interval-58-0,reverse,0.0,30.048057488523686,"[136739.20857568155,103983.04430944845,71171.70638774127]","[136866.21898022344,103500.70571489757,71426.60391408311]","[136535.99192841453,104754.78606072986,71155.87034559435]","[136739.20857568155,103983.04430944845,71211.70638774127]",76.0,1280,720,1053819,a047ebdbce415150651c357b4d19d652ecdeb04041ff63b007d811880fc08233,frames/window-0172-reverse-00002.png,NATIVE_LOADING_AND_MIPS_READY,UNREVIEWED
window-0171-reverse-00000,726,reviewed-VIAL_TR70190001287-0-interval-56-0,reverse,19.04401921805316,0.0,"[136360.14470974915,105274.32669615373,71078.21187575556]","[136580.13476479598,104826.89145379089,71335.70960331593]","[136008.16062167424,105990.2230839343,71058.21551165897]","[136360.14470974915,105274.32669615373,71118.21187575556]",76.0,1280,720,1137213,e6072bf67e838efe6e43a762fae8c1519083859705557538b241d0e5d7721ffc,frames/window-0171-reverse-00000.png,NATIVE_LOADING_AND_MIPS_READY,UNREVIEWED
window-0171-reverse-00001,727,reviewed-VIAL_TR70190001287-0-interval-56-0,reverse,0.0,19.04401921805316,"[135448.16679813084,106940.14754723758,70937.67283883716]","[135689.03640332955,106503.39201144165,71192.69333630704]","[135062.77542981293,107638.95640451106,70921.64004288535]","[135448.16679813084,106940.14754723758,70977.67283883716]",76.0,1280,720,1165187,69a2c2169e2a909ae1dc09693ff62ffda2674750a25ad9a434c7b16c73820200,frames/window-0171-reverse-00001.png,NATIVE_LOADING_AND_MIPS_READY,UNREVIEWED
window-0170-reverse-00000,728,reviewed-VIAL_TR70190001287-0-interval-54-0,reverse,9.521133903849195,0.0,"[134941.1378458899,107859.51510714367,70863.7112274561]","[135181.97553066883,107422.81745191413,71119.6607407678]","[134555.79755024365,108558.23135551096,70846.19200615735]","[134941.1378458899,107859.51510714367,70903.71122745608]",76.0,1280,720,1189223,a09e6bfc476b60bcad9975392bd150f8a031c32c0de52ed0f5f1087c689f29a3,frames/window-0170-reverse-00000.png,NATIVE_LOADING_AND_MIPS_READY,UNREVIEWED
window-0170-reverse-00001,729,reviewed-VIAL_TR70190001287-0-interval-54-0,reverse,0.0,9.521133903849195,"[134480.73567097308,108690.24462327361,70797.19220395263]","[134726.88743959973,108256.38202383288,71051.43474487042]","[134086.89284117045,109384.42478237877,70782.40413848417]","[134480.73567097308,108690.24462327361,70837.19220395263]",76.0,1280,720,1205183,af1e2e876e7aca8d13fbecd5e19dc2e34ff34c27e6f1f35b0dc31e8cb3d82f64,frames/window-0170-reverse-00001.png,NATIVE_LOADING_AND_MIPS_READY,UNREVIEWED
window-0169-reverse-00000,730,reviewed-VIAL_TR70190001287-0-interval-52-0,reverse,9.51401032363151,0.0,"[134405.50284975325,108819.76424306631,70786.96745682527]","[134662.66562028072,108392.30253647026,71040.7875521628]","[133994.0424169093,109503.70297361996,70772.85530428521]","[134405.50284975325,108819.76424306631,70826.96745682527]",76.0,1280,720,1212473,00b3a615ec8a76e61c8aed578de658b49ff14d1ca896f42c8ea665d90f992078,frames/window-0169-reverse-00000.png,NATIVE_LOADING_AND_MIPS_READY,UNREVIEWED
window-0169-reverse-00001,731,reviewed-VIAL_TR70190001287-0-interval-52-0,reverse,0.0,9.51401032363151,"[133854.36905645765,109591.56586853787,70719.3089486824]","[134155.34690964254,109194.01704742083,70976.28551856997]","[133372.8044913618,110227.64398232516,70700.1464368623]","[133854.36905645765,109591.56586853787,70759.3089486824]",76.0,1280,720,1211231,a52a27da65a1154cdad11a3bb3f6c8dae35a273f5e8eb4eba16b54d9bb40c540,frames/window-0169-reverse-00001.png,NATIVE_LOADING_AND_MIPS_READY,UNREVIEWED
window-0168-reverse-00000,732,reviewed-VIAL_TR70190001287-0-interval-50-0,reverse,46.48848926346335,0.0,"[130905.14368810691,112636.26603204757,70408.8200592716]","[131278.43592499822,112305.64311070227,70665.44504743235]","[130307.8761090808,113165.26270620004,70390.2200782144]","[130905.14368810691,112636.26603204757,70448.8200592716]",76.0,1280,720,1241735,aa23bc0891a570bcc7d460a753960750e40e9aac34b5107ab2fbcf74275f941c,frames/window-0168-reverse-00000.png,NATIVE_LOADING_AND_MIPS_READY,UNREVIEWED
window-0168-reverse-00001,733,reviewed-VIAL_TR70190001287-0-interval-50-0,reverse,30.992326175642233,15.496163087821117,"[129731.34743233648,113640.96893576955,70300.76494259412]","[130140.30218888285,113355.52838600888,70556.5378324748]","[129077.01982186224,114097.67381538662,70283.52831878503]","[129731.34743233648,113640.96893576955,70340.76494259412]",76.0,1280,720,1319029,fd042cfae53662ea4a713c7d861c1b2eee81f723713b6acebeec7ce69605865e,frames/window-0168-reverse-00001.png,NATIVE_LOADING_AND_MIPS_READY,UNREVIEWED
window-0168-reverse-00002,734,reviewed-VIAL_TR70190001287-0-interval-50-0,reverse,15.496163087821117,30.992326175642233,"[128314.57251833586,114206.68987158328,70173.85253888388]","[128806.11482089202,114124.72380354913,70434.69037047168]","[127528.10483424595,114337.8355804379,70148.51200834339]","[128314.57251833586,114206.68987158328,70213.85253888388]",76.0,1280,720,1253088,5c48718cb11df6484833de808482aa0d5167a7ddde9f7ba9a38d18a58cbab9af,frames/window-0168-reverse-00002.png,NATIVE_LOADING_AND_MIPS_READY,UNREVIEWED
window-0168-reverse-00003,735,reviewed-VIAL_TR70190001287-0-interval-50-0,reverse,0.0,46.48848926346335,"[126773.98445188883,114178.22540104389,70054.7973669111]","[127271.77927345087,114210.1453908148,70309.16930137841]","[125977.51273738954,114127.15341741046,70039.80227176337]","[126773.98445188883,114178.22540104389,70094.79736691108]",76.0,1280,720,1142546,0dc35a7733a4bf31a92d6e066aefd4d87ea06b70614975c9b0f08fb9fa869b76,frames/window-0168-reverse-00003.png,NATIVE_LOADING_AND_MIPS_READY,UNREVIEWED
window-0167-reverse-00000,736,reviewed-VIAL_TR70190001287-0-interval-48-0,reverse,12.987918896031136,0.0,"[125976.02324019535,114131.87564872205,70007.83606093856]","[126475.13367336187,114144.90777397541,70254.64910283472]","[125177.44654712894,114111.02424831668,70004.93519390469]","[125976.02324019535,114131.87564872205,70047.83606093856]",76.0,1280,720,1142937,db7ec3f7a086c20c4fe8f893542498e2892fa1f868443bc59f4d3661b6310770,frames/window-0167-reverse-00000.png,NATIVE_LOADING_AND_MIPS_READY,UNREVIEWED
window-0167-reverse-00001,737,reviewed-VIAL_TR70190001287-0-interval-48-0,reverse,0.0,12.987918896031136,"[124697.16980642406,114314.78893980384,69922.25046058814]","[125185.19135853041,114212.5167825498,70179.33644891674]","[123916.33532305389,114478.4243914103,69902.9128792624]","[124697.16980642406,114314.78893980384,69962.25046058814]",76.0,1280,720,1192218,968be89adcbbaee336c67b3010cd3c564c98b7aea42119a9e3ce2a1b790d25cb,frames/window-0167-reverse-00001.png,NATIVE_LOADING_AND_MIPS_READY,UNREVIEWED
window-0166-reverse-00000,738,reviewed-VIAL_TR70190001287-0-interval-47-0,reverse,31.479190374365842,0.0,"[124697.16980642406,114314.78893980384,69922.25046058814]","[125184.62632718078,114209.94015071064,70179.57165828394]","[123917.2393732133,114482.54700235293,69902.53654427489]","[124697.16980642406,114314.78893980384,69962.25046058814]",76.0,1280,720,1195411,9b808a4d35d87b1423b89776360866fc65a0e9deb7d166ffec1a2044ca74fa48,frames/window-0166-reverse-00000.png,NATIVE_LOADING_AND_MIPS_READY,UNREVIEWED
window-0166-reverse-00001,739,reviewed-VIAL_TR70190001287-0-interval-47-0,reverse,15.739595187182921,15.739595187182921,"[123269.48449669505,114940.03493190781,69797.32869657494]","[123681.60241203877,114659.9137463089,70058.44980102764]","[122610.09583214509,115388.22882886605,69771.5349294506]","[123269.48449669505,114940.03493190781,69837.32869657493]",76.0,1280,720,1203627,0cb943402a1b3d02b2f7aa5cc1518a956a4192a4870fbc08c65c4ce685c9be4b,frames/window-0166-reverse-00001.png,NATIVE_LOADING_AND_MIPS_READY,UNREVIEWED
window-0166-reverse-00002,740,reviewed-VIAL_TR70190001287-0-interval-47-0,reverse,0.0,31.479190374365842,"[122106.88538448303,115991.6007774882,69675.71532768346]","[122468.79770628775,115648.43002150807,69931.11735539311]","[121527.82566959549,116540.6739870564,69659.07208334804]","[122106.88538448303,115991.6007774882,69715.71532768346]",76.0,1280,720,1195879,d228bb3bc61c133fbfee5b43fc1f3875e99d6aca5e8677da6f5c0867faabb6a2,frames/window-0166-reverse-00002.png,NATIVE_LOADING_AND_MIPS_READY,UNREVIEWED
window-0165-reverse-00000,741,reviewed-VIAL_TR70190001287-0-interval-46-0,reverse,65.429910340127,0.0,"[122106.88538448303,115991.6007774882,69675.71532768346]","[122470.42993377129,115650.13102332102,69930.84035681938]","[121525.21410562182,116537.95238415568,69659.51528106601]","[122106.88538448303,115991.6007774882,69715.71532768346]",76.0,1280,720,1196996,d7e3bc77a063a380daae0336557dd3b2f08a396c7ab5ce51c79897852c38afdc,frames/window-0165-reverse-00000.png,NATIVE_LOADING_AND_MIPS_READY,UNREVIEWED
window-0165-reverse-00001,742,reviewed-VIAL_TR70190001287-0-interval-46-0,reverse,49.07243275509525,16.357477585031745,"[120722.49710516792,116826.1043561548,69567.05460560726]","[121210.04906481653,116720.00785321309,69819.25116918678]","[119942.41396973011,116995.8587608615,69555.54010388002]","[120722.49710516792,116826.1043561548,69607.05460560725]",76.0,1280,720,1222913,52caaf35693c02a32779dbdebb87e9bfa95b988c54c04f01bdbeb0b25b740c55,frames/window-0165-reverse-00001.png,NATIVE_LOADING_AND_MIPS_READY,UNREVIEWED
window-0165-reverse-00002,743,reviewed-VIAL_TR70190001287-0-interval-46-0,reverse,32.7149551700635,32.7149551700635,"[119105.25829153176,116865.95921227435,69462.70092192524]","[119594.56993708445,116963.25156964688,69715.99222294248]","[118322.35965864745,116710.29144047834,69449.43484029766]","[119105.25829153176,116865.95921227435,69502.70092192524]",76.0,1280,720,1132959,1e072cbc352470178f67eeacfc577a717af91df5f38d1079662ca6f048eda018,frames/window-0165-reverse-00002.png,NATIVE_LOADING_AND_MIPS_READY,UNREVIEWED
window-0165-reverse-00003,744,reviewed-VIAL_TR70190001287-0-interval-46-0,reverse,16.35747758503175,49.07243275509525,"[117506.44860543261,116539.86309056706,69348.12120199663]","[117995.07539135909,116639.63351807816,69604.03395557262]","[116724.64574795024,116380.23040654932,69330.66079627504]","[117506.44860543261,116539.86309056706,69388.12120199662]",76.0,1280,720,1082269,ad40dc37a18876d5431e886adf6e5e2d6f31d9b82b58140d0892c261a79e30b3,frames/window-0165-reverse-00003.png,NATIVE_LOADING_AND_MIPS_READY,UNREVIEWED
window-0165-reverse-00004,745,reviewed-VIAL_TR70190001287-0-interval-46-0,reverse,0.0,65.429910340127,"[115887.00218355516,116371.84361713007,69233.35689385544]","[116385.50909631097,116372.61965166258,69491.96072404216]","[115089.39112314588,116370.60196187804,69211.59076555668]","[115887.00218355516,116371.84361713007,69273.35689385544]",76.0,1280,720,1020885,4affeb7f93e12382942b836fb3fb2e714eebf8e9838eece4fab20135dcd5acf4,frames/window-0165-reverse-00004.png,NATIVE_LOADING_AND_MIPS_READY,UNREVIEWED
window-0164-reverse-00000,746,reviewed-VIAL_TR70190001287-0-interval-44-0,reverse,14.028686653186725,0.0,"[114700.98788439063,119525.07928777486,68928.73400321293]","[114451.68693097937,119092.92718118163,69181.80349663609]","[115099.86940984867,120216.52265832404,68915.82281373587]","[114700.98788439063,119525.07928777486,68968.73400321291]",76.0,1280,720,818583,4ef693d60a56585fd7f5a16a3ef090c7f34ace15eb6ca259110bc9ad1865a4ba,frames/window-0164-reverse-00000.png,NATIVE_LOADING_AND_MIPS_READY,UNREVIEWED
window-0164-reverse-00001,747,reviewed-VIAL_TR70190001287-0-interval-44-0,reverse,0.0,14.028686653186725,"[115491.9416267483,120678.60426800326,68828.10169681053]","[115202.46987597941,120272.61654580648,69085.25105659338]","[115955.09642797851,121328.18462351809,68808.66272115796]","[115491.9416267483,120678.60426800326,68868.10169681053]",76.0,1280,720,819312,b2478bc318a8f1080cd0bd0c89250c4d28af16e383f10df857130b7e54afcae3,frames/window-0164-reverse-00001.png,NATIVE_LOADING_AND_MIPS_READY,UNREVIEWED
window-0163-reverse-00000,748,reviewed-VIAL_TR70190001287-0-interval-42-0,reverse,44.58353884033861,0.0,"[120263.57556451112,126896.69568482786,68252.87868167354]","[119928.3524802923,126527.57072312532,68509.92252670763]","[120799.93249926122,127487.29562355195,68233.608529619]","[120263.57556451112,126896.69568482786,68292.87868167354]",76.0,1280,720,755204,2db3fad8219c29bb312a27545e47b9a7caafdb2147f0471b9631c5bc6a60d090,frames/window-0163-reverse-00000.png,NATIVE_LOADING_AND_MIPS_READY,UNREVIEWED
window-0163-reverse-00001,749,reviewed-VIAL_TR70190001287-0-interval-42-0,reverse,29.722359226892408,14.861179613446204,"[121259.65328134391,127993.81659346876,68140.1922840937]","[120925.82588992729,127623.51906682989,68398.12662875817]","[121793.7771076105,128586.29263609093,68119.49733263056]","[121259.65328134391,127993.81659346876,68180.1922840937]",76.0,1280,720,761268,07e3ecdd3e06f9429cac49e62b2e6d259ffe3f6a949ae9d1209a6771c6eab75f,frames/window-0163-reverse-00001.png,NATIVE_LOADING_AND_MIPS_READY,UNREVIEWED
window-0163-reverse-00002,750,reviewed-VIAL_TR70190001287-0-interval-42-0,reverse,14.861179613446204,29.722359226892408,"[122111.74954701646,129201.75744015542,68027.58913598538]","[121852.4762908306,128775.88913209758,68285.18651380275]","[122526.58675691385,129883.14673304794,68007.4333314776]","[122111.74954701646,129201.75744015542,68067.58913598538]",76.0,1280,720,784076,ef44f987025860ea0d95be9cdc1a21bbea0b2288832dadd4cc29ecd230ece6fc,frames/window-0163-reverse-00002.png,NATIVE_LOADING_AND_MIPS_READY,UNREVIEWED
window-0163-reverse-00003,751,reviewed-VIAL_TR70190001287-0-interval-42-0,reverse,0.0,44.58353884033861,"[122824.71608914202,130498.2403642498,67912.86428245017]","[122634.42357562897,130037.69866684763,68173.97516002315]","[123129.18411076292,131235.10708009326,67887.08687833343]","[122824.71608914202,130498.2403642498,67952.86428245017]",76.0,1280,720,860367,35b046829b320367eae2aff36d77cd2cfa55e57a851ad2fd7f235f4469d03c85,frames/window-0163-reverse-00003.png,NATIVE_LOADING_AND_MIPS_READY,UNREVIEWED
window-0162-reverse-00000,752,reviewed-VIAL_TR70190001287-0-interval-40-0,reverse,42.588480318156584,0.0,"[122994.6339973365,130914.8794170469,67876.02732804742]","[122806.52822574206,130453.40586135114,68136.75049204992]","[123295.60323188757,131653.23710616012,67850.87026564343]","[122994.6339973365,130914.8794170469,67916.02732804742]",76.0,1280,720,873059,4e6e9ad5c9c3d0f66217d7dd952f7374f529bf88427c13833906a3b4133a5628,frames/window-0162-reverse-00000.png,NATIVE_LOADING_AND_MIPS_READY,UNREVIEWED
window-0162-reverse-00001,753,reviewed-VIAL_TR70190001287-0-interval-40-0,reverse,28.39232021210439,14.196160106052194,"[123490.59925598052,132238.7162052728,67768.66255215825]","[123389.5561167601,131750.4229013722,68025.53982676362]","[123652.26827873316,133019.98549151377,67749.65891278966]","[123490.59925598052,132238.7162052728,67808.66255215825]",76.0,1280,720,908697,215025162b9fe08fb263f33baff9cb9502d1df6a1a2c43dc84adb034a6651f58,frames/window-0162-reverse-00001.png,NATIVE_LOADING_AND_MIPS_READY,UNREVIEWED
window-0162-reverse-00002,754,reviewed-VIAL_TR70190001287-0-interval-40-0,reverse,14.196160106052195,28.392320212104387,"[123722.80840131926,133635.33608479664,67665.34556989907]","[123643.08723125269,133143.09735707752,67922.02758152162]","[123850.36227342575,134422.91804914727,67646.65435130302]","[123722.80840131926,133635.33608479664,67705.34556989907]",76.0,1280,720,907940,52260613cebdedeed73ac905493c33b549c6380c99359159ff47c99cdea11b9f,frames/window-0162-reverse-00002.png,NATIVE_LOADING_AND_MIPS_READY,UNREVIEWED
window-0162-reverse-00003,755,reviewed-VIAL_TR70190001287-0-interval-40-0,reverse,0.0,42.588480318156584,"[123949.10503134015,135032.6056594029,67557.02647838098]","[123869.38890804324,134540.39809391485,67814.1351318571]","[124076.6508286152,135820.13776418383,67537.65263281923]","[123949.10503134015,135032.6056594029,67597.02647838098]",76.0,1280,720,997302,5897833fc7638af35e788b63e0c7f1162a79ef31f674353a8b1e926b9ddc4c7f,frames/window-0162-reverse-00003.png,NATIVE_LOADING_AND_MIPS_READY,UNREVIEWED
window-0161-reverse-00000,756,reviewed-VIAL_TR70190001287-0-interval-4-0,reverse,77.61391983546729,0.0,"[146323.85548153543,194387.2402910143,57644.74446328875]","[145877.56648891815,194163.2006886563,57889.89186164115]","[147037.9178697231,194745.70365478715,57644.508625924915]","[146323.85548153543,194387.2402910143,57684.74446328875]",76.0,1280,720,846326,c01c27374195706d64d43a14a38aad467a3ac8c1ecf6ab669c2cfe1a7ab8b393,frames/window-0161-reverse-00000.png,NATIVE_LOADING_AND_MIPS_READY,UNREVIEWED
window-0161-reverse-00001,757,reviewed-VIAL_TR70190001287-0-interval-4-0,reverse,58.21043987660046,19.403479958866825,"[148055.23328045002,195256.4017512836,57536.00293455034]","[147609.02243170852,195032.40137855313,57782.830373526216]","[148769.17063843642,195614.80234765235,57533.07903218896]","[148055.23328045002,195256.4017512836,57576.00293455034]",76.0,1280,720,854979,a26fe0ce8913c3bdec701aea8efd10179b19a1e0f615a52955e3c3af1a4a3ad1,frames/window-0161-reverse-00001.png,NATIVE_LOADING_AND_MIPS_READY,UNREVIEWED
window-0161-reverse-00002,758,reviewed-VIAL_TR70190001287-0-interval-4-0,reverse,38.80695991773364,38.80695991773364,"[149786.44495264778,196125.4798149591,57423.993613624836]","[149340.4498553888,195901.5877497066,57674.98903809226]","[150500.0371082622,196483.7071193631,57414.40093447697]","[149786.44495264778,196125.4798149591,57463.993613624836]",76.0,1280,720,890191,f4d023d1a130da51fa6a7ea282987dfcfbb55c19a610b96658189879573ef2a9,frames/window-0161-reverse-00002.png,NATIVE_LOADING_AND_MIPS_READY,UNREVIEWED
window-0161-reverse-00003,759,reviewed-VIAL_TR70190001287-0-interval-4-0,reverse,19.40347995886682,58.21043987660046,"[151517.8846930931,196994.67237018075,57316.92947147541]","[151071.61547575737,196770.6426959979,57562.512488187225]","[152231.9154408303,197353.1198488733,57315.996644736515]","[151517.8846930931,196994.67237018075,57356.92947147541]",76.0,1280,720,908027,e5f708fd85ee820589a39547dc0f206faa536455dfafaf482c5389165c16291f,frames/window-0161-reverse-00003.png,NATIVE_LOADING_AND_MIPS_READY,UNREVIEWED
window-0161-reverse-00004,760,reviewed-VIAL_TR70190001287-0-interval-4-0,reverse,0.0,77.61391983546729,"[153249.51969434624,197863.96294739097,57213.40793364143]","[152803.27512130135,197639.94564388075,57459.523613912155]","[153963.51101121804,198222.39063300734,57211.62284520827]","[153249.51969434624,197863.96294739097,57253.40793364143]",76.0,1280,720,896467,d23645c3bf97f54fc43fc3f2c14411990b6c5fa7c5f50f26ce4de8fd5859c9da,frames/window-0161-reverse-00004.png,NATIVE_LOADING_AND_MIPS_READY,UNREVIEWED
window-0160-reverse-00000,761,reviewed-VIAL_TR70190001287-0-interval-38-0,reverse,29.00799369334202,0.0,"[123886.45816578064,136798.74658416957,67426.54399032267]","[123996.43746846823,136312.23985913716,67681.41173298811]","[123710.4912814805,137577.15734422143,67410.75560205797]","[123886.45816578064,136798.74658416957,67466.54399032267]",76.0,1280,720,1205932,d3f515f3a206a418dbb7876be9c8a539e61b341c514eeb0cef8798cf80e21639,frames/window-0160-reverse-00000.png,NATIVE_LOADING_AND_MIPS_READY,UNREVIEWED
window-0160-reverse-00001,762,reviewed-VIAL_TR70190001287-0-interval-38-0,reverse,14.50399684667101,14.50399684667101,"[123260.16056258963,138088.8535200551,67311.04884398692]","[123530.04292184148,137670.13814770713,67573.95512702504]","[122828.34878778667,138758.79811581186,67282.39879112592]","[123260.16056258963,138088.8535200551,67351.04884398692]",76.0,1280,720,1175858,d7969e0d54389c50dd5e5b446bef7bffa8e1a8614dcd75d8f8226498510361e5,frames/window-0160-reverse-00001.png,NATIVE_LOADING_AND_MIPS_READY,UNREVIEWED
window-0160-reverse-00002,763,reviewed-VIAL_TR70190001287-0-interval-38-0,reverse,0.0,29.00799369334202,"[122477.06328455824,139303.7620381452,67191.06948809975]","[122747.27091976424,138884.85259221302,67449.83429153229]","[122044.73106822866,139974.01715163674,67169.04580260768]","[122477.06328455824,139303.7620381452,67231.06948809975]",76.0,1280,720,1170887,87ac7531844b188a6ef3e3b335769e0f59cc02520be102d0ee1ddbb87bae1abb,frames/window-0160-reverse-00002.png,NATIVE_LOADING_AND_MIPS_READY,UNREVIEWED
window-0159-reverse-00000,764,reviewed-VIAL_TR70190001287-0-interval-36-0,reverse,54.11818579161614,0.0,"[121491.97211458813,140749.672168307,67057.91623079669]","[121777.69676672865,140340.78021673666,67312.10387622849]","[121034.81267116334,141403.8992908196,67043.21599810582]","[121491.97211458813,140749.672168307,67097.91623079669]",76.0,1280,720,1173574,14f78281e52f97373dd35fa3b26e660299b8ad34257a8820831d984435f1a846,frames/window-0159-reverse-00000.png,NATIVE_LOADING_AND_MIPS_READY,UNREVIEWED
window-0159-reverse-00001,765,reviewed-VIAL_TR70190001287-0-interval-36-0,reverse,36.0787905277441,18.039395263872045,"[120382.41490748126,142163.29861602897,66926.48422712283]","[120711.02511886707,141788.7135471226,67187.7317134147]","[119856.63856926396,142762.63472627915,66900.48824905584]","[120382.41490748126,142163.29861602897,66966.48422712283]",76.0,1280,720,1177544,4b1fbf7cb68ce06159c61410132fd82025fdbf9b06d63ac4d6f639dd09d29bc9,frames/window-0159-reverse-00001.png,NATIVE_LOADING_AND_MIPS_READY,UNREVIEWED
window-0159-reverse-00002,766,reviewed-VIAL_TR70190001287-0-interval-36-0,reverse,18.03939526387205,36.07879052774409,"[119196.27625664468,143515.38632553985,66788.33496563019]","[119525.19219798838,143140.4527519296,67043.53608649106]","[118670.01075049477,144115.2800433162,66772.0131722528]","[119196.27625664468,143515.38632553985,66828.33496563019]",76.0,1280,720,1273440,601d5d4ea1df437e064cf139ee1bd2b2b7badf1a07c98c73be1765ae3bf22e08,frames/window-0159-reverse-00002.png,NATIVE_LOADING_AND_MIPS_READY,UNREVIEWED
window-0159-reverse-00003,767,reviewed-VIAL_TR70190001287-0-interval-36-0,reverse,0.0,54.11818579161614,"[117995.88743768982,144855.17201963812,66661.35225822245]","[118362.689591514,144517.5995403937,66920.0950150515]","[117409.00399157111,145395.28798642918,66639.36384729599]","[117995.88743768982,144855.17201963812,66701.35225822245]",76.0,1280,720,1235096,5ed5d73046ee416b3a37236c61ad3db109a34ec593cfe7d02706d04e70dde3e1,frames/window-0159-reverse-00003.png,NATIVE_LOADING_AND_MIPS_READY,UNREVIEWED
window-0158-reverse-00000,768,reviewed-VIAL_TR70190001287-0-interval-34-0,reverse,32.98445729142686,0.0,"[117920.98339922959,144920.26454992592,66653.59239009107]","[118305.3969276117,144602.9381543173,66912.71013346744]","[117305.92175381821,145427.98678289974,66631.00400068887]","[117920.98339922959,144920.26454992592,66693.59239009107]",76.0,1280,720,1216117,61474141630283fe3e0153fd341cc7bd192b2c2e23212305731cabb5a5f9a537,frames/window-0158-reverse-00000.png,NATIVE_LOADING_AND_MIPS_READY,UNREVIEWED
window-0158-reverse-00001,769,reviewed-VIAL_TR70190001287-0-interval-34-0,reverse,16.49222864571343,16.49222864571343,"[116533.39370177907,145785.1770951933,66535.56041680294]","[117017.08247153115,145664.02733210142,66792.5456695194]","[115759.49167017575,145979.01671614032,66516.38401245662]","[116533.39370177907,145785.1770951933,66575.56041680294]",76.0,1280,720,967551,99d72b07874b002c04b1274b703c5f992945b5c2c3b2bc96312807f4f862c160,frames/window-0158-reverse-00001.png,NATIVE_LOADING_AND_MIPS_READY,UNREVIEWED
window-0158-reverse-00002,770,reviewed-VIAL_TR70190001287-0-interval-34-0,reverse,0.0,32.98445729142686,"[114929.80517284013,146151.19064636528,66416.35178245141]","[115411.58207375294,146023.13180404593,66674.97755947502]","[114158.96213137962,146356.08479407622,66394.55053921363]","[114929.80517284013,146151.19064636528,66456.35178245141]",76.0,1280,720,867375,f40d7cbffc39ce9718f0480d99247357a38b9a309c7de1025268001856abe22b,frames/window-0158-reverse-00002.png,NATIVE_LOADING_AND_MIPS_READY,UNREVIEWED
window-0157-reverse-00000,771,reviewed-VIAL_TR70190001287-0-interval-32-0,reverse,25.02358406892392,0.0,"[112868.63411288941,149834.92349218577,66039.09524133152]","[112808.58292469836,149339.86008993405,66295.23500541189]","[112964.71601399512,150627.02493578853,66021.27161880297]","[112868.63411288941,149834.92349218577,66079.09524133152]",76.0,1280,720,1115958,ab21e66e5b2c6eb86d23b9294b6b77b97e6bd962a84d95cc3c996d354ad87475,frames/window-0157-reverse-00000.png,NATIVE_LOADING_AND_MIPS_READY,UNREVIEWED
window-0157-reverse-00001,772,reviewed-VIAL_TR70190001287-0-interval-32-0,reverse,12.51179203446196,12.51179203446196,"[112996.84833267116,151075.0664325959,65938.98284528565]","[112980.40716435696,150576.91419048398,66198.65691318079]","[113023.15420197386,151872.11001997493,65915.50433665342]","[112996.84833267116,151075.0664325959,65978.98284528565]",76.0,1280,720,1163064,8276234aee061c050c69a260616fc50e7b9953a82b364286578105ff0d66ee68,frames/window-0157-reverse-00001.png,NATIVE_LOADING_AND_MIPS_READY,UNREVIEWED
window-0157-reverse-00002,773,reviewed-VIAL_TR70190001287-0-interval-32-0,reverse,0.0,25.02358406892392,"[112923.13069729134,152319.34714354575,65849.55895975858]","[113019.14528593555,151830.01926201137,66106.15708977298]","[112769.50735546064,153102.27175400077,65831.00195173552]","[112923.13069729134,152319.34714354575,65889.55895975858]",76.0,1280,720,1156313,22ddc741bec45932835e5ac990f50a0e0ad71cb4d51a6aca2538bd42feca8573,frames/window-0157-reverse-00002.png,NATIVE_LOADING_AND_MIPS_READY,UNREVIEWED
window-0156-reverse-00000,774,reviewed-VIAL_TR70190001287-0-interval-30-0,reverse,14.033544138496413,0.0,"[112828.63133274368,152654.78752758354,65824.25152673703]","[112980.97507076233,152179.9073832134,66080.03188405067]","[112584.88135191382,153414.59575857577,65807.00295503523]","[112828.63133274368,152654.78752758354,65864.25152673703]",76.0,1280,720,1126311,8d97b8475c4d9101c25efeb8194689d996235fd7008cf4a72ea4a980f58b8a40,frames/window-0156-reverse-00000.png,NATIVE_LOADING_AND_MIPS_READY,UNREVIEWED
window-0156-reverse-00001,775,reviewed-VIAL_TR70190001287-0-interval-30-0,reverse,0.0,14.033544138496413,"[112400.9536049969,153987.73995880038,65725.6025965343]","[112553.30776192305,153512.89694571038,65981.82860634665]","[112157.18695391506,154747.4887797444,65707.64098083453]","[112400.9536049969,153987.73995880038,65765.6025965343]",76.0,1280,720,1106704,a9457fd0b8842cbb30d51d2d8b2f268cb17102896709e28db1607e2428006ae4,frames/window-0156-reverse-00001.png,NATIVE_LOADING_AND_MIPS_READY,UNREVIEWED
window-0155-reverse-00000,776,reviewed-VIAL_TR70190001287-0-interval-28-0,reverse,14.060965856780507,0.0,"[111524.31204945897,158070.301574748,65355.40065199204]","[111571.90542129971,157574.92780989,65623.77113934976]","[111448.16265451376,158862.89959852083,65318.00787221968]","[111524.31204945897,158070.301574748,65395.40065199203]",76.0,1280,720,1136534,ea34f440d93176093fdc6d30608c410bd709165d4ae0e0cba00481ed8618683b,frames/window-0155-reverse-00000.png,NATIVE_LOADING_AND_MIPS_READY,UNREVIEWED
window-0155-reverse-00001,777,reviewed-VIAL_TR70190001287-0-interval-28-0,reverse,0.0,14.060965856780507,"[111390.4338419321,159463.7677056715,65223.42283846657]","[111438.06794205398,158967.97002179988,65487.1909681172]","[111314.21928173711,160257.0439998661,65193.39383102557]","[111390.4338419321,159463.7677056715,65263.42283846657]",76.0,1280,720,1102932,55633469d2ae31854cfefc53d38212de58c0c9bd4a56d856c1d4a9c367bcc827,frames/window-0155-reverse-00001.png,NATIVE_LOADING_AND_MIPS_READY,UNREVIEWED
window-0154-reverse-00000,778,reviewed-VIAL_TR70190001287-0-interval-26-0,reverse,21.563636418699083,0.0,"[111327.22945929272,160060.0828530267,65172.36175568048]","[111400.72687935932,159567.22101636953,65433.41463877619]","[111209.63358718615,160848.66179167817,65146.677142727356]","[111327.22945929272,160060.0828530267,65212.36175568048]",76.0,1280,720,1077492,120ca0ed9053fff8a71ba0e40a3134b2db5a02499702714b8b123c911fdff3a6,frames/window-0154-reverse-00000.png,NATIVE_LOADING_AND_MIPS_READY,UNREVIEWED
window-0154-reverse-00001,779,reviewed-VIAL_TR70190001287-0-interval-26-0,reverse,10.781818209349542,10.781818209349542,"[111119.18420642696,161114.28834390614,65085.56315951579]","[111220.90492298285,160626.27256488122,65344.20892572724]","[110956.43105993756,161895.11359034598,65063.729933577466]","[111119.18420642696,161114.28834390614,65125.56315951579]",76.0,1280,720,1047370,ea2e54e8b49ceba4c15b7d4195e08b0d8b6a42473daf3de449527ee5cbd1dfa7,frames/window-0154-reverse-00001.png,NATIVE_LOADING_AND_MIPS_READY,UNREVIEWED
window-0154-reverse-00002,780,reviewed-VIAL_TR70190001287-0-interval-26-0,reverse,0.0,21.563636418699083,"[110899.88680558745,162166.39056662098,64999.24178334517]","[111001.5306116056,161678.7437736684,65262.4753585062]","[110737.25671595839,162946.6254353451,64970.068063087514]","[110899.88680558745,162166.39056662098,65039.24178334516]",76.0,1280,720,974668,ad33e0249585a04fffdbdfe4fe5e97c907d5cc8d9f658d4927754ed0c9ac8046,frames/window-0154-reverse-00002.png,NATIVE_LOADING_AND_MIPS_READY,UNREVIEWED
window-0153-reverse-00000,781,reviewed-VIAL_TR70190001287-0-interval-24-0,reverse,9.495763754991819,0.0,"[113104.12515995558,161500.54385168478,64191.941907773195]","[113095.0113593051,161998.95146940456,64450.75923942548]","[113118.70724099633,160703.09166333312,64169.83417712953]","[113104.12515995558,161500.54385168478,64231.941907773195]",76.0,1280,720,991433,06f4dbe7e5310b829a0622bd25115226883e3498dc3f84d65ec741e3a4b79531,frames/window-0153-reverse-00000.png,NATIVE_LOADING_AND_MIPS_READY,UNREVIEWED
window-0153-reverse-00001,782,reviewed-VIAL_TR70190001287-0-interval-24-0,reverse,0.0,9.495763754991819,"[113252.124627179,160569.69861518592,64119.01993610273]","[113120.6180482564,161050.53982572636,64377.720710591995]","[113462.53515345517,159800.35267832121,64097.09869691993]","[113252.124627179,160569.69861518592,64159.01993610273]",76.0,1280,720,1072970,a1ac0c77500d635b09afd53dd05b2a7029cdd4c20a578275d5a9f9c9ec90b972,frames/window-0153-reverse-00001.png,NATIVE_LOADING_AND_MIPS_READY,UNREVIEWED
window-0152-reverse-00000,783,reviewed-VIAL_TR70190001287-0-interval-22-0,reverse,14.021346387054281,0.0,"[116452.38481849083,154777.17010593042,63599.55266126393]","[116258.45217034285,155235.93668715045,63863.4086977699]","[116762.67705552759,154043.14357597838,63569.38300285439]","[116452.38481849083,154777.17010593042,63639.55266126393]",76.0,1280,720,964408,7b51334b8d94bc2f96fc1ab66e69193279de8cd167fd3123904576a4531a0ce1,frames/window-0152-reverse-00000.png,NATIVE_LOADING_AND_MIPS_READY,UNREVIEWED
window-0152-reverse-00001,784,reviewed-VIAL_TR70190001287-0-interval-22-0,reverse,0.0,14.021346387054281,"[116928.70021062554,153462.0549232699,63504.25378912828]","[116761.4965939799,153931.94704451162,63759.529063408976]","[117196.22599725856,152710.22752928315,63487.81335027916]","[116928.70021062554,153462.0549232699,63544.25378912828]",76.0,1280,720,866777,13ea91c19400e66074fcdc1d1380b4abdc28a5206af75aebfe4032685902fe12,frames/window-0152-reverse-00001.png,NATIVE_LOADING_AND_MIPS_READY,UNREVIEWED
window-0151-reverse-00000,785,reviewed-VIAL_TR70190001287-0-interval-20-0,reverse,14.041397277818424,0.0,"[119372.17750221025,163154.75652413443,62127.23494297637]","[119026.81826234848,162795.37633612516,62386.8944425765]","[119924.75228598907,163729.76482494923,62103.77974361618]","[119372.17750221025,163154.75652413443,62167.23494297637]",76.0,1280,720,866585,d47076d2c81fd42d8d9abfc793f14d2053ee7e07645d90a897a5f3ae20965ad1,frames/window-0151-reverse-00000.png,NATIVE_LOADING_AND_MIPS_READY,UNREVIEWED
window-0151-reverse-00001,786,reviewed-VIAL_TR70190001287-0-interval-20-0,reverse,0.0,14.041397277818424,"[120342.1584018739,164164.11685980856,62017.987633111145]","[119996.79263902464,163804.7298829413,62277.52863347487]","[120894.7436224327,164739.13602279618,61994.72203252919]","[120342.1584018739,164164.11685980856,62057.987633111145]",76.0,1280,720,841107,9351508fad54520c6abcaaff69ec781b849549652a4a48bc8c132af382582878,frames/window-0151-reverse-00001.png,NATIVE_LOADING_AND_MIPS_READY,UNREVIEWED
window-0150-reverse-00000,787,reviewed-VIAL_TR70190001287-0-interval-2-0,reverse,40.02277997972388,0.0,"[159745.49504207098,199391.77408600226,56897.68966726135]","[159253.88494150765,199303.01888298983,57138.714009399235]","[160532.07120297232,199533.78241082214,56904.050719840736]","[159745.49504207098,199391.77408600226,56937.68966726135]",76.0,1280,720,856307,6ecd5f0b1b2e701b18fe1ca68bd75090f2e10de87a8322e5cca9d17cd6ec23b9,frames/window-0150-reverse-00000.png,NATIVE_LOADING_AND_MIPS_READY,UNREVIEWED
window-0150-reverse-00001,788,reviewed-VIAL_TR70190001287-0-interval-2-0,reverse,26.681853319815918,13.34092665990796,"[161057.39993674043,199628.62517207908,56846.78872846066]","[160565.6504275183,199539.844799331,57084.12267188067]","[161844.19915149588,199770.67376847597,56859.05441898865]","[161057.39993674043,199628.62517207908,56886.788728460655]",76.0,1280,720,847035,156ff9447116310a0e7a5ab0e170b012ac9d45596b7f612010417ad8da1c26f1,frames/window-0150-reverse-00001.png,NATIVE_LOADING_AND_MIPS_READY,UNREVIEWED
window-0150-reverse-00002,789,reviewed-VIAL_TR70190001287-0-interval-2-0,reverse,13.340926659907959,26.68185331981592,"[162369.4044676811,199865.49424646923,56798.443990234526]","[161877.64337105033,199776.7117817324,57035.43509954959]","[163156.22222229032,200007.54619004816,56811.25821533042]","[162369.4044676811,199865.49424646923,56838.44399023452]",76.0,1280,720,853249,ee5a5a36844abf098c1cbb66b907ad9337c4391e9d31f7fc7e8542dc800ee3fd,frames/window-0150-reverse-00002.png,NATIVE_LOADING_AND_MIPS_READY,UNREVIEWED
window-0150-reverse-00003,790,reviewed-VIAL_TR70190001287-0-interval-2-0,reverse,0.0,40.02277997972388,"[163681.52715684264,200102.38465312868,56753.508938490224]","[163189.7687218178,200013.60266982758,56990.57941074584]","[164468.3406528824,200244.43582641045,56766.196182881235]","[163681.52715684264,200102.38465312868,56793.50893849022]",76.0,1280,720,852777,6f98e638106414e37fa7d348cd3264870993d69b9c3bdd9baa9d20e6ead64bf3,frames/window-0150-reverse-00003.png,NATIVE_LOADING_AND_MIPS_READY,UNREVIEWED
window-0149-reverse-00000,791,reviewed-VIAL_TR70190001287-0-interval-18-0,reverse,73.69537747977722,0.0,"[120480.72710182169,164308.31119343638,62001.92563199942]","[120135.39586584225,163948.9601451663,62262.08981460155]","[121033.25707938877,164883.27287066853,61977.66293983601]","[120480.72710182169,164308.31119343638,62041.92563199942]",76.0,1280,720,841999,f37b7182b139563e6d647043b288eb5c59281a6445fda31059b72817e742933e,frames/window-0149-reverse-00000.png,NATIVE_LOADING_AND_MIPS_READY,UNREVIEWED
window-0149-reverse-00001,792,reviewed-VIAL_TR70190001287-0-interval-18-0,reverse,55.271533109832916,18.423844369944305,"[121753.66220174612,165632.9251114103,61862.76477895757]","[121407.93311259993,165273.1600587969,62115.021620654144]","[122306.82874438005,166208.54919559168,61851.15383224305]","[121753.66220174612,165632.9251114103,61902.764778957564]",76.0,1280,720,884898,5838daea9229609a298f34dcb5dba49d80fb19e4b8475a4c859356913ddb477b,frames/window-0149-reverse-00001.png,NATIVE_LOADING_AND_MIPS_READY,UNREVIEWED
window-0149-reverse-00002,793,reviewed-VIAL_TR70190001287-0-interval-18-0,reverse,36.84768873988861,36.84768873988861,"[123026.21047510659,166957.13649817664,61716.82300078663]","[122681.07682734609,166597.99106077116,61980.38123737116]","[123578.42431152341,167531.7691980254,61687.1298222514]","[123026.21047510659,166957.13649817664,61756.82300078663]",76.0,1280,720,990036,a151a084c7137cfabe553e792c2bc760eefcb093702615d848119520e6906448,frames/window-0149-reverse-00002.png,NATIVE_LOADING_AND_MIPS_READY,UNREVIEWED
window-0149-reverse-00003,794,reviewed-VIAL_TR70190001287-0-interval-18-0,reverse,18.423844369944305,55.271533109832916,"[124299.22421102076,168281.83224455052,61579.265445353005]","[123953.54285127376,167922.1168581326,61832.570674637136]","[124852.31438661597,168857.3768628192,61565.97707849841]","[124299.22421102076,168281.83224455052,61619.265445353005]",76.0,1280,720,1010102,576cc48a28c6407d1d19fcdb39223913821bbfff6c352181eace86a3136c7da9,frames/window-0149-reverse-00003.png,NATIVE_LOADING_AND_MIPS_READY,UNREVIEWED
window-0149-reverse-00004,795,reviewed-VIAL_TR70190001287-0-interval-18-0,reverse,0.0,73.69537747977722,"[125571.15880209021,169608.8454988785,61454.70254870778]","[125235.22023485141,169240.05547486083,61708.454544598215]","[126108.66050967229,170198.90953730678,61440.6993552831]","[125571.15880209021,169608.8454988785,61494.70254870778]",76.0,1280,720,1101292,b04d272e2d7dff4c6761b2871a8cda9e4cd7a17ce0194c517225ad4ae7a9cc78,frames/window-0149-reverse-00004.png,NATIVE_LOADING_AND_MIPS_READY,UNREVIEWED
window-0148-reverse-00000,796,reviewed-VIAL_TR70190001287-0-interval-16-0,reverse,14.048838867907557,0.0,"[125139.59948762204,172868.58623595908,61153.17147364939]","[125539.21722581578,172571.00683315296,61415.03031198091]","[124500.21110651206,173344.71328044886,61126.19733231897]","[125139.59948762204,172868.58623595908,61193.17147364939]",76.0,1280,720,1221432,f2e6408157c2b5877d7af0a6ec8e0cd367229a72a0694354fa0b010f0e9c9788,frames/window-0148-reverse-00000.png,NATIVE_LOADING_AND_MIPS_READY,UNREVIEWED
window-0148-reverse-00001,797,reviewed-VIAL_TR70190001287-0-interval-16-0,reverse,0.0,14.048838867907557,"[124016.58804753097,173704.35527656227,61034.76161031491]","[124416.45084488016,173406.77536016962,61294.20697323417]","[123376.80757177227,174180.4831427905,61011.64902964412]","[124016.58804753097,173704.35527656227,61074.761610314905]",76.0,1280,720,1224724,491bff3e7f7e236e036b31ceb56576ed607e7435720917f47505ac5202422fde,frames/window-0148-reverse-00001.png,NATIVE_LOADING_AND_MIPS_READY,UNREVIEWED
window-0147-reverse-00000,798,reviewed-VIAL_TR70190001287-0-interval-14-0,reverse,24.329751106195662,0.0,"[118355.31979035586,186024.60565250367,59975.049407058315]","[117967.76375903944,185709.9726140062,60223.446126518545]","[118975.40944046216,186528.01851409962,59969.614655921956]","[118355.31979035586,186024.60565250367,60015.049407058315]",76.0,1280,720,911876,3f9df3e625a55010a24483fb340e3d1a5860fcde56e613f860c24dfb9ceef116,frames/window-0147-reverse-00000.png,NATIVE_LOADING_AND_MIPS_READY,UNREVIEWED
window-0147-reverse-00001,799,reviewed-VIAL_TR70190001287-0-interval-14-0,reverse,12.164875553097831,12.164875553097831,"[119497.7212737449,186349.83436125645,59874.75086673623]","[119001.19530940033,186314.11441195654,60141.50610124225]","[120292.16281669622,186406.9862801363,59839.942491526584]","[119497.7212737449,186349.83436125645,59914.75086673622]",76.0,1280,720,879087,c8f9bfbe0778c52548190cb7c42b2b72b4f2cc756136bea987bc39f72d9b7b8d,frames/window-0147-reverse-00001.png,NATIVE_LOADING_AND_MIPS_READY,UNREVIEWED
window-0147-reverse-00002,800,reviewed-VIAL_TR70190001287-0-interval-14-0,reverse,0.0,24.329751106195662,"[120705.90289062238,186436.75063047558,59762.585710033476]","[120209.12883431172,186401.01283442747,60026.61237139093]","[121500.74138071944,186493.93110415252,59732.143051861545]","[120705.90289062238,186436.75063047558,59802.585710033476]",76.0,1280,720,865246,682a26fc3339130587d545846eb8d09b3c86bb1621ce8bacaf6a74e0acc5787c,frames/window-0147-reverse-00002.png,NATIVE_LOADING_AND_MIPS_READY,UNREVIEWED
window-0146-reverse-00000,801,reviewed-VIAL_TR70190001287-0-interval-12-0,reverse,53.67658168491383,0.0,"[121204.57223132835,186472.62477241457,59719.295989124745]","[120707.69057806494,186436.87923679774,59982.08476491568]","[121999.58287654982,186529.81762940148,59690.83394785927]","[121204.57223132835,186472.62477241457,59759.295989124745]",76.0,1280,720,857642,fb367042157b011c1952ce9de82707b57f1f1a6b4497ae0265474c4c7ca7e15c,frames/window-0146-reverse-00000.png,NATIVE_LOADING_AND_MIPS_READY,UNREVIEWED
window-0146-reverse-00001,802,reviewed-VIAL_TR70190001287-0-interval-12-0,reverse,35.78438778994255,17.892193894971278,"[122983.92538568948,186600.6309726146,59582.330938430685]","[122486.56316735069,186564.85086527248,59839.081553224285]","[123779.70493503155,186657.87914436197,59563.52995476094]","[122983.92538568948,186600.6309726146,59622.330938430685]",76.0,1280,720,852195,df5cb32639dbec90286033ae564e356252a1d73fcd4f051296acb209058ce200,frames/window-0146-reverse-00001.png,NATIVE_LOADING_AND_MIPS_READY,UNREVIEWED
window-0146-reverse-00002,803,reviewed-VIAL_TR70190001287-0-interval-12-0,reverse,17.892193894971275,35.784387789942556,"[124762.34600438224,186729.72160817805,59434.90626190502]","[124266.25838238267,186687.9496488186,59701.29779895744]","[125556.08619958155,186796.55674315317,59400.679802621155]","[124762.34600438224,186729.72160817805,59474.90626190502]",76.0,1280,720,884156,bb5b73f12ef7d573bf134a740f0481d47b75c98d8af7c74f094b06c2e2ad60a7,frames/window-0146-reverse-00002.png,NATIVE_LOADING_AND_MIPS_READY,UNREVIEWED
window-0146-reverse-00003,804,reviewed-VIAL_TR70190001287-0-interval-12-0,reverse,0.0,53.67658168491383,"[126526.94385767682,186974.94938606396,59273.765398944306]","[126035.19347157392,186895.18996421772,59536.426767820725]","[127313.74447544145,187102.564461018,59245.50720874204]","[126526.94385767682,186974.94938606396,59313.765398944306]",76.0,1280,720,885606,ceda04a018503aac19588732775df310dfd2625256df82b63b945f0ff73f9e26,frames/window-0146-reverse-00003.png,NATIVE_LOADING_AND_MIPS_READY,UNREVIEWED
window-0145-reverse-00000,805,reviewed-VIAL_TR70190001287-0-interval-10-0,reverse,15.562952999781762,0.0,"[127257.2420893237,187140.1068950072,59207.697790984006]","[126776.91750370245,187008.85887765072,59473.10979807214]","[128025.7614263177,187350.10372277754,59175.03857964299]","[127257.2420893237,187140.1068950072,59247.697790984]",76.0,1280,720,885147,874d49427257624397122b702ee2c831da6569e2a9ce8067cc85ae67cdd4ef49,frames/window-0145-reverse-00000.png,NATIVE_LOADING_AND_MIPS_READY,UNREVIEWED
window-0145-reverse-00001,806,reviewed-VIAL_TR70190001287-0-interval-10-0,reverse,0.0,15.562952999781762,"[128752.30256545474,187548.630066216,59066.42880213288]","[128271.9862322707,187417.38430382637,59331.93451530634]","[129520.80869854917,187758.62328603936,59033.61966105535]","[128752.30256545474,187548.630066216,59106.42880213288]",76.0,1280,720,859854,f7f2b863ef91160705fa04a210155a834c8899e9294c155a6a264c57c7c30b3d,frames/window-0145-reverse-00001.png,NATIVE_LOADING_AND_MIPS_READY,UNREVIEWED
window-0144-reverse-00000,807,reviewed-VIAL_TR70190001287-0-interval-0-0,reverse,12.997773176743115,0.0,"[164172.45555947302,200195.32862827182,56735.19312484045]","[163685.8507280408,200081.98575533932,56974.40591178678]","[164951.02328976453,200376.67722496382,56744.45266572634]","[164172.45555947302,200195.32862827182,56775.19312484045]",76.0,1280,720,894185,e07029d76e73d5e5a164f2a10b33d16c994edfa584296046337bb0f17706b8df,frames/window-0144-reverse-00000.png,NATIVE_LOADING_AND_MIPS_READY,UNREVIEWED
window-0144-reverse-00001,808,reviewed-VIAL_TR70190001287-0-interval-0-0,reverse,0.0,12.997773176743115,"[165406.2861701008,200600.0,56691.57614693178]","[164933.8750449874,200436.91731311465,56926.8000133051]","[166162.14397028222,200860.93229901657,56707.217960734466]","[165406.2861701008,200600.0,56731.57614693177]",76.0,1280,720,855743,2b691e064fcbe82d713984581f0812ee0fd65c54d979c9b634b513ddd38a37ec,frames/window-0144-reverse-00001.png,NATIVE_LOADING_AND_MIPS_READY,UNREVIEWED
window-0143-reverse-00000,809,reviewed-VIAL_TR70190001272-2-interval-8-0,reverse,52.128817067938044,0.0,"[46627.01110673952,5220.035811327398,32734.990152034232]","[46568.95950655197,4725.437999850587,32910.23507860103]","[46719.8936670396,6011.3923096902945,32846.59826952735]","[46627.01110673952,5220.035811327398,32774.99015203423]",76.0,1280,720,1173635,eb1d9645dc06bb8e80648b700849652a5fe4eff6c51e01285be1b90f15c83a07,frames/window-0143-reverse-00000.png,NATIVE_LOADING_AND_MIPS_READY,UNREVIEWED
window-0143-reverse-00001,810,reviewed-VIAL_TR70190001272-2-interval-8-0,reverse,34.7525447119587,17.376272355979346,"[46827.842940167764,6939.449073781127,32885.254971716895]","[46773.19544429731,6443.942056650961,33066.700501549974]","[46915.2789335605,7732.260301189393,32986.94212398396]","[46827.842940167764,6939.449073781127,32925.25497171689]",76.0,1280,720,1102983,632b347a34501c560116b00eca22e7bc0815f531dcc12c39a8d0d9fae786817a,frames/window-0143-reverse-00001.png,NATIVE_LOADING_AND_MIPS_READY,UNREVIEWED
window-0143-reverse-00002,811,reviewed-VIAL_TR70190001272-2-interval-8-0,reverse,17.37627235597935,34.75254471195869,"[46905.81375605763,8667.284596891144,33023.20892848366]","[46947.787009828775,8170.617935708005,33203.70609773626]","[46838.65655002381,9461.951254784168,33126.4134576795]","[46905.81375605763,8667.284596891144,33063.208928483655]",76.0,1280,720,1125635,fc4b63e569923fd11cbee7dace925b8abd1ea47c21e0ae381be29a0b532a6ba4,frames/window-0143-reverse-00002.png,NATIVE_LOADING_AND_MIPS_READY,UNREVIEWED
window-0143-reverse-00003,812,reviewed-VIAL_TR70190001272-2-interval-8-0,reverse,0.0,52.128817067938044,"[46700.5603003141,10386.480858363211,33159.506318943386]","[46802.4056636819,9898.497198667092,33340.78333055068]","[46537.60771892562,11167.254713877002,33261.46310037172]","[46700.5603003141,10386.480858363211,33199.506318943386]",76.0,1280,720,1116849,f627eea09d77a6e6eb0dbfcd3ebf09b6afdc63ab848d6b943f53904eeb7a9d0b,frames/window-0143-reverse-00003.png,NATIVE_LOADING_AND_MIPS_READY,UNREVIEWED
window-0142-reverse-00000,813,reviewed-VIAL_TR70190001272-2-interval-6-0,reverse,22.378137836769394,0.0,"[44546.740462700836,15922.024501953274,33634.03897291169]","[44736.7837853181,15461.523337052458,33811.35159007339]","[44242.671146513225,16658.826365794583,33742.33878545295]","[44546.740462700836,15922.024501953274,33674.03897291168]",76.0,1280,720,1002526,6ab4a059c9bc564cb8f52f5629b4f208c53be3df6d7b8cd4981296b6ecddcafd,frames/window-0142-reverse-00000.png,NATIVE_LOADING_AND_MIPS_READY,UNREVIEWED
window-0142-reverse-00001,814,reviewed-VIAL_TR70190001272-2-interval-6-0,reverse,11.189068918384697,11.189068918384697,"[44040.614718354496,16912.690960939166,33720.7962616622]","[44330.629987349166,16506.47422127097,33911.1465708832]","[43576.59028796302,17562.63774440828,33808.23576690861]","[44040.614718354496,16912.690960939166,33760.796261662195]",76.0,1280,720,933816,d1d93ebc9716d577d28f5820956cdf88d822e37a6b282e56ec4ff35f6b97ff23,frames/window-0142-reverse-00001.png,NATIVE_LOADING_AND_MIPS_READY,UNREVIEWED
window-0142-reverse-00002,815,reviewed-VIAL_TR70190001272-2-interval-6-0,reverse,0.0,22.378137836769394,"[43197.564480878646,17630.431760195643,33769.53422549033]","[43626.8588637969,17374.765162497708,33971.0701084956]","[42510.693468209436,18039.49831651234,33839.0768126819]","[43197.564480878646,17630.431760195643,33809.53422549033]",76.0,1280,720,891972,d52b3227d6deef6e3e5b151a7efa957b5acd4a148f037cb7d71bca9455bf7bd3,frames/window-0142-reverse-00002.png,NATIVE_LOADING_AND_MIPS_READY,UNREVIEWED
window-0141-reverse-00000,816,reviewed-VIAL_TR70190001272-2-interval-4-0,reverse,68.04074059519806,0.0,"[40452.95994687476,17407.66872605309,33909.17707959933]","[40908.284564416615,17613.210220378067,34108.38797738162]","[39724.4405588078,17078.80233513312,33982.439643147656]","[40452.95994687476,17407.66872605309,33949.17707959933]",76.0,1280,720,933102,de36b98fa054f1f0d82182ededc106c9b0bf5730cdc2b6227dfa1ab21f03c2a6,frames/window-0141-reverse-00000.png,NATIVE_LOADING_AND_MIPS_READY,UNREVIEWED
window-0141-reverse-00001,817,reviewed-VIAL_TR70190001272-2-interval-4-0,reverse,51.030555446398544,17.010185148799515,"[38921.41164814394,16671.78538652808,33969.662063928525]","[39356.794970933304,16917.028594895226,34172.42457609862]","[38224.79833168096,16279.396253140647,34037.24204445636]","[38921.41164814394,16671.78538652808,34009.662063928525]",76.0,1280,720,935772,1b5c7c1d272407a7a3d6d7e7988e850aa58945abe04c9976031f9ece00996549,frames/window-0141-reverse-00001.png,NATIVE_LOADING_AND_MIPS_READY,UNREVIEWED
window-0141-reverse-00002,818,reviewed-VIAL_TR70190001272-2-interval-4-0,reverse,34.02037029759903,34.02037029759903,"[37440.9371090848,15836.781440363813,34036.141735180056]","[37876.08958517935,16082.222166675385,34236.11244621528]","[36744.693147333535,15444.076278265302,34108.18859752369]","[37440.9371090848,15836.781440363813,34076.14173518005]",76.0,1280,720,935412,9ad169237df0a7e634ebf2476850c81e1e3d12742074cd436e4cdc4cc8123159,frames/window-0141-reverse-00002.png,NATIVE_LOADING_AND_MIPS_READY,UNREVIEWED
window-0141-reverse-00003,819,reviewed-VIAL_TR70190001272-2-interval-4-0,reverse,17.010185148799515,51.030555446398544,"[35960.83210694601,15001.952116946237,34112.2522437129]","[36395.82315257656,15247.301790978934,34308.0380397555]","[35264.84643393713,14609.392638493919,34190.99497004475]","[35960.83210694601,15001.952116946237,34152.2522437129]",76.0,1280,720,955270,df4bb4e27c1efcc4a720ef21f8292ddb24a8553e2e5814283b59fb9a468dce01,frames/window-0141-reverse-00003.png,NATIVE_LOADING_AND_MIPS_READY,UNREVIEWED
window-0141-reverse-00004,820,reviewed-VIAL_TR70190001272-2-interval-4-0,reverse,0.0,68.04074059519806,"[34481.09981679008,14167.333015799522,34197.48261140154]","[34916.02252874318,14412.644147357862,34391.70115758423]","[33785.22347766514,13774.83520530618,34278.73293750923]","[34481.09981679008,14167.333015799522,34237.48261140154]",76.0,1280,720,944645,8f211b7a5754c4ecced079b42ab9809a9235489cc2d40ec71234f60e32b2e556,frames/window-0141-reverse-00004.png,NATIVE_LOADING_AND_MIPS_READY,UNREVIEWED
window-0140-reverse-00000,821,reviewed-VIAL_TR70190001272-2-interval-2-0,reverse,10.786661104308688,0.0,"[27122.838970267912,10017.027463205159,34725.32738979272]","[27556.7662183047,10261.776534630917,34902.84168104911]","[26428.55537340905,9625.428948923944,34833.30452378249]","[27122.838970267912,10017.027463205159,34765.32738979272]",76.0,1280,720,819491,86f0cdb0fa46c480f1846ce4e60fdba2ae919d6725f77678282173660bb6eae7,frames/window-0140-reverse-00000.png,NATIVE_LOADING_AND_MIPS_READY,UNREVIEWED
window-0140-reverse-00001,822,reviewed-VIAL_TR70190001272-2-interval-2-0,reverse,0.0,10.786661104308688,"[26339.908311405452,9306.924079917371,34797.09920948716]","[26587.41281111748,9740.727118590305,34993.5100963112]","[25943.901111866206,8612.839218040679,34874.8417905687]","[26339.908311405452,9306.924079917371,34837.09920948716]",76.0,1280,720,625953,b875c68d6cf33232e948203fa2ba0c51ed8a4617f47398eede29fe18588e08d3,frames/window-0140-reverse-00001.png,NATIVE_LOADING_AND_MIPS_READY,UNREVIEWED
window-0139-reverse-00000,823,reviewed-VIAL_TR70190001272-2-interval-10-0,reverse,17.050380898296417,0.0,"[46131.69991468312,1000.0,32368.357715939186]","[46073.586034981585,504.8715685242775,32550.009139297727]","[46224.68212220558,1792.205490361156,32469.715438565516]","[46131.69991468312,1000.0,32408.357715939183]",76.0,1280,720,1208715,c7bbae69e8ce75b46ec207c1d7cba99c686af8aa07c90a803afcbab9cbf84c4f,frames/window-0139-reverse-00000.png,NATIVE_LOADING_AND_MIPS_READY,UNREVIEWED
window-0139-reverse-00001,824,reviewed-VIAL_TR70190001272-2-interval-10-0,reverse,0.0,17.050380898296417,"[46329.82439150801,2688.01432447508,32504.329058821066]","[46271.71948599108,2192.96235419377,32684.992476922507]","[46422.7922403351,3480.097476925175,32607.267589858755]","[46329.82439150801,2688.01432447508,32544.329058821062]",76.0,1280,720,1206170,39ba3a11f73b2acfa153293d789794e4c12487e30422cee4864f0962496e983f,frames/window-0139-reverse-00001.png,NATIVE_LOADING_AND_MIPS_READY,UNREVIEWED
window-0138-reverse-00000,825,reviewed-VIAL_TR70190001272-2-interval-0-0,reverse,76.12949587071476,0.0,"[25338.81103930762,7405.311782285571,34929.1392227277]","[25570.640039371883,7846.467488213984,35108.679886895254]","[24967.8846392048,6699.462652800111,35033.87416005961]","[25338.81103930762,7405.311782285571,34969.139222727696]",76.0,1280,720,592788,042351a4c36ed38664676d313116e7a42e533fedcf1358a449ebef7f80bedfc7,frames/window-0138-reverse-00000.png,NATIVE_LOADING_AND_MIPS_READY,UNREVIEWED
window-0138-reverse-00001,826,reviewed-VIAL_TR70190001272-2-interval-0-0,reverse,57.09712190303607,19.032373967678694,"[24456.40201476045,5726.144046728198,35084.11994558021]","[24688.355120609827,6167.535919038755,35267.093309964606]","[24085.277045401446,5019.917051031306,35183.36256256518]","[24456.40201476045,5726.144046728198,35124.119945580205]",76.0,1280,720,570365,9d697cbbea2a5713d78f32eed574575735de204fe987f33bb36fc106104dcff2,frames/window-0138-reverse-00001.png,NATIVE_LOADING_AND_MIPS_READY,UNREVIEWED
window-0138-reverse-00002,827,reviewed-VIAL_TR70190001272-2-interval-0-0,reverse,38.06474793535738,38.06474793535738,"[23572.992643326077,4045.072715278613,35210.02105280858]","[23805.16935167549,4486.890087643544,35400.16497174328]","[23201.509909967015,3338.164919494725,35297.79078251305]","[23572.992643326077,4045.072715278613,35250.02105280858]",76.0,1280,720,579158,4616eca64f9e5d61a563c7273e54275c39b6573b02285e81a566393018e7e294,frames/window-0138-reverse-00002.png,NATIVE_LOADING_AND_MIPS_READY,UNREVIEWED
window-0138-reverse-00003,828,reviewed-VIAL_TR70190001272-2-interval-0-0,reverse,19.03237396767869,57.09712190303607,"[22508.791328052426,2478.8656793729624,35328.493316530396]","[22821.963172245203,2867.1635507260776,35514.608819964305]","[22007.716377343986,1857.589085207979,35422.70851103614]","[22508.791328052426,2478.8656793729624,35368.49331653039]",76.0,1280,720,543097,d4772760794b9dcfc7478574eb42deb8000f7829480cc30c14b104e3aea3ebd1,frames/window-0138-reverse-00003.png,NATIVE_LOADING_AND_MIPS_READY,UNREVIEWED
window-0138-reverse-00004,829,reviewed-VIAL_TR70190001272-2-interval-0-0,reverse,0.0,76.12949587071476,"[21316.049555968493,1000.0,35440.44582961543]","[21629.523592101155,1388.6725552336115,35634.606451161744]","[20814.49109815623,378.1239116262212,35521.788835141335]","[21316.049555968493,1000.0,35480.44582961543]",76.0,1280,720,599363,ec3cdd1d4a752240805a1ce44b592cfd190c525c3a2dd660c459c9f36461215d,frames/window-0138-reverse-00004.png,NATIVE_LOADING_AND_MIPS_READY,UNREVIEWED
window-0137-reverse-00000,830,reviewed-VIAL_TR70190001272-1-interval-8-0,reverse,13.76236577902601,0.0,"[106493.69353124639,42362.201018538326,53736.239266380835]","[106088.4257542707,42653.016130914264,53921.821257156626]","[107142.12197440749,41896.89683873684,53831.30808113957]","[106493.69353124639,42362.201018538326,53776.239266380835]",76.0,1280,720,804828,b3d9450e37fc87997c83766d4e0c2a0bb5b2a7577850ad78442824bab8d0cb6a,frames/window-0137-reverse-00000.png,NATIVE_LOADING_AND_MIPS_READY,UNREVIEWED
window-0137-reverse-00001,831,reviewed-VIAL_TR70190001272-1-interval-8-0,reverse,0.0,13.76236577902601,"[107189.15558932931,41217.25975871086,53813.90019163622]","[107074.06062559708,41703.1721776802,54008.557137068194]","[107373.3075313009,40439.79988835992,53894.44907894507]","[107189.15558932931,41217.25975871086,53853.90019163622]",76.0,1280,720,1017843,7a4a66aa5f8bf1cf417e4e427a981aea2e731ad0fca1b01df30420ba49a524d0,frames/window-0137-reverse-00001.png,NATIVE_LOADING_AND_MIPS_READY,UNREVIEWED
window-0136-reverse-00000,832,reviewed-VIAL_TR70190001272-1-interval-60-0,reverse,5.504780573259333,0.0,"[10553.131655382458,1000.0,36200.023008939585]","[10569.357101436553,500.6730810856567,36399.79028920509]","[10527.170941695907,1798.923070262949,36272.39536051478]","[10553.131655382458,1000.0,36240.023008939585]",76.0,1280,720,999926,19b9a420a8306498d092a54a2d586d6433ae9159623a0f32deb8912a9bab4c94,frames/window-0136-reverse-00000.png,NATIVE_LOADING_AND_MIPS_READY,UNREVIEWED
window-0136-reverse-00001,833,reviewed-VIAL_TR70190001272-1-interval-60-0,reverse,0.0,5.504780573259333,"[10535.270376550034,1549.6685446240008,36223.90725723547]","[10551.491693862246,1050.4686831057984,36420.74765609763]","[10509.316268850493,2348.3883230531246,36300.96261905602]","[10535.270376550034,1549.6685446240008,36263.90725723547]",76.0,1280,720,1016285,4f868895cd834f5fe7ac728a3256d3d4934541ca50bbd0de1e2a0006744e4a5e,frames/window-0136-reverse-00001.png,NATIVE_LOADING_AND_MIPS_READY,UNREVIEWED
window-0135-reverse-00000,834,reviewed-VIAL_TR70190001272-1-interval-6-0,reverse,9.444819703710607,0.0,"[107210.93922235304,41120.04963867366,53819.05784534439]","[107107.47859153805,41608.52309932251,54012.79806406015]","[107376.47623165706,40338.4921016355,53901.07349539917]","[107210.93922235304,41120.04963867366,53859.05784534439]",76.0,1280,720,1019296,f0a0bf4bd932f9e118dfca6faaa9ba88577f25b55d5e91c13d90ec003b775ad9,frames/window-0135-reverse-00000.png,NATIVE_LOADING_AND_MIPS_READY,UNREVIEWED
window-0135-reverse-00001,835,reviewed-VIAL_TR70190001272-1-interval-6-0,reverse,0.0,9.444819703710607,"[107219.93675887934,40183.50767409429,53868.66351338637]","[107275.7080287065,40679.728054108615,54063.07250089559]","[107130.70272715588,39389.55506607136,53949.60913337162]","[107219.93675887934,40183.50767409429,53908.66351338636]",76.0,1280,720,1127177,246c423c9ac6f84c64a5ca659767ae732d7f8d4556cc6f32bb04d860a01b2e65,frames/window-0135-reverse-00001.png,NATIVE_LOADING_AND_MIPS_READY,UNREVIEWED
window-0134-reverse-00000,836,reviewed-VIAL_TR70190001272-1-interval-58-0,reverse,41.526817899156235,0.0,"[10499.54781885026,2649.0056335926056,36281.15512373446]","[10515.755526377983,2150.2246056010667,36470.25534489388]","[10473.615486805904,3447.055278379068,36370.59476987938]","[10499.54781885026,2649.0056335926056,36321.155123734454]",76.0,1280,720,1039995,21a4fac67eec617adf788190383c2ae8c6b04114ad4b239014840557482571b8,frames/window-0134-reverse-00000.png,NATIVE_LOADING_AND_MIPS_READY,UNREVIEWED
window-0134-reverse-00001,837,reviewed-VIAL_TR70190001272-1-interval-58-0,reverse,27.684545266104156,13.84227263305208,"[10456.851723527017,4029.2666766875273,36376.41439265897]","[10460.227860731153,3530.6657763476933,36559.18881169793]","[10451.449904000401,4827.028117231261,36475.975322196624]","[10456.851723527017,4029.2666766875273,36416.41439265897]",76.0,1280,720,1182336,2b44e83344ac82d887ee59e28127088a19b6313068d0ab79f2ecaf2a7d7b423e,frames/window-0134-reverse-00001.png,NATIVE_LOADING_AND_MIPS_READY,UNREVIEWED
window-0134-reverse-00002,838,reviewed-VIAL_TR70190001272-1-interval-58-0,reverse,13.842272633052078,27.68454526610416,"[10748.255173333857,5370.629410539164,36479.85028916671]","[10597.882859133515,4895.53211162495,36658.975802179695]","[10988.850876054403,6130.785088801907,36585.249468345915]","[10748.255173333857,5370.629410539164,36519.8502891667]",76.0,1280,720,1314136,9643bb2af95f93b565f58bd43cf60d2c1ced3e9cdb3c7acd68f094539e956eec,frames/window-0134-reverse-00002.png,NATIVE_LOADING_AND_MIPS_READY,UNREVIEWED
window-0134-reverse-00003,839,reviewed-VIAL_TR70190001272-1-interval-58-0,reverse,0.0,41.526817899156235,"[11164.64799172245,6686.211366858333,36589.111376668814]","[11014.226998432308,6210.960268409002,36770.25371075446]","[11405.321580986678,7446.613124377263,36691.28364213176]","[11164.64799172245,6686.211366858333,36629.111376668814]",76.0,1280,720,1321129,366a7947796fd20b6d1f3e9dd585a5a917f25106b3dee787767a204c384b56b9,frames/window-0134-reverse-00003.png,NATIVE_LOADING_AND_MIPS_READY,UNREVIEWED
window-0133-reverse-00000,840,reviewed-VIAL_TR70190001272-1-interval-56-1,reverse,48.061543204411585,0.0,"[11481.466526712757,7687.191041838378,36673.981902329084]","[11331.182599304866,7212.372997333304,36849.681047086335]","[11721.920810565382,8446.899913046496,36784.86327071749]","[11481.466526712757,7687.191041838378,36713.981902329084]",76.0,1280,720,1305617,0876e8c4947d6af7ab91ddd8c8c4d536aea8557b647490b9a5a5db5a54b84d2b,frames/window-0133-reverse-00000.png,NATIVE_LOADING_AND_MIPS_READY,UNREVIEWED
window-0133-reverse-00001,841,reviewed-VIAL_TR70190001272-1-interval-56-1,reverse,32.04102880294106,16.02051440147053,"[11962.923842489225,9208.342534829695,36818.39973913067]","[11812.668084527495,8733.613492229353,36993.061639136155]","[12203.333055227991,9967.90900299024,36930.94069912187]","[11962.923842489225,9208.342534829695,36858.39973913066]",76.0,1280,720,1333502,6c5fab4319fe2f85501419eac1556a92967f93bf32d3f0f9cfc020f4f5a9d60e,frames/window-0133-reverse-00001.png,NATIVE_LOADING_AND_MIPS_READY,UNREVIEWED
window-0133-reverse-00002,842,reviewed-VIAL_TR70190001272-1-interval-56-1,reverse,16.02051440147053,32.04102880294106,"[12497.740559996895,10710.274771840915,36966.78397780821]","[12308.4566604262,10249.629746448667,37142.3118973005]","[12800.59479931001,11447.30681246851,37077.93930662055]","[12497.740559996895,10710.274771840915,37006.78397780821]",76.0,1280,720,1411809,39d3c8b001f5de77769079eebe39f63eab9dd3bfc800b59cd7bed158c48046d8,frames/window-0133-reverse-00002.png,NATIVE_LOADING_AND_MIPS_READY,UNREVIEWED
window-0133-reverse-00003,843,reviewed-VIAL_TR70190001272-1-interval-56-1,reverse,0.0,48.061543204411585,"[13306.20830853004,12050.221101660281,37125.569598685914]","[12917.092380040654,11739.785715953556,37298.46688648204]","[13928.793794113057,12546.91771879104,37240.9339382121]","[13306.20830853004,12050.221101660281,37165.56959868591]",76.0,1280,720,1330130,461ad041be1117c4479a22f626a5a7050594da9e49c0b47b49a3731865e7bac4,frames/window-0133-reverse-00003.png,NATIVE_LOADING_AND_MIPS_READY,UNREVIEWED
window-0132-reverse-00000,844,reviewed-VIAL_TR70190001272-1-interval-56-0,reverse,100.05682022151785,0.0,"[13306.20830853004,12050.221101660281,37125.569598685914]","[12915.76439860105,11741.360447332627,37299.1083308636]","[13930.918564416424,12544.39814858453,37239.9076272016]","[13306.20830853004,12050.221101660281,37165.56959868591]",76.0,1280,720,1324875,066f9222c6a3e67706b76fa0104612c3222aa87043d704d0aec93ac619240728,frames/window-0132-reverse-00000.png,NATIVE_LOADING_AND_MIPS_READY,UNREVIEWED
window-0132-reverse-00001,845,reviewed-VIAL_TR70190001272-1-interval-56-0,reverse,83.38068351793154,16.67613670358631,"[14817.109789759565,12706.721020456804,37272.408785199696]","[14333.058617136314,12588.064365656668,37452.22096921397]","[15591.591665956765,12896.571668137023,37376.70929077685]","[14817.109789759565,12706.721020456804,37312.408785199696]",76.0,1280,720,1146032,07c8e3ebc4c0114f4f717c058d7a810d1b7c6ad610cdcf3e3a51ff0e0270baf9,frames/window-0132-reverse-00001.png,NATIVE_LOADING_AND_MIPS_READY,UNREVIEWED
window-0132-reverse-00002,846,reviewed-VIAL_TR70190001272-1-interval-56-0,reverse,66.70454681434524,33.35227340717262,"[16443.49459926318,13054.326800405164,37394.20017267634]","[15955.46498107727,12951.46696752278,37578.888042285704]","[17224.341988360637,13218.902533016979,37490.69958130135]","[16443.49459926318,13054.326800405164,37434.20017267634]",76.0,1280,720,1133449,0faae494e22980ba8999573ff70e84a84368419b037c73f47b702414a22c5b77,frames/window-0132-reverse-00002.png,NATIVE_LOADING_AND_MIPS_READY,UNREVIEWED
window-0132-reverse-00003,847,reviewed-VIAL_TR70190001272-1-interval-56-0,reverse,50.02841011075893,50.02841011075893,"[18071.25567842654,13397.40276414497,37510.90921902845]","[17583.226200400175,13294.542960852345,37695.59506543645]","[18852.102843268724,13561.978449413173,37607.41186477565]","[18071.25567842654,13397.40276414497,37550.90921902845]",76.0,1280,720,1132230,0b71e7bdd89503021e5e6e4f9ef4feb82ddd4488e68876f7596182cce90456b7,frames/window-0132-reverse-00003.png,NATIVE_LOADING_AND_MIPS_READY,UNREVIEWED
window-0132-reverse-00004,848,reviewed-VIAL_TR70190001272-1-interval-56-0,reverse,33.35227340717262,66.70454681434524,"[19694.976847049445,13757.363808712285,37628.841937028694]","[19216.509501590866,13616.802914051374,37812.62544600674]","[20460.524599783177,13982.261240169742,37726.78832266381]","[19694.976847049445,13757.363808712285,37668.841937028694]",76.0,1280,720,1145478,3d9dda78d5e449e80ec77acd850a16d679a91a2d4df947c0d237e57ac805c5ac,frames/window-0132-reverse-00004.png,NATIVE_LOADING_AND_MIPS_READY,UNREVIEWED
window-0132-reverse-00005,849,reviewed-VIAL_TR70190001272-1-interval-56-0,reverse,16.67613670358631,83.38068351793154,"[21253.29838344406,14338.070693470157,37743.691914056726]","[20799.863278809367,14130.018196907386,37930.363779411586]","[21978.794550859566,14670.954687970592,37837.01692948894]","[21253.29838344406,14338.070693470157,37783.69191405672]",76.0,1280,720,1119413,547f6446638f508862cc20dfd4152eec84a9d46d3a1315f14a37b8d190cb33bf,frames/window-0132-reverse-00005.png,NATIVE_LOADING_AND_MIPS_READY,UNREVIEWED
window-0132-reverse-00006,850,reviewed-VIAL_TR70190001272-1-interval-56-0,reverse,0.0,100.05682022151785,"[22684.997944382485,15175.917423609644,37848.57741408828]","[22321.586297708516,14833.963676265876,38036.960808652744]","[23266.45657906084,15723.043419359676,37939.163982785125]","[22684.997944382485,15175.917423609644,37888.57741408827]",76.0,1280,720,1169904,532cc92c8b2737f85c225bf40e8d035768876a8a2ebc6d21125440045e200e32,frames/window-0132-reverse-00006.png,NATIVE_LOADING_AND_MIPS_READY,UNREVIEWED
window-0131-reverse-00000,851,reviewed-VIAL_TR70190001272-1-interval-54-1,reverse,1.004152159917426,0.0,"[23300.453265890246,22718.82600216195,38491.87635589417]","[23547.7068836041,22286.655045174834,38666.117067610234]","[22904.847477548075,23410.299533341335,38605.09121714846]","[23300.453265890246,22718.82600216195,38531.876355894165]",76.0,1280,720,957079,0812cc2028c5bbbb2ec1fd5916fcfbb635742886fe93022cf4dc2b7ac5f4c0b9,frames/window-0131-reverse-00000.png,NATIVE_LOADING_AND_MIPS_READY,UNREVIEWED
window-0131-reverse-00001,852,reviewed-VIAL_TR70190001272-1-interval-54-1,reverse,0.0,1.004152159917426,"[23250.797873392003,22805.617931392044,38501.08061631203]","[23498.04493484868,22373.45843419293,38675.177897638205]","[22855.20257506132,23497.073126910625,38614.52496619014]","[23250.797873392003,22805.617931392044,38541.08061631202]",76.0,1280,720,954750,e5a55fb0e99a49df52ed33327323ba6f544765b536a331e83e0f845511724b13,frames/window-0131-reverse-00001.png,NATIVE_LOADING_AND_MIPS_READY,UNREVIEWED
window-0130-reverse-00000,853,reviewed-VIAL_TR70190001272-1-interval-54-0,reverse,99.71245408126255,0.0,"[23250.797873392003,22805.617931392044,38501.08061631203]","[23498.04135528495,22373.46468972957,38675.09979006811]","[22855.208302363288,23497.063118051996,38614.64993830228]","[23250.797873392003,22805.617931392044,38541.08061631202]",76.0,1280,720,956357,eb7f482f751cc459ac4fc2b20f7185e938f6ffb8911171bb5a8c651ffe83d7be,frames/window-0130-reverse-00000.png,NATIVE_LOADING_AND_MIPS_READY,UNREVIEWED
window-0130-reverse-00001,854,reviewed-VIAL_TR70190001272-1-interval-54-0,reverse,79.76996326501003,19.942490816252516,"[22264.116392864806,24530.223961110478,38671.892866250215]","[22511.45150473781,24097.91056085635,38847.95579311732]","[21868.380213868,25221.925401517085,38782.19218326284]","[22264.116392864806,24530.223961110478,38711.892866250215]",76.0,1280,720,1038097,1abd7065770407b1789d33fc7326d242151114688371ce910b4dc881b8fced1e,frames/window-0130-reverse-00001.png,NATIVE_LOADING_AND_MIPS_READY,UNREVIEWED
window-0130-reverse-00002,855,reviewed-VIAL_TR70190001272-1-interval-54-0,reverse,59.82747244875753,39.88498163250502,"[21509.604745141867,26352.212692438254,38836.70745329872]","[21622.58519771968,25866.64899186054,39018.454217924525]","[21328.836021017374,27129.114613362595,38937.91262989742]","[21509.604745141867,26352.212692438254,38876.70745329871]",76.0,1280,720,1234861,1e5b951a61a98defff34e6acbabdc387948919c196e32a9b2c2a089ea5edde67,frames/window-0130-reverse-00002.png,NATIVE_LOADING_AND_MIPS_READY,UNREVIEWED
window-0130-reverse-00003,856,reviewed-VIAL_TR70190001272-1-interval-54-0,reverse,39.88498163250502,59.82747244875753,"[21250.822260924317,28320.14047374085,39000.895447131414]","[21295.471247975045,27823.57595768113,39183.078131709575]","[21179.38388164315,29114.64369943641,39101.40315180635]","[21250.822260924317,28320.14047374085,39040.895447131414]",76.0,1280,720,1325603,a243c3289397ef23ab83dca3ec022311241ecde153bd9b2e9965c96aed7348a7,frames/window-0130-reverse-00003.png,NATIVE_LOADING_AND_MIPS_READY,UNREVIEWED
window-0130-reverse-00004,857,reviewed-VIAL_TR70190001272-1-interval-54-0,reverse,19.94249081625251,79.76996326501003,"[21431.483228189627,30289.507841203653,39152.95151673478]","[21345.47471514579,29798.53739233124,39333.574441957586]","[21569.096849059773,31075.060559399513,39255.954836378274]","[21431.483228189627,30289.507841203653,39192.95151673477]",76.0,1280,720,1323680,26a4a3279ed4ac1e78b114bd79c22ec99bc877a6ac74ae2f88c2e5228daab4de,frames/window-0130-reverse-00004.png,NATIVE_LOADING_AND_MIPS_READY,UNREVIEWED
window-0130-reverse-00005,858,reviewed-VIAL_TR70190001272-1-interval-54-0,reverse,0.0,99.71245408126255,"[21774.598051339854,32248.142315726727,39304.767888435556]","[21688.563402768392,31757.022675306005,39487.35748830127]","[21912.253489054194,33033.93374039988,39404.624528650405]","[21774.598051339854,32248.142315726727,39344.767888435556]",76.0,1280,720,1283276,ab43430ca06700bf3b9cd7ce088117a3c280118712637b1039a7712c878ce4af,frames/window-0130-reverse-00005.png,NATIVE_LOADING_AND_MIPS_READY,UNREVIEWED
window-0129-reverse-00000,859,reviewed-VIAL_TR70190001272-1-interval-52-0,reverse,41.13008984447485,0.0,"[22050.66204473842,33824.02426013723,39434.64971507781]","[21964.704703587326,33333.345919975036,39611.683425990814]","[22188.19379058017,34609.10960439675,39543.395777617]","[22050.66204473842,33824.02426013723,39474.64971507781]",76.0,1280,720,1261357,ca37653e7778c341f9230a7029c492836ac5497575b4d8c90e5b7a101b6e625e,frames/window-0129-reverse-00000.png,NATIVE_LOADING_AND_MIPS_READY,UNREVIEWED
window-0129-reverse-00001,860,reviewed-VIAL_TR70190001272-1-interval-52-0,reverse,27.42005989631657,13.710029948158283,"[22286.245901419094,35168.8296495133,39559.64264200809]","[22200.284968947413,34678.13080867949,39736.91834338371]","[22423.783393373786,35953.947794847416,39668.0015198071]","[22286.245901419094,35168.8296495133,39599.64264200809]",76.0,1280,720,1278194,6d8726e93e72778ecbfe9122bb5be27ac68953e4478b550daaca3a51eedc0e4a,frames/window-0129-reverse-00001.png,NATIVE_LOADING_AND_MIPS_READY,UNREVIEWED
window-0129-reverse-00002,861,reviewed-VIAL_TR70190001272-1-interval-52-0,reverse,13.710029948158285,27.420059896316566,"[22522.07996674807,36515.063328392906,39667.71173052556]","[22436.053722274995,36023.99166127656,39849.657781749695]","[22659.721957904996,37300.77799577905,39768.59804856694]","[22522.07996674807,36515.063328392906,39707.71173052556]",76.0,1280,720,1226734,14df60f9d6c6459a6a33ca957e9f18a51b13027f6b3f791f309861672bf76405,frames/window-0129-reverse-00002.png,NATIVE_LOADING_AND_MIPS_READY,UNREVIEWED
window-0129-reverse-00003,862,reviewed-VIAL_TR70190001272-1-interval-52-0,reverse,0.0,41.13008984447485,"[22758.076027827337,37862.221742700785,39763.10257197582]","[22671.983239119265,37370.77021516262,39950.49233105558]","[22895.824489760256,38648.54418676184,39855.27895744819]","[22758.076027827337,37862.221742700785,39803.10257197581]",76.0,1280,720,1193001,70c1d88ea0248f0e336139d3077c3a1b31f99233b1c840a94f25dfc868a800fb,frames/window-0129-reverse-00003.png,NATIVE_LOADING_AND_MIPS_READY,UNREVIEWED
window-0128-reverse-00000,863,reviewed-VIAL_TR70190001272-1-interval-50-0,reverse,85.7043118289228,0.0,"[22783.957027213182,38009.9606750533,39773.01600394043]","[22697.876923603668,37518.581559382605,39959.299829108844]","[22921.685192988407,38796.1672601264,39866.96188367096]","[22783.957027213182,38009.9606750533,39813.01600394042]",76.0,1280,720,1192672,21fe5600efec282a3c5c087afa9051df10bf82d49936693f9e9bd9aa4dbc2844,frames/window-0128-reverse-00000.png,NATIVE_LOADING_AND_MIPS_READY,UNREVIEWED
window-0128-reverse-00001,864,reviewed-VIAL_TR70190001272-1-interval-50-0,reverse,68.56344946313824,17.140862365784557,"[23078.881647269307,39693.50650073132,39902.43227853115]","[22992.848862347284,39202.39749968396,40084.87819741028]","[23216.534103144542,40479.280902407074,40002.51880832455]","[23078.881647269307,39693.50650073132,39942.43227853115]",76.0,1280,720,1096522,587107ef68e6cec311b9ac000ee9ec3a5903d7b8d647a2a73095d4cfb7e97707,frames/window-0128-reverse-00001.png,NATIVE_LOADING_AND_MIPS_READY,UNREVIEWED
window-0128-reverse-00002,865,reviewed-VIAL_TR70190001272-1-interval-50-0,reverse,51.42258709735368,34.28172473156912,"[23377.345042013694,41375.92192030497,40038.06800547893]","[23281.230432733173,40886.82597555554,40218.73432128186]","[23531.12841686253,42158.47543190406,40141.00190019426]","[23377.345042013694,41375.92192030497,40078.06800547893]",76.0,1280,720,851342,6616d9e3a72d6b75080669981cda915b4132533dddb5a30bade44ba4584524f6,frames/window-0128-reverse-00002.png,NATIVE_LOADING_AND_MIPS_READY,UNREVIEWED
window-0128-reverse-00003,866,reviewed-VIAL_TR70190001272-1-interval-50-0,reverse,34.28172473156912,51.42258709735368,"[23778.205948155995,43037.90364811808,40158.589859803265]","[23645.673457571815,42556.899157380925,40345.88177471347]","[23990.25793309069,43807.510833297536,40250.92279594694]","[23778.205948155995,43037.90364811808,40198.589859803265]",76.0,1280,720,1076216,44c9e5bf1005ea487f29094ca61e8c315ad6afe5b8d16e60bbddaf85671535eb,frames/window-0128-reverse-00003.png,NATIVE_LOADING_AND_MIPS_READY,UNREVIEWED
window-0128-reverse-00004,867,reviewed-VIAL_TR70190001272-1-interval-50-0,reverse,17.14086236578456,68.56344946313824,"[24360.101239279837,44646.22134899057,40264.72624175963]","[24184.427231459213,44179.04461922487,40454.984921317155]","[24641.179651792838,45393.7041166157,40352.31235446758]","[24360.101239279837,44646.22134899057,40304.72624175962]",76.0,1280,720,1164001,e624d52d912a1379b51c735e8570e58430cd89ea162c3dc628126b93f28b4eb9,frames/window-0128-reverse-00004.png,NATIVE_LOADING_AND_MIPS_READY,UNREVIEWED
window-0128-reverse-00005,868,reviewed-VIAL_TR70190001272-1-interval-50-0,reverse,0.0,85.7043118289228,"[24961.870897898916,46246.53083495796,40386.429597992086]","[24786.46619624752,45780.07027956396,40565.83722309103]","[25242.518420541153,46992.86772358835,40491.37739783377]","[24961.870897898916,46246.53083495796,40426.429597992086]",76.0,1280,720,1079595,cbe1e055eaca0dc3a58ae793d3ed42ab5524f6101ab960c3a394ea2e53f504ab,frames/window-0128-reverse-00005.png,NATIVE_LOADING_AND_MIPS_READY,UNREVIEWED
window-0127-reverse-00000,869,reviewed-VIAL_TR70190001272-1-interval-48-0,reverse,85.6912829082435,0.0,"[25049.857094249455,46480.515952873975,40406.372680701876]","[24874.398704426694,46013.91262444619,40587.69856350554]","[25330.59051796587,47227.08127835844,40508.25126821601]","[25049.857094249455,46480.515952873975,40446.372680701876]",76.0,1280,720,1081469,778b2df5bec7b0a7d4d83d18075405fdb176f4f150c183de501d6620aa5d1416,frames/window-0127-reverse-00000.png,NATIVE_LOADING_AND_MIPS_READY,UNREVIEWED
window-0127-reverse-00001,870,reviewed-VIAL_TR70190001272-1-interval-48-0,reverse,68.55302632659479,17.138256581648704,"[25672.696450675823,48070.86522779553,40537.094105687196]","[25429.46972448696,47635.90614820861,40716.45719202061]","[26061.859212578,48766.79975513461,40642.11316755373]","[25672.696450675823,48070.86522779553,40577.094105687196]",76.0,1280,720,1051103,eaf0af7fb4ac6695c7e2953c1231bbf3e91a417060f936179ce398848acde09b,frames/window-0127-reverse-00001.png,NATIVE_LOADING_AND_MIPS_READY,UNREVIEWED
window-0127-reverse-00002,871,reviewed-VIAL_TR70190001272-1-interval-48-0,reverse,51.4147697449461,34.276513163297395,"[26987.58851919817,49071.83522860748,40689.56153335482]","[26501.60879815687,48960.641498837176,40871.35596836245]","[27765.15607286425,49249.74519623998,40790.69043734261]","[26987.58851919817,49071.83522860748,40729.56153335481]",76.0,1280,720,837355,91971d44059b14da752eb585b319b17db57b05cb185965654745ed130553bb74,frames/window-0127-reverse-00002.png,NATIVE_LOADING_AND_MIPS_READY,UNREVIEWED
window-0127-reverse-00003,872,reviewed-VIAL_TR70190001272-1-interval-48-0,reverse,34.276513163297395,51.4147697449461,"[28688.71738359971,49252.9184562528,40772.2480317581]","[28190.90279667963,49207.50662220529,40981.36674607899]","[29485.220722671835,49325.57739072881,40829.658088844684]","[28688.71738359971,49252.9184562528,40812.2480317581]",76.0,1280,720,828958,498e6cb69709f5f4e579b6c59c456fb91c8576ecfeb5510678ea690cde5dfd7f,frames/window-0127-reverse-00003.png,NATIVE_LOADING_AND_MIPS_READY,UNREVIEWED
window-0127-reverse-00004,873,reviewed-VIAL_TR70190001272-1-interval-48-0,reverse,17.138256581648697,68.55302632659479,"[30393.45558489847,49421.683677674606,40811.18819314643]","[29901.69115863565,49332.178185510245,41018.6775602762]","[31180.278666918985,49564.89246513758,40871.2052057388]","[30393.45558489847,49421.683677674606,40851.18819314643]",76.0,1280,720,786627,8c6d200408c55eff487b0a9ac251aac9f36b2a36935b4d2c95bf65279d53a434,frames/window-0127-reverse-00004.png,NATIVE_LOADING_AND_MIPS_READY,UNREVIEWED
window-0127-reverse-00005,874,reviewed-VIAL_TR70190001272-1-interval-48-0,reverse,0.0,85.6912829082435,"[31932.257150951773,50125.92097688466,40862.747234777926]","[31552.177229107143,49801.30591013358,41069.92883203918]","[32540.38502590318,50645.30508368639,40923.25667915992]","[31932.257150951773,50125.92097688466,40902.747234777926]",76.0,1280,720,808652,099b3c0a8f34ecd2e49ec6b97fcb9075ae4df4d168cafffdc7e66c1ed3808a47,frames/window-0127-reverse-00005.png,NATIVE_LOADING_AND_MIPS_READY,UNREVIEWED
window-0126-reverse-00000,875,reviewed-VIAL_TR70190001272-1-interval-46-0,reverse,9.388061660668805,0.0,"[33118.434650765266,51798.29134559259,40958.77216879561]","[33014.69457355298,51310.202395715794,41147.036173645625]","[33284.41877430492,52579.233665395455,41049.54976103557]","[33118.434650765266,51798.29134559259,40998.7721687956]",76.0,1280,720,886982,c703dcbcbe896d0f52da18c5299ed268e94e58aa91a25c3527268d8db0c6b158,frames/window-0126-reverse-00000.png,NATIVE_LOADING_AND_MIPS_READY,UNREVIEWED
window-0126-reverse-00001,876,reviewed-VIAL_TR70190001272-1-interval-46-0,reverse,0.0,9.388061660668805,"[33169.37067504041,52725.648559909314,41016.43417490697]","[33253.89420161261,52233.417835769134,41212.67101711511]","[33034.133032524885,53513.21771853359,41094.45522737393]","[33169.37067504041,52725.648559909314,41056.43417490697]",76.0,1280,720,1051175,9365799876eac16a0ca1f93422d13d06afaa1319c27a500b12f862a27117f98f,frames/window-0126-reverse-00001.png,NATIVE_LOADING_AND_MIPS_READY,UNREVIEWED
window-0125-reverse-00000,877,reviewed-VIAL_TR70190001272-1-interval-44-1,reverse,87.60200734474189,0.0,"[33072.726461238926,53111.12430775538,41033.214912963726]","[33224.40460061897,52635.15918761567,41231.97941333207]","[32830.041438230866,53872.66849997891,41107.19171237437]","[33072.726461238926,53111.12430775538,41073.21491296372]",76.0,1280,720,1124835,8a7ad5031f5531f6aa833187d17950d71bec09e8c74a13e479dcdfd81b52f411,frames/window-0125-reverse-00000.png,NATIVE_LOADING_AND_MIPS_READY,UNREVIEWED
window-0125-reverse-00001,878,reviewed-VIAL_TR70190001272-1-interval-44-1,reverse,70.08160587579351,17.52040146894838,"[32316.276540880517,54685.88644043218,41122.1367634713]","[32576.3418649544,54259.771216111585,41313.997061686096]","[31900.172022362305,55367.670799345135,41207.16028632763]","[32316.276540880517,54685.88644043218,41162.1367634713]",76.0,1280,720,1265882,7eda83f0d44e679be31ed9d1b5ce47e325ea1274310e78cccf60f9458089d71b,frames/window-0125-reverse-00001.png,NATIVE_LOADING_AND_MIPS_READY,UNREVIEWED
window-0125-reverse-00002,879,reviewed-VIAL_TR70190001272-1-interval-44-1,reverse,52.561204406845135,35.04080293789676,"[31349.685856171043,56143.63828212568,41221.887818544055]","[31627.68589935838,55728.96299765675,41414.31274939703]","[30904.88578707131,56807.118737275945,41306.0079291793]","[31349.685856171043,56143.63828212568,41261.887818544055]",76.0,1280,720,1292815,39757bd793e557135b4c8246c6569f8cb4e8aa4dba1d3b0f28d237f103372603,frames/window-0125-reverse-00002.png,NATIVE_LOADING_AND_MIPS_READY,UNREVIEWED
window-0125-reverse-00003,880,reviewed-VIAL_TR70190001272-1-interval-44-1,reverse,35.04080293789676,52.561204406845135,"[30375.684156062893,57596.49801538876,41322.66583387829]","[30653.632742298352,57181.897264316,41513.49734712261]","[29930.966418086162,58259.85921710517,41409.33541268736]","[30375.684156062893,57596.49801538876,41362.66583387828]",76.0,1280,720,1248075,b7ab6c98616a7a36b0a7f0c47518e351463330cf19ae2dea34091b80b6a6b6f0,frames/window-0125-reverse-00003.png,NATIVE_LOADING_AND_MIPS_READY,UNREVIEWED
window-0125-reverse-00004,881,reviewed-VIAL_TR70190001272-1-interval-44-1,reverse,17.52040146894838,70.08160587579351,"[29401.876909614573,59049.073242565304,41429.27852490735]","[29679.78254738029,58634.53653879799,41618.81908092422]","[28957.227889189424,59712.331968593004,41518.01363528033]","[29401.876909614573,59049.073242565304,41469.27852490734]",76.0,1280,720,1195487,378dd14dc03bcf3831986e6d3b8c6993459ab69a77c0f49c97d434ddb271f682,frames/window-0125-reverse-00004.png,NATIVE_LOADING_AND_MIPS_READY,UNREVIEWED
window-0125-reverse-00005,882,reviewed-VIAL_TR70190001272-1-interval-44-1,reverse,0.0,87.60200734474189,"[28428.270761546446,60501.34356515482,41541.66489123377]","[28706.13606613524,60086.91633348552,41729.40125602785]","[27983.686274204378,61164.4271358257,41633.286707563224]","[28428.270761546446,60501.34356515482,41581.66489123376]",76.0,1280,720,1100514,ed170237dedfb66edc191efc8b409758e24ee2749f6f4a8d9f6fa97448c5a5de,frames/window-0125-reverse-00005.png,NATIVE_LOADING_AND_MIPS_READY,UNREVIEWED
window-0124-reverse-00000,883,reviewed-VIAL_TR70190001272-1-interval-44-0,reverse,100.01111156446528,0.0,"[28428.270761546446,60501.34356515482,41541.66489123377]","[28706.834241117962,60087.37013808692,41729.59637816142]","[27982.56919423202,61163.70104846347,41632.974512149514]","[28428.270761546446,60501.34356515482,41581.66489123376]",76.0,1280,720,1101377,1877d62ee5b62114b862ebc513d9f8bbeef5714de7a81c43e12ca8318761b8ae,frames/window-0124-reverse-00000.png,NATIVE_LOADING_AND_MIPS_READY,UNREVIEWED
window-0124-reverse-00001,884,reviewed-VIAL_TR70190001272-1-interval-44-0,reverse,83.34259297038774,16.66851859407754,"[27229.70208841132,61640.955893315084,41634.75012129762]","[27640.71715254223,61357.38122170612,41829.21538653647]","[26572.077985801854,62094.67536788942,41715.60569691547]","[27229.70208841132,61640.955893315084,41674.75012129762]",76.0,1280,720,1196464,cd85b57f2e413ac0b3d71dfe9bbf69acc5e37e096fc7f6cd44f19359c1140177,frames/window-0124-reverse-00001.png,NATIVE_LOADING_AND_MIPS_READY,UNREVIEWED
window-0124-reverse-00002,885,reviewed-VIAL_TR70190001272-1-interval-44-0,reverse,66.67407437631019,33.337037188155094,"[25799.181581254987,62492.47266328518,41710.40055516238]","[26235.167003712035,62248.567128538176,41909.74137984667]","[25101.604905323704,62882.7215188804,41783.45523566749]","[25799.181581254987,62492.47266328518,41750.40055516237]",76.0,1280,720,1229158,65844cd5b2fad35b21a73cb703641b8eb7d5a3ff321d9f9d19da12122198d8ca,frames/window-0124-reverse-00002.png,NATIVE_LOADING_AND_MIPS_READY,UNREVIEWED
window-0124-reverse-00003,886,reviewed-VIAL_TR70190001272-1-interval-44-0,reverse,50.00555578223264,50.00555578223264,"[24335.009393510292,63285.905157582645,41781.239570931044]","[24774.73176964903,63048.70203828774,41981.77390578278]","[23631.453591688303,63665.43014845451,41852.384635168266]","[24335.009393510292,63285.905157582645,41821.239570931044]",76.0,1280,720,1250295,cddbe725c5b15304a64c991ad5f965a0134513a415dca0b80a1258773007768a,frames/window-0124-reverse-00003.png,NATIVE_LOADING_AND_MIPS_READY,UNREVIEWED
window-0124-reverse-00004,887,reviewed-VIAL_TR70190001272-1-interval-44-0,reverse,33.337037188155094,66.67407437631019,"[22868.924806640916,64076.767429805564,41840.59092371896]","[23308.726609843397,63839.52146447393,42043.598989346814]","[22165.241921516947,64456.36097433618,41907.77801871439]","[22868.924806640916,64076.767429805564,41880.59092371896]",76.0,1280,720,1233652,c92f071a8f4feedd7aa6eabc868e3101b4f1510872f20c29cae652ddab92e119,frames/window-0124-reverse-00004.png,NATIVE_LOADING_AND_MIPS_READY,UNREVIEWED
window-0124-reverse-00005,888,reviewed-VIAL_TR70190001272-1-interval-44-0,reverse,16.668518594077547,83.34259297038773,"[21402.897161406803,64867.59898551847,41901.62431114278]","[21842.61124800272,64630.40033785823,42101.91838316992]","[20699.35462285334,65247.11682177485,41973.153795899365]","[21402.897161406803,64867.59898551847,41941.62431114278]",76.0,1280,720,1215791,f84c70d43e16d44ecdbf2e2e8f4a65294ac49a7d4ed7c3bd5f047af80bb98465,frames/window-0124-reverse-00005.png,NATIVE_LOADING_AND_MIPS_READY,UNREVIEWED
window-0124-reverse-00006,889,reviewed-VIAL_TR70190001272-1-interval-44-0,reverse,0.0,100.01111156446528,"[19937.111428263597,65658.30004466698,41969.82194031057]","[20376.771625633137,65421.130466891496,42168.620472748706]","[19233.655112472334,66037.77136910775,42043.74428840954]","[19937.111428263597,65658.30004466698,42009.82194031056]",76.0,1280,720,1189203,d61b1e056778c96466ea3b2956d4b9ae81a7dd1f79b42532dce52ae2235796be,frames/window-0124-reverse-00006.png,NATIVE_LOADING_AND_MIPS_READY,UNREVIEWED
window-0123-reverse-00000,890,reviewed-VIAL_TR70190001272-1-interval-42-0,reverse,46.02982665071705,0.0,"[19629.095387016423,65824.45571422577,41984.51987463201]","[20068.755042073324,65587.28642809535,42183.303903486856]","[18925.639938925382,66203.92657203444,42058.465428464246]","[19629.095387016423,65824.45571422577,42024.51987463201]",76.0,1280,720,1170374,7d84499a14b6f990517e432844d243b440ab1268c476c4af68160fee88f05245,frames/window-0123-reverse-00000.png,NATIVE_LOADING_AND_MIPS_READY,UNREVIEWED
window-0123-reverse-00001,891,reviewed-VIAL_TR70190001272-1-interval-42-0,reverse,30.68655110047803,15.343275550239017,"[18280.071783984422,66552.17080077004,42053.24368630665]","[18719.65218862831,66315.04426538432,42250.0041925711]","[17576.743136554203,66931.57325738718,42130.426876283535]","[18280.071783984422,66552.17080077004,42093.24368630665]",76.0,1280,720,1120873,3708832177acb398a160b59cceb5c3936612818060eeaeaf4217d6f93c088d39,frames/window-0123-reverse-00001.png,NATIVE_LOADING_AND_MIPS_READY,UNREVIEWED
window-0123-reverse-00002,892,reviewed-VIAL_TR70190001272-1-interval-42-0,reverse,15.343275550239015,30.686551100478034,"[16921.116893582774,67260.37687020903,42124.28576578253]","[17373.68020939914,67048.97705492549,42322.002066013825]","[16197.015588276588,67598.61657466268,42199.93968541246]","[16921.116893582774,67260.37687020903,42164.28576578253]",76.0,1280,720,1063915,bcfda1047916fbe78619f3b9b5984483d117d82c84338184ce4a70559f030f3c,frames/window-0123-reverse-00002.png,NATIVE_LOADING_AND_MIPS_READY,UNREVIEWED
window-0123-reverse-00003,893,reviewed-VIAL_TR70190001272-1-interval-42-0,reverse,0.0,46.02982665071705,"[15496.516212297138,67816.4229888469,42196.69288848717]","[15977.223649396874,67681.20957549967,42391.44030905466]","[14727.38431293756,68032.76445020245,42277.09701557917]","[15496.516212297138,67816.4229888469,42236.69288848717]",76.0,1280,720,1025944,d4d5084391efdbed919504a7239912573ff9824cad526718e367bab3e82d3421,frames/window-0123-reverse-00003.png,NATIVE_LOADING_AND_MIPS_READY,UNREVIEWED
window-0122-reverse-00000,894,reviewed-VIAL_TR70190001272-1-interval-40-0,reverse,39.01556833833769,0.0,"[16037.407562480075,69046.81882336736,42465.29949735098]","[15581.902863081146,69252.41506627957,42669.626152913035]","[16766.215081518363,68717.86483470781,42530.37684845167]","[16037.407562480075,69046.81882336736,42505.29949735097]",76.0,1280,720,969797,1b91bdfcf7b6a47f00718eb2b7152bfd253a845135ef4f5052e9aef9552e289c,frames/window-0122-reverse-00000.png,NATIVE_LOADING_AND_MIPS_READY,UNREVIEWED
window-0122-reverse-00001,895,reviewed-VIAL_TR70190001272-1-interval-40-0,reverse,19.507784169168843,19.507784169168843,"[17814.53091173509,68244.69782886918,42528.29993544486]","[17359.01805841172,68450.29775122563,42732.91447528864]","[18543.351477052493,67915.73795309884,42592.916671694824]","[17814.53091173509,68244.69782886918,42568.29993544486]",76.0,1280,720,979499,6712a014b5eec939b11628ec9240c4e3b7d2e0ea3985d2bd07a72de7e552d5ea,frames/window-0122-reverse-00001.png,NATIVE_LOADING_AND_MIPS_READY,UNREVIEWED
window-0122-reverse-00002,896,reviewed-VIAL_TR70190001272-1-interval-40-0,reverse,0.0,39.01556833833769,"[19591.82394662057,67442.50024519861,42585.20320186428]","[19136.243186574724,67648.13081785351,42792.465907580765]","[20320.753162693924,67113.49132895077,42645.582872717896]","[19591.82394662057,67442.50024519861,42625.20320186428]",76.0,1280,720,1065216,62e59d08ca5e555e7873a743eb6169c5e5cd5f0f7f24c223ad950e399d8434a5,frames/window-0122-reverse-00002.png,NATIVE_LOADING_AND_MIPS_READY,UNREVIEWED
window-0121-reverse-00000,897,reviewed-VIAL_TR70190001272-1-interval-4-1,reverse,48.544559342411276,0.0,"[107147.3444131494,39537.62312605977,53901.39158108676]","[107203.12567569822,40033.93241551006,54097.61049713747]","[107058.0943930713,38743.5282629393,53979.44131540563]","[107147.3444131494,39537.62312605977,53941.39158108676]",76.0,1280,720,1059102,abc79591c29e19a44d573fb6b583f51e976db52155d29039a51edddad29c90df,frames/window-0121-reverse-00000.png,NATIVE_LOADING_AND_MIPS_READY,UNREVIEWED
window-0121-reverse-00001,898,reviewed-VIAL_TR70190001272-1-interval-4-1,reverse,32.363039561607515,16.18151978080376,"[106914.58092087515,37939.83418488877,53977.275533913155]","[107037.14871791699,38424.18222074938,54177.676674602684]","[106718.47244560817,37164.877327511786,54048.63370880992]","[106914.58092087515,37939.83418488877,54017.275533913155]",76.0,1280,720,1017099,57e76bc4a6c8a0709821541be5eead1f0ac58092b079da941c976f570ed71e30,frames/window-0121-reverse-00001.png,NATIVE_LOADING_AND_MIPS_READY,UNREVIEWED
window-0121-reverse-00002,899,reviewed-VIAL_TR70190001272-1-interval-4-1,reverse,16.181519780803757,32.36303956160752,"[106495.83038499363,36378.69636919639,54053.70006618891]","[106625.77398792496,36860.86479391957,54248.634746378775]","[106287.9206203035,35607.226889639285,54133.804577885145]","[106495.83038499363,36378.69636919639,54093.70006618891]",76.0,1280,720,1018649,137132580ef0bb53c90b6f773a52c3f600c297a0546b464852aa23cbddfb8bb7,frames/window-0121-reverse-00002.png,NATIVE_LOADING_AND_MIPS_READY,UNREVIEWED
window-0121-reverse-00003,900,reviewed-VIAL_TR70190001272-1-interval-4-1,reverse,0.0,48.544559342411276,"[106075.48718184698,34818.971877451986,54148.19745665534]","[106205.31447586237,35300.708727234196,54335.4181752331]","[105867.7635114224,34048.19291780045,54240.644306930924]","[106075.48718184698,34818.971877451986,54188.19745665534]",76.0,1280,720,934804,33394074d6fab637fd9096306269e25f8c96f4fe3ed9cd241b0d8a01a68f9817,frames/window-0121-reverse-00003.png,NATIVE_LOADING_AND_MIPS_READY,UNREVIEWED
window-0120-reverse-00000,901,reviewed-VIAL_TR70190001272-1-interval-4-0,reverse,100.03495217934599,0.0,"[106075.48718184698,34818.971877451986,54148.19745665534]","[106205.30998350143,35300.69205702824,54335.15644033307]","[105867.77069919987,34048.21959012998,54241.063082770976]","[106075.48718184698,34818.971877451986,54188.19745665534]",76.0,1280,720,934989,2e24cb147c78838fa7ba7eba6a2f9ec6d250d044fa89f61e6a92f8d83db7e800,frames/window-0120-reverse-00000.png,NATIVE_LOADING_AND_MIPS_READY,UNREVIEWED
window-0120-reverse-00001,902,reviewed-VIAL_TR70190001272-1-interval-4-0,reverse,83.36246014945499,16.672492029891004,"[105511.14828026616,33257.86136985115,54256.18964915318]","[105717.27907712039,33712.108227216566,54441.98603586608]","[105181.33900529942,32531.066398066487,54350.91543041255]","[105511.14828026616,33257.86136985115,54296.18964915318]",76.0,1280,720,931071,f753b22cdaf4eaad33854a6d3c7217ffe35f94aaff31d7c3aee26a28e751991a,frames/window-0120-reverse-00001.png,NATIVE_LOADING_AND_MIPS_READY,UNREVIEWED
window-0120-reverse-00002,903,reviewed-VIAL_TR70190001272-1-interval-4-0,reverse,66.689968119564,33.34498405978199,"[104810.22449950347,31750.021803398722,54374.290387835375]","[105047.47722496428,32188.9551947933,54561.90795154246]","[104430.62013876613,31047.728377167397,54466.102285904046]","[104810.22449950347,31750.021803398722,54414.290387835375]",76.0,1280,720,912687,598d3017f7cf56c2101d04d85733be7ed2495e7d64d09c59b52f240142fe1bf6,frames/window-0120-reverse-00002.png,NATIVE_LOADING_AND_MIPS_READY,UNREVIEWED
window-0120-reverse-00003,904,reviewed-VIAL_TR70190001272-1-interval-4-0,reverse,50.017476089673,50.01747608967299,"[103873.99215429617,30377.645382344213,54467.53983027288]","[104214.13863364885,30743.377171981585,54664.28836510143]","[103329.75778733187,29792.47451892441,54544.74217454722]","[103873.99215429617,30377.645382344213,54507.53983027288]",76.0,1280,720,894957,a7f098151f7cc9f522759f4a532bd9659776a54a63de2154ca356333e32e320b,frames/window-0120-reverse-00003.png,NATIVE_LOADING_AND_MIPS_READY,UNREVIEWED
window-0120-reverse-00004,905,reviewed-VIAL_TR70190001272-1-interval-4-0,reverse,33.344984059782,66.68996811956399,"[102704.80144094116,29192.34792586967,54537.84063865145]","[103092.57014177088,29507.27147508958,54736.42585862534]","[102084.3715196136,28688.470247117824,54612.104286693226]","[102704.80144094116,29192.34792586967,54577.84063865145]",76.0,1280,720,824735,27713080a0a62a827fab533c12c28a92ae74bd0d748cf094f7007413666c6065,frames/window-0120-reverse-00004.png,NATIVE_LOADING_AND_MIPS_READY,UNREVIEWED
window-0120-reverse-00005,906,reviewed-VIAL_TR70190001272-1-interval-4-0,reverse,16.672492029891,83.36246014945499,"[101325.69787916788,28259.95130199498,54618.112406289176]","[101756.80556343017,28511.983834461644,54813.09706802525]","[100635.92558434824,27856.699250048325,54698.136947511455]","[101325.69787916788,28259.95130199498,54658.11240628917]",76.0,1280,720,797182,698bd7e0d3cf6ff85dd0e23a378a3c6e6fd7df31d79349903bbfb220b0dda2ba,frames/window-0120-reverse-00005.png,NATIVE_LOADING_AND_MIPS_READY,UNREVIEWED
window-0120-reverse-00006,907,reviewed-VIAL_TR70190001272-1-interval-4-0,reverse,0.0,100.03495217934599,"[99810.08570491686,27570.543531142175,54685.21312267565]","[100268.74553175093,27768.82953937573,54887.498095514115]","[99076.22998198232,27253.285917968486,54753.55716613411]","[99810.08570491686,27570.543531142175,54725.21312267565]",76.0,1280,720,800263,926dfdf6be0cf056bc9b0f05c7e118e3a87cae81b28e483f2e0d445183be5744,frames/window-0120-reverse-00006.png,NATIVE_LOADING_AND_MIPS_READY,UNREVIEWED
window-0119-reverse-00000,908,reviewed-VIAL_TR70190001272-1-interval-38-0,reverse,83.60696722109493,0.0,"[23100.670889933826,65858.74985400587,42721.78376038576]","[22645.53739225415,66064.178551602,42916.23871206275]","[23828.884486221305,65530.06393785207,42802.65583770257]","[23100.670889933826,65858.74985400587,42761.78376038576]",76.0,1280,720,1064341,53171bb55a3c4138eabdcd30143ad64a42d4c5f7cf84220948d690e4c298b88c,frames/window-0119-reverse-00000.png,NATIVE_LOADING_AND_MIPS_READY,UNREVIEWED
window-0119-reverse-00001,909,reviewed-VIAL_TR70190001272-1-interval-38-0,reverse,66.88557377687594,16.72139344421899,"[24622.906625940275,65171.67473171164,42803.9542512464]","[24167.60818261456,65377.17787721008,43002.233645927256]","[25351.384135261425,64842.869698914146,42878.70721975704]","[24622.906625940275,65171.67473171164,42843.9542512464]",76.0,1280,720,1073705,56cc55bafed008fb53822eb21f713ad37916ca76a2e9c89153e65bb346882fb1,frames/window-0119-reverse-00001.png,NATIVE_LOADING_AND_MIPS_READY,UNREVIEWED
window-0119-reverse-00002,910,reviewed-VIAL_TR70190001272-1-interval-38-0,reverse,50.16418033265696,33.44278688843797,"[26145.494063913487,64484.44086552711,42877.94572359502]","[25690.30434681089,64689.894938303994,43073.63635454827]","[26873.79761127763,64155.71434908409,42956.84071406982]","[26145.494063913487,64484.44086552711,42917.94572359502]",76.0,1280,720,1049938,c6cb4a4f5f302d0c5ced5f502b22119b3c2954c12dda14466eecda6f505b907c,frames/window-0119-reverse-00002.png,NATIVE_LOADING_AND_MIPS_READY,UNREVIEWED
window-0119-reverse-00003,911,reviewed-VIAL_TR70190001272-1-interval-38-0,reverse,33.44278688843797,50.16418033265696,"[27667.554226450415,63797.44498998971,42963.968700926765]","[27212.60789078912,64002.789208424816,43154.68417218486]","[28395.468363508484,63468.89424049354,43050.82394691382]","[27667.554226450415,63797.44498998971,43003.968700926765]",76.0,1280,720,1040902,ef3000ecc03112cda8ddb54501ef022fdf6a55b80a8b104e37df9634f17ad9fa,frames/window-0119-reverse-00003.png,NATIVE_LOADING_AND_MIPS_READY,UNREVIEWED
window-0119-reverse-00004,912,reviewed-VIAL_TR70190001272-1-interval-38-0,reverse,16.721393444218986,66.88557377687594,"[29189.075246305794,63110.692461598184,43060.86019982901]","[28734.12278637025,63316.039444307105,43251.69042281683]","[29916.99918220266,62782.13728926391,43147.5318430485]","[29189.075246305794,63110.692461598184,43100.86019982901]",76.0,1280,720,990937,f177b0d3dc46e73c7eb8ea4adb04edd4874abd16ca8108637ebe136731dd573c,frames/window-0119-reverse-00004.png,NATIVE_LOADING_AND_MIPS_READY,UNREVIEWED
window-0119-reverse-00005,913,reviewed-VIAL_TR70190001272-1-interval-38-0,reverse,0.0,83.60696722109493,"[30710.76750725624,62423.86264177039,43154.38847183486]","[30255.662322656695,62629.27855911929,43348.24326481096]","[31438.935802615517,62095.19717401215,43236.220803073105]","[30710.76750725624,62423.86264177039,43194.38847183486]",76.0,1280,720,981450,8fbbf3c322373044460e3eac7df33ca11a80dc6855c8af42aa219cdefc9530b9,frames/window-0119-reverse-00005.png,NATIVE_LOADING_AND_MIPS_READY,UNREVIEWED
window-0118-reverse-00000,914,reviewed-VIAL_TR70190001272-1-interval-36-0,reverse,43.06653429322915,0.0,"[33474.685898580356,60858.23257388547,43314.801845910886]","[33084.4842036587,61170.088103948816,43512.6938010136]","[34099.008610455,60359.26372578411,43390.17471774654]","[33474.685898580356,60858.23257388547,43354.801845910886]",76.0,1280,720,927498,69b653d900d5462b1a533a6753b82b073625437a326dad74fc16538b645016af,frames/window-0118-reverse-00000.png,NATIVE_LOADING_AND_MIPS_READY,UNREVIEWED
window-0118-reverse-00001,915,reviewed-VIAL_TR70190001272-1-interval-36-0,reverse,28.711022862152763,14.355511431076383,"[34578.4159131936,59943.754653002245,43386.766965490446]","[34212.71722368246,60283.49480014563,43577.76522573514]","[35163.53381641142,59400.17041757285,43473.169749098946]","[34578.4159131936,59943.754653002245,43426.766965490446]",76.0,1280,720,872852,da0d9e2badf871b97f949cb81826899364f03138b9c445347e1f39c5960b23f4,frames/window-0118-reverse-00001.png,NATIVE_LOADING_AND_MIPS_READY,UNREVIEWED
window-0118-reverse-00002,916,reviewed-VIAL_TR70190001272-1-interval-36-0,reverse,14.355511431076382,28.711022862152767,"[35618.069328946374,58957.85318888522,43475.71339979716]","[35256.21625282437,59301.37557136625,43663.236884657716]","[36197.03425074158,58408.21737691558,43567.675824020276]","[35618.069328946374,58957.85318888522,43515.71339979716]",76.0,1280,720,911221,c5eea69209b62d43f6fad7b59e144c7424d2de60130e0f124ad59013235dbc40,frames/window-0118-reverse-00002.png,NATIVE_LOADING_AND_MIPS_READY,UNREVIEWED
window-0118-reverse-00003,917,reviewed-VIAL_TR70190001272-1-interval-36-0,reverse,0.0,43.06653429322915,"[36657.0828597527,57971.473834104836,43566.85312456531]","[36295.17758466898,58315.04577038676,43755.50194490537]","[37236.131299886656,57421.758736053765,43657.0150120212]","[36657.0828597527,57971.473834104836,43606.85312456531]",76.0,1280,720,908481,3caafc21383109afa4ca7e7927c6af1d9876278b25a87719e88ce8c5256922ff,frames/window-0118-reverse-00003.png,NATIVE_LOADING_AND_MIPS_READY,UNREVIEWED
window-0117-reverse-00000,918,reviewed-VIAL_TR70190001272-1-interval-34-0,reverse,22.510781385975964,0.0,"[37491.04344351217,57179.75988779217,43637.33243413655]","[37129.08676019149,57523.38062878996,43827.13068326641]","[38070.17413682527,56629.966702195714,43725.655235528764]","[37491.04344351217,57179.75988779217,43677.33243413655]",76.0,1280,720,890647,7fa11b2dce8f13c762aebcf63fab1da05c489bf8e20aa76c9473f3d38df2bf7d,frames/window-0117-reverse-00000.png,NATIVE_LOADING_AND_MIPS_READY,UNREVIEWED
window-0117-reverse-00001,919,reviewed-VIAL_TR70190001272-1-interval-34-0,reverse,11.255390692987982,11.255390692987982,"[38305.65942010914,56406.29241622207,43707.941318363744]","[37944.44858433265,56750.66049225054,43897.324977463824]","[38883.59675735154,55855.303494576525,43796.9274638036]","[38305.65942010914,56406.29241622207,43747.94131836374]",76.0,1280,720,847487,6d2957569d4073a7b4489b1832555e8a84bf9a93b2e369b5c8a14def18812389,frames/window-0117-reverse-00001.png,NATIVE_LOADING_AND_MIPS_READY,UNREVIEWED
window-0117-reverse-00002,920,reviewed-VIAL_TR70190001272-1-interval-34-0,reverse,0.0,22.510781385975964,"[39041.63046134054,55560.6348243542,43769.23002152807]","[38753.66173357916,55968.55175203905,43963.19558395679]","[39502.38042575874,54907.96774005845,43850.8851216421]","[39041.63046134054,55560.6348243542,43809.23002152806]",76.0,1280,720,842176,42741a27dc33c41d6b464745da4df02b4f946accd3fbeb9d97e094d05bb18839,frames/window-0117-reverse-00002.png,NATIVE_LOADING_AND_MIPS_READY,UNREVIEWED
window-0116-reverse-00000,921,reviewed-VIAL_TR70190001272-1-interval-32-0,reverse,15.522912888496212,0.0,"[42442.89589053369,50747.90072347969,44059.86467281724]","[41973.19573506871,50916.96231106043,44251.581399300034]","[43194.416139277666,50477.4021833505,44145.117910444766]","[42442.89589053369,50747.90072347969,44099.86467281724]",76.0,1280,720,1347689,f91c547ddb0a8f1ad8967307f9e79d40807e863fa77708b097a6ee26b03f5631,frames/window-0116-reverse-00000.png,NATIVE_LOADING_AND_MIPS_READY,UNREVIEWED
window-0116-reverse-00001,922,reviewed-VIAL_TR70190001272-1-interval-32-0,reverse,0.0,15.522912888496212,"[43901.19192212005,50223.008746281266,44146.28600911732]","[43431.47273606532,50392.07718456979,44338.362015370665]","[44652.742619807614,49952.49924501964,44230.96439911196]","[43901.19192212005,50223.008746281266,44186.28600911731]",76.0,1280,720,1370894,4317ad40207d9f68c9db35c27728b255d5154c7cfb0f5790354d713b0172250a,frames/window-0116-reverse-00001.png,NATIVE_LOADING_AND_MIPS_READY,UNREVIEWED
window-0115-reverse-00000,923,reviewed-VIAL_TR70190001272-1-interval-30-0,reverse,33.54834187890416,0.0,"[42696.00749458186,55353.157973475754,44970.41871123672]","[42254.202037174,55584.90130079942,45157.20774850468]","[43402.89622643444,54982.36864975788,45063.55625160799]","[42696.00749458186,55353.157973475754,45010.41871123672]",76.0,1280,720,1103096,a3c0c16f4622e0ff8b195e55340d1d043297b54451de4727b123d40f15cb5314,frames/window-0115-reverse-00000.png,NATIVE_LOADING_AND_MIPS_READY,UNREVIEWED
window-0115-reverse-00001,924,reviewed-VIAL_TR70190001272-1-interval-30-0,reverse,16.77417093945208,16.77417093945208,"[44173.97239685833,54567.99676195694,45083.687483284164]","[43733.30122748135,54802.31317043798,45273.60856713887]","[44879.0462678615,54193.090508387286,45171.813749116634]","[44173.97239685833,54567.99676195694,45123.687483284164]",76.0,1280,720,1216580,34203e5d58005a05cf36e3e28f740cb6926e4f57b00d754fe71dbc29250d6dd3,frames/window-0115-reverse-00001.png,NATIVE_LOADING_AND_MIPS_READY,UNREVIEWED
window-0115-reverse-00002,925,reviewed-VIAL_TR70190001272-1-interval-30-0,reverse,0.0,33.54834187890416,"[45718.256601836765,53930.01568671316,45187.583669965155]","[45246.073222988205,54091.18954629455,45374.93640780123]","[46473.75000799445,53672.137511382934,45279.819289427425]","[45718.256601836765,53930.01568671316,45227.58366996515]",76.0,1280,720,1266249,4f4b59d4def6a79396059c2e39d57328fd42c514022918c00eeb88176509aecb,frames/window-0115-reverse-00002.png,NATIVE_LOADING_AND_MIPS_READY,UNREVIEWED
window-0114-reverse-00000,926,reviewed-VIAL_TR70190001272-1-interval-28-0,reverse,14.031842996536234,0.0,"[46995.78210635227,53493.94841790199,45277.368461667465]","[46523.75713454135,53655.06820725257,45462.25664789308]","[47751.02206124974,53236.156754941076,45373.547363706464]","[46995.78210635227,53493.94841790199,45317.368461667465]",76.0,1280,720,1310745,5cacc2546a676178eef7960ca874d1ab3d918236ba362a7b1e9daff8ee67da27,frames/window-0114-reverse-00000.png,NATIVE_LOADING_AND_MIPS_READY,UNREVIEWED
window-0114-reverse-00001,927,reviewed-VIAL_TR70190001272-1-interval-28-0,reverse,0.0,14.031842996536234,"[48320.626786130015,53041.74636537209,45373.359034048175]","[47848.647600198135,53202.68074344467,45556.810791936216]","[49075.79348362102,52784.25136045596,45471.83622142731]","[48320.626786130015,53041.74636537209,45413.35903404817]",76.0,1280,720,1356668,ef4c6810d32356b00573ae326f7703b0e0ca120680d27ab77cf0660f4ecdec67,frames/window-0114-reverse-00001.png,NATIVE_LOADING_AND_MIPS_READY,UNREVIEWED
window-0113-reverse-00000,928,reviewed-VIAL_TR70190001272-1-interval-26-0,reverse,39.56727632611671,0.0,"[48510.436580266105,52979.681797046214,45388.55848660513]","[48032.78781516735,53122.26391915612,45569.545723895026]","[49274.67460442411,52751.55040167038,45490.97890694128]","[48510.436580266105,52979.681797046214,45428.55848660512]",76.0,1280,720,1342087,ca0dd7f093e9cceac1fabe5872eb8f3e2dac16ddb68ab140b7cd227154055a87,frames/window-0113-reverse-00000.png,NATIVE_LOADING_AND_MIPS_READY,UNREVIEWED
window-0113-reverse-00001,929,reviewed-VIAL_TR70190001272-1-interval-26-0,reverse,19.783638163058356,19.783638163058356,"[50463.987724463164,52729.10597537454,45540.47034859114]","[49967.616503273675,52776.62166364498,45723.62105900452]","[51258.18167836635,52653.080874141844,45639.429211929724]","[50463.987724463164,52729.10597537454,45580.47034859114]",76.0,1280,720,1240914,19586ab44860237d6fdab111da1af31472d668177d18e3388da9e8d9b7682aa9,frames/window-0113-reverse-00001.png,NATIVE_LOADING_AND_MIPS_READY,UNREVIEWED
window-0113-reverse-00002,930,reviewed-VIAL_TR70190001272-1-interval-26-0,reverse,0.0,39.56727632611671,"[52428.7317757844,52540.89767578989,45675.614099759165]","[51932.291232677184,52589.186001241025,45860.7568941261]","[53223.03664475593,52463.63635506808,45771.38562877208]","[52428.7317757844,52540.89767578989,45715.614099759165]",76.0,1280,720,1217457,640b9ab31926a125b7eebe8ad639e71816ba7d026941011ab27ea5426dcedec9,frames/window-0113-reverse-00002.png,NATIVE_LOADING_AND_MIPS_READY,UNREVIEWED
window-0112-reverse-00000,931,reviewed-VIAL_TR70190001272-1-interval-24-0,reverse,53.29976958609155,0.0,"[59654.38921522582,50894.989153929055,46302.399243347245]","[59268.5313805811,50579.71741520461,46480.9569677708]","[60271.761750657366,51399.423935888175,46408.706884269566]","[59654.38921522582,50894.989153929055,46342.399243347245]",76.0,1280,720,668164,a3e709568e6df04569135747932ca928186024c11207ec94804dcd9600e7167a,frames/window-0112-reverse-00000.png,NATIVE_LOADING_AND_MIPS_READY,UNREVIEWED
window-0112-reverse-00001,932,reviewed-VIAL_TR70190001272-1-interval-24-0,reverse,35.533179724061036,17.766589862030514,"[58972.43407088867,52130.994966778686,46408.89952744225]","[59424.813637374245,51920.28393026109,46598.01932478759]","[58248.62676451173,52468.132625206854,46498.30785168969]","[58972.43407088867,52130.994966778686,46448.89952744225]",76.0,1280,720,838929,d0ab5be974b72ff85591e020914f17c5887b5c641a8932778d62f3ab547af8f1,frames/window-0112-reverse-00001.png,NATIVE_LOADING_AND_MIPS_READY,UNREVIEWED
window-0112-reverse-00002,933,reviewed-VIAL_TR70190001272-1-interval-24-0,reverse,17.766589862030518,35.53317972406103,"[57364.86009754567,52879.776746856,46516.356754917586]","[57817.282734536835,52669.0456487711,46706.25423279898]","[56640.98387835982,53216.946503791834,46604.52079030735]","[57364.86009754567,52879.776746856,46556.356754917586]",76.0,1280,720,870984,18c725c9f502c9bcbf86ae1819703b1552596155e934fc8c4d3704d70879a2fb,frames/window-0112-reverse-00002.png,NATIVE_LOADING_AND_MIPS_READY,UNREVIEWED
window-0112-reverse-00003,934,reviewed-VIAL_TR70190001272-1-interval-24-0,reverse,0.0,53.29976958609155,"[55733.07094898773,53563.15422588959,46642.432015829334]","[56214.2750405676,53432.76713162361,46824.460606905384]","[54963.14440245994,53771.77357671517,46743.186270107646]","[55733.07094898773,53563.15422588959,46682.43201582933]",76.0,1280,720,817936,bde103517bbe3e3130e57af5a52dcb374d243b7c5db9e4b00a2f42405110973a,frames/window-0112-reverse-00003.png,NATIVE_LOADING_AND_MIPS_READY,UNREVIEWED
window-0111-reverse-00000,935,reviewed-VIAL_TR70190001272-1-interval-23-0,reverse,58.50629815013686,0.0,"[55733.07094898773,53563.15422588959,46642.432015829334]","[56214.92315279385,53435.137532597524,46824.61429609693]","[54962.107422897956,53767.9809351569,46742.94036740117]","[55733.07094898773,53563.15422588959,46682.43201582933]",76.0,1280,720,818800,e2474c07cd2575874567f15cd49891cb17f902cb3b319af1050d0b79da9628b4,frames/window-0111-reverse-00000.png,NATIVE_LOADING_AND_MIPS_READY,UNREVIEWED
window-0111-reverse-00001,936,reviewed-VIAL_TR70190001272-1-interval-23-0,reverse,39.0041987667579,19.502099383378955,"[53845.882591762085,54036.68879487493,46774.28276030927]","[54330.20673789025,53915.69150743748,46966.17977274554]","[53070.96395795703,54230.28445477487,46859.24754041123]","[53845.882591762085,54036.68879487493,46814.28276030927]",76.0,1280,720,787337,ca7b8a4620a08f34f708b3566650c0d0d70614041efd4d8b25a103eee08733f1,frames/window-0111-reverse-00001.png,NATIVE_LOADING_AND_MIPS_READY,UNREVIEWED
window-0111-reverse-00002,937,reviewed-VIAL_TR70190001272-1-interval-23-0,reverse,19.50209938337895,39.00419876675791,"[51958.933117118046,54508.09985074092,46916.43373562385]","[52442.177935343,54387.37228351961,47092.85277451058]","[51185.74140795812,54701.26395829501,47026.16327340507]","[51958.933117118046,54508.09985074092,46956.43373562385]",76.0,1280,720,769674,a7c42545f1fe173de7e3b692bd540a3b03690c664eda5958a5e659be7692ebdd,frames/window-0111-reverse-00002.png,NATIVE_LOADING_AND_MIPS_READY,UNREVIEWED
window-0111-reverse-00003,938,reviewed-VIAL_TR70190001272-1-interval-23-0,reverse,0.0,58.50629815013686,"[50560.253211756935,55564.062430430204,47089.83721941545]","[50515.66114583277,55067.758774802045,47268.67620549766]","[50631.6005172356,56358.14827943526,47195.69484168391]","[50560.253211756935,55564.062430430204,47129.83721941544]",76.0,1280,720,618151,ec99e782c63f17eae7eb6ee5865e9d36f1ed0bf733611a8e1f8945abb6604512,frames/window-0111-reverse-00003.png,NATIVE_LOADING_AND_MIPS_READY,UNREVIEWED
window-0110-reverse-00000,939,reviewed-VIAL_TR70190001272-1-interval-22-0,reverse,8.555908365569922,0.0,"[50560.253211756935,55564.062430430204,47089.83721941545]","[50488.09298076046,55070.961680539425,47269.28414900534]","[50675.7095813513,56353.02363025545,47194.72213207162]","[50560.253211756935,55564.062430430204,47129.83721941544]",76.0,1280,720,622373,1dacbd3be8632ba8141c30201dda60af26bbb59a0031dc433dbeb2a642a38bd0,frames/window-0110-reverse-00000.png,NATIVE_LOADING_AND_MIPS_READY,UNREVIEWED
window-0110-reverse-00001,940,reviewed-VIAL_TR70190001272-1-interval-22-0,reverse,0.0,8.555908365569922,"[51158.85260803625,56028.56250507757,47153.74047127297]","[50661.36995228228,55992.142461043906,47339.322632634234]","[51954.8248572426,56086.834575531415,47248.80901309494]","[51158.85260803625,56028.56250507757,47193.74047127297]",76.0,1280,720,914368,5ab4012573c3a4c2dd69a4d4aba34b6344267bf9906215822c93442e32d06486,frames/window-0110-reverse-00001.png,NATIVE_LOADING_AND_MIPS_READY,UNREVIEWED
window-0109-reverse-00000,941,reviewed-VIAL_TR70190001272-1-interval-20-1,reverse,24.033691848509726,0.0,"[51406.43179289182,56030.51025411114,47171.7542234806]","[50908.64912069288,56058.99803117706,47354.32618831547]","[52202.88406841013,55984.92981080566,47271.63907974481]","[51406.43179289182,56030.51025411114,47211.7542234806]",76.0,1280,720,1008620,d7b088e1734a1017cf72dee255831ffbefb450ce5fe5e3cc256a6a2d62ab55d8,frames/window-0109-reverse-00000.png,NATIVE_LOADING_AND_MIPS_READY,UNREVIEWED
window-0109-reverse-00001,942,reviewed-VIAL_TR70190001272-1-interval-20-1,reverse,12.016845924254863,12.016845924254863,"[52588.80227501278,55838.244150094906,47255.93301921535]","[52098.42591083648,55930.80375970327,47444.888855087775]","[53373.40445769486,55690.14877472152,47345.60368181946]","[52588.80227501278,55838.244150094906,47295.93301921534]",76.0,1280,720,1080830,8d9204739acabb5e15b0d3e4829ec3c2fe2b4fa8f034d44f4fa3b9878a1cad84,frames/window-0109-reverse-00001.png,NATIVE_LOADING_AND_MIPS_READY,UNREVIEWED
window-0109-reverse-00002,943,reviewed-VIAL_TR70190001272-1-interval-20-1,reverse,0.0,24.033691848509726,"[53767.13594359462,55615.8310954459,47334.0356157205]","[53276.953880635585,55708.35403119346,47519.96140973008]","[54551.42724432908,55467.7943982498,47428.554345305165]","[53767.13594359462,55615.8310954459,47374.035615720495]",76.0,1280,720,1105315,eb8a3d6c6302e894fae04b2811261ddb066ae1fbec6b0d631d48d56ee0d5b7c1,frames/window-0109-reverse-00002.png,NATIVE_LOADING_AND_MIPS_READY,UNREVIEWED
window-0108-reverse-00000,944,reviewed-VIAL_TR70190001272-1-interval-20-0,reverse,100.21599151755017,0.0,"[53767.13594359462,55615.8310954459,47334.0356157205]","[53276.95354778904,55708.3540940409,47519.96636898265]","[54551.42777688355,55467.7942976939,47428.54641050106]","[53767.13594359462,55615.8310954459,47374.035615720495]",76.0,1280,720,1104596,c72f913c310d037cca0e17fe628a4c924ddbb46bf234a2665771819d8f18bff1,frames/window-0108-reverse-00000.png,NATIVE_LOADING_AND_MIPS_READY,UNREVIEWED
window-0108-reverse-00001,945,reviewed-VIAL_TR70190001272-1-interval-20-0,reverse,83.51332626462514,16.70266525292503,"[55388.43573887765,55244.280518178595,47447.80769949231]","[54928.31341704003,55437.37671395914,47636.164246427885]","[56124.63145381785,54935.32660492974,47538.4372243954]","[55388.43573887765,55244.280518178595,47487.80769949231]",76.0,1280,720,1190060,22d016b9303fd9c5da4786483ec43c217a46e9391d0afd8e0f9ebb0d15a58097,frames/window-0108-reverse-00001.png,NATIVE_LOADING_AND_MIPS_READY,UNREVIEWED
window-0108-reverse-00002,946,reviewed-VIAL_TR70190001272-1-interval-20-0,reverse,66.8106610117001,33.40533050585006,"[56884.226409642586,54509.05631086039,47554.31807437753]","[56437.68583203303,54731.29836700448,47739.53329280626]","[57598.6913338179,54153.46902102984,47649.97372489157]","[56884.226409642586,54509.05631086039,47594.31807437753]",76.0,1280,720,1242438,3d7f37f768ed5b214d67e7274e2598283f2b3408729f17415ce9811463a5bed6,frames/window-0108-reverse-00002.png,NATIVE_LOADING_AND_MIPS_READY,UNREVIEWED
window-0108-reverse-00003,947,reviewed-VIAL_TR70190001272-1-interval-20-0,reverse,50.10799575877508,50.10799575877508,"[58375.025139227895,53767.089753434106,47683.73119204894]","[57929.096730493424,53989.02713475953,47860.238054038906]","[59088.51059320304,53411.98994331343,47793.32021286498]","[58375.025139227895,53767.089753434106,47723.73119204893]",76.0,1280,720,1237612,0cddca322d8a8d39a4272e55aeb4e4260f40bf924a321196bfaa8e61d3a6ce41,frames/window-0108-reverse-00003.png,NATIVE_LOADING_AND_MIPS_READY,UNREVIEWED
window-0108-reverse-00004,948,reviewed-VIAL_TR70190001272-1-interval-20-0,reverse,33.40533050585005,66.81066101170012,"[59905.38999188427,53123.88072768109,47828.178540043555]","[59428.75905738132,53269.86107633,48009.28522335306]","[60667.99948708899,52890.31216984283,47930.40784674835]","[59905.38999188427,53123.88072768109,47868.178540043555]",76.0,1280,720,1263946,e245c1bd8b042c5b6206454a3f5e174eed5a6d09f85f2f03532a5c276579c72e,frames/window-0108-reverse-00004.png,NATIVE_LOADING_AND_MIPS_READY,UNREVIEWED
window-0108-reverse-00005,949,reviewed-VIAL_TR70190001272-1-interval-20-0,reverse,16.702665252925026,83.51332626462514,"[61497.00532494469,52636.40804463638,47965.678598135724]","[61020.75310343746,52782.272401904,48142.00468385811]","[62259.00887935626,52403.025073008175,48075.5568609799]","[61497.00532494469,52636.40804463638,48005.678598135724]",76.0,1280,720,1281170,38b1d6d07b39164d241a4dc93b40f6e920ad82b3e17b0dbc5a57c3664917aed3,frames/window-0108-reverse-00005.png,NATIVE_LOADING_AND_MIPS_READY,UNREVIEWED
window-0108-reverse-00006,950,reviewed-VIAL_TR70190001272-1-interval-20-0,reverse,0.0,100.21599151755017,"[63102.619538182626,52201.738168206066,48104.55874464872]","[62614.057998478405,52300.83105804632,48285.98127577181]","[63884.318001709384,52043.18954446165,48206.28269485176]","[63102.619538182626,52201.738168206066,48144.55874464871]",76.0,1280,720,1270738,5f23a58ff5c39660588dcfaa4209ed0667c3cccdb69b69d917ebf99c85829146,frames/window-0108-reverse-00006.png,NATIVE_LOADING_AND_MIPS_READY,UNREVIEWED
window-0107-reverse-00000,951,reviewed-VIAL_TR70190001272-1-interval-2-0,reverse,41.05575829680934,0.0,"[99167.60682952008,27292.789597809315,54717.034981483695]","[99625.89240728677,27490.913811206217,54910.1812056427]","[98434.34990509339,26975.79085637427,54800.0010228293]","[99167.60682952008,27292.789597809315,54757.034981483695]",76.0,1280,720,801815,7b2f9f39e4af326f34eee72ebfc1b3cdba368b51ee94f8b2a1536de7c0999c0b,frames/window-0107-reverse-00000.png,NATIVE_LOADING_AND_MIPS_READY,UNREVIEWED
window-0107-reverse-00001,952,reviewed-VIAL_TR70190001272-1-interval-2-0,reverse,27.370505531206224,13.685252765603114,"[97913.11627570051,26750.45318948168,54787.58586668338]","[98371.32477034575,26948.544078607552,54979.21378392108]","[97179.98268426814,26433.507766880284,54872.98119910307]","[97913.11627570051,26750.45318948168,54827.585866683374]",76.0,1280,720,755199,30fbf59cc9c30b2c46b4e859eb2b26b69083b4f7319db3aacd65e76a6585ee6e,frames/window-0107-reverse-00001.png,NATIVE_LOADING_AND_MIPS_READY,UNREVIEWED
window-0107-reverse-00002,953,reviewed-VIAL_TR70190001272-1-interval-2-0,reverse,13.685252765603112,27.370505531206227,"[96659.16844160808,26208.351407598337,54868.729934207535]","[97117.48554764119,26406.48925117103,55062.522582914564]","[95925.8610719551,25891.33085788203,54950.66169627629]","[96659.16844160808,26208.351407598337,54908.72993420753]",76.0,1280,720,761632,d76b35ae21aec08751dd42cb36002fc18505da38ed994bb74d215921cd8adb89,frames/window-0107-reverse-00002.png,NATIVE_LOADING_AND_MIPS_READY,UNREVIEWED
window-0107-reverse-00003,954,reviewed-VIAL_TR70190001272-1-interval-2-0,reverse,0.0,41.05575829680934,"[95404.51627362054,25665.94513077289,54935.813964196335]","[95862.97816019782,25864.145566254934,55132.80774915058]","[94670.97725509689,25348.82443400162,55012.62390826954]","[95404.51627362054,25665.94513077289,54975.813964196335]",76.0,1280,720,868707,7fa1ae1544e003582a2bfb37b4e5f57b232880cb80db15836bf7b2132588cd6f,frames/window-0107-reverse-00003.png,NATIVE_LOADING_AND_MIPS_READY,UNREVIEWED
window-0106-reverse-00000,955,reviewed-VIAL_TR70190001272-1-interval-18-0,reverse,36.065001354416005,0.0,"[68346.25271370169,51142.253889422864,48518.46337894147]","[67857.58071104457,51240.99042925435,48700.37441044407]","[69128.12791795307,50984.275425692496,48619.4057285373]","[68346.25271370169,51142.253889422864,48558.463378941466]",76.0,1280,720,1154064,46f67d93ca5c50e951e78f934218f33acbed5e06d38622ab2115baf8d0948cbe,frames/window-0106-reverse-00000.png,NATIVE_LOADING_AND_MIPS_READY,UNREVIEWED
window-0106-reverse-00001,956,reviewed-VIAL_TR70190001272-1-interval-18-0,reverse,18.032500677208002,18.032500677208002,"[70115.7689100457,50843.130416504064,48661.9166833058]","[69617.35245796572,50842.81199182596,48842.15566091278]","[70913.23523337365,50843.63989598903,48765.53431913462]","[70115.7689100457,50843.130416504064,48701.9166833058]",76.0,1280,720,1025699,7a8c0ad77e0a5a7f0d20b6a7d8879dd45e890dbad69289cc85860a1d6c119088,frames/window-0106-reverse-00001.png,NATIVE_LOADING_AND_MIPS_READY,UNREVIEWED
window-0106-reverse-00002,957,reviewed-VIAL_TR70190001272-1-interval-18-0,reverse,0.0,36.065001354416005,"[71912.39042279776,50915.28295101598,48796.84489292609]","[71413.80255654806,50893.09505892074,48986.54906692754]","[72710.1310087973,50950.783578368355,48885.31821452378]","[71912.39042279776,50915.28295101598,48836.84489292609]",76.0,1280,720,994966,53d0b6df90cf0e028f6b8531dd25b211e4c5fbc3ea5291586c4d41e0a2d9a9ec,frames/window-0106-reverse-00002.png,NATIVE_LOADING_AND_MIPS_READY,UNREVIEWED
window-0105-reverse-00000,958,reviewed-VIAL_TR70190001272-1-interval-16-1,reverse,29.440123588939848,0.0,"[74539.56977239577,50824.01951653883,48975.36453008968]","[74054.36391373168,50940.30812888462,49162.92638346074]","[75315.89914625834,50637.95773678556,49067.26556469599]","[74539.56977239577,50824.01951653883,49015.36453008968]",76.0,1280,720,941103,dbc99e51c68d2a2cf9f00efad9ce0fdfaa7480ab93ee1e97aa4fbbb20e259ef0,frames/window-0105-reverse-00000.png,NATIVE_LOADING_AND_MIPS_READY,UNREVIEWED
window-0105-reverse-00001,959,reviewed-VIAL_TR70190001272-1-interval-16-1,reverse,14.720061794469924,14.720061794469924,"[75842.81911244613,50181.0901071403,49078.8137421295]","[75455.58749162962,50495.57070354667,49264.84866707124]","[76462.38970575253,49677.9211528901,49173.15786222272]","[75842.81911244613,50181.0901071403,49118.813742129496]",76.0,1280,720,1095683,d3f5674ad88aed24a995493b0a5d9a3e58815b7352c5b4edb119873da2959274,frames/window-0105-reverse-00001.png,NATIVE_LOADING_AND_MIPS_READY,UNREVIEWED
window-0105-reverse-00002,960,reviewed-VIAL_TR70190001272-1-interval-16-1,reverse,0.0,29.440123588939848,"[76866.93629656802,49130.16649018973,49174.58577042158]","[76555.67263945827,49520.19582688511,49363.08890899671]","[77364.95814794365,48506.119551477124,49264.98074870137]","[76866.93629656802,49130.16649018973,49214.58577042158]",76.0,1280,720,1095507,34feebfac80586509e42fb74d91092ba2d06be4089bcf0eaf168868288f1bcf1,frames/window-0105-reverse-00002.png,NATIVE_LOADING_AND_MIPS_READY,UNREVIEWED
window-0104-reverse-00000,961,reviewed-VIAL_TR70190001272-1-interval-16-0,reverse,100.28572398602583,0.0,"[76866.93629656802,49130.16649018973,49174.58577042158]","[76560.88124398263,49524.29516560547,49363.075581561505]","[77356.62438070463,48499.560609524546,49265.00207259771]","[76866.93629656802,49130.16649018973,49214.58577042158]",76.0,1280,720,1103064,512e5ef4ae75ace887cd7a577367974e1e82e0f90fd8d0ad19b294e3d6dac892,frames/window-0104-reverse-00000.png,NATIVE_LOADING_AND_MIPS_READY,UNREVIEWED
window-0104-reverse-00001,962,reviewed-VIAL_TR70190001272-1-interval-16-0,reverse,83.57143665502151,16.714287331004314,"[77827.06071999884,47766.50342118032,49283.12884551851]","[77542.29425102664,48176.44507017673,49473.87303298135]","[78282.68707035437,47110.59678278607,49369.93814557797]","[77827.06071999884,47766.50342118032,49323.12884551851]",76.0,1280,720,1089298,9ee1280808774a4d608003fe7c04dadfdd33ae6b10bf38c5cbec8419f7dba3b2,frames/window-0104-reverse-00001.png,NATIVE_LOADING_AND_MIPS_READY,UNREVIEWED
window-0104-reverse-00002,963,reviewed-VIAL_TR70190001272-1-interval-16-0,reverse,66.85714932401721,33.428574662008614,"[78704.43806896894,46352.701014472404,49398.64364595155]","[78502.27799548967,46808.261348326196,49578.69258952141]","[79027.89418653579,45623.80448030634,49502.56533623978]","[78704.43806896894,46352.701014472404,49438.643645951546]",76.0,1280,720,1083428,87e771c76e362f7c91b372b51ec0632d8cb6e0e8d55c8a01935cb558c50f05ff,frames/window-0104-reverse-00002.png,NATIVE_LOADING_AND_MIPS_READY,UNREVIEWED
window-0104-reverse-00003,964,reviewed-VIAL_TR70190001272-1-interval-16-0,reverse,50.14286199301292,50.14286199301291,"[79272.99456467475,44788.66751008023,49537.12409453232]","[79124.73282705674,45264.34921547057,49715.346441230206]","[79510.21334486356,44027.576781455704,49643.9683398157]","[79272.99456467475,44788.66751008023,49577.12409453232]",76.0,1280,720,1066283,a914798788e999115915077dbdcf2b90df03416cd2ca7ed3f7c9cd3cee9f29ae,frames/window-0104-reverse-00003.png,NATIVE_LOADING_AND_MIPS_READY,UNREVIEWED
window-0104-reverse-00004,965,reviewed-VIAL_TR70190001272-1-interval-16-0,reverse,33.42857466200861,66.85714932401723,"[79768.2309351711,43199.755326591905,49691.22176362173]","[79620.07353020295,43675.10229087713,49865.45445107302]","[80005.28278312016,42439.200183735564,49804.44946369966]","[79768.2309351711,43199.755326591905,49731.221763621725]",76.0,1280,720,1051634,b69d19e95f93b56d1575a8be8feba933644af73ee3db23113cdd1a19d0c4317c,frames/window-0104-reverse-00004.png,NATIVE_LOADING_AND_MIPS_READY,UNREVIEWED
window-0104-reverse-00005,966,reviewed-VIAL_TR70190001272-1-interval-16-0,reverse,16.714287331004304,83.57143665502153,"[80263.66124330933,41610.22091532779,49838.16584040011]","[80115.46481450698,42085.693084466155,50013.84840742969]","[80500.7755293931,40849.46544470641,49949.07373315278]","[80263.66124330933,41610.22091532779,49878.16584040011]",76.0,1280,720,1090341,998953ac13442f755d4319e2b9ef4077b514e91a7413e15bcb0439fcaa0ad27b,frames/window-0104-reverse-00005.png,NATIVE_LOADING_AND_MIPS_READY,UNREVIEWED
window-0104-reverse-00006,967,reviewed-VIAL_TR70190001272-1-interval-16-0,reverse,0.0,100.28572398602583,"[80759.01319182594,40021.032250951976,49989.05942925836]","[80610.67671106182,40496.179199095866,50161.818915458614]","[80996.35156104852,39260.79713392175,50104.644251337944]","[80759.01319182594,40021.032250951976,50029.059429258356]",76.0,1280,720,1124755,f04766f095e6b89547d3f4e5791200f97c138139bcdb2a5860fdf4950eeb470f,frames/window-0104-reverse-00006.png,NATIVE_LOADING_AND_MIPS_READY,UNREVIEWED
window-0103-reverse-00000,968,reviewed-VIAL_TR70190001272-1-interval-14-0,reverse,69.09404080274221,0.0,"[96061.71122828382,31295.900154858828,51757.58792812541]","[95622.05289600602,31527.541554410334,51922.42623061239]","[96765.16455992831,30925.273915576417,51885.84664414624]","[96061.71122828382,31295.900154858828,51797.5879281254]",76.0,1280,720,713263,31525796cf406a79b13a490301fcfaa2a9bd75c7acab23d3294c8e0fa075887d,frames/window-0103-reverse-00000.png,NATIVE_LOADING_AND_MIPS_READY,UNREVIEWED
window-0103-reverse-00001,969,reviewed-VIAL_TR70190001272-1-interval-14-0,reverse,51.820530602056664,17.27351020068555,"[97733.8512202589,31206.627851839305,51943.806285409664]","[97270.5809308781,31025.01370573131,52114.84772221095]","[98475.0836832682,31497.2104856121,52062.13998652762]","[97733.8512202589,31206.627851839305,51983.806285409664]",76.0,1280,720,908044,60fe038accb706923a66a7e74bed118f99a6e6db3094601f14f6b49f12ac09be,frames/window-0103-reverse-00001.png,NATIVE_LOADING_AND_MIPS_READY,UNREVIEWED
window-0103-reverse-00002,970,reviewed-VIAL_TR70190001272-1-interval-14-0,reverse,34.54702040137111,34.54702040137111,"[99073.91555600925,32263.95898850137,52079.35750055001]","[98759.22796652273,31876.66989882097,52268.07040995851]","[99577.4156991877,32883.62153199002,52169.41684549642]","[99073.91555600925,32263.95898850137,52119.35750055001]",76.0,1280,720,964450,48c1936bc3671240ae98d109bb06999f6e4947a88dec920c10309b661891adfe,frames/window-0103-reverse-00002.png,NATIVE_LOADING_AND_MIPS_READY,UNREVIEWED
window-0103-reverse-00003,971,reviewed-VIAL_TR70190001272-1-interval-14-0,reverse,17.273510200685553,51.820530602056664,"[99850.34623571405,33795.0351439484,52160.891684051785]","[99696.5203836898,33319.6396483029,52362.54148053823]","[100096.46759895283,34555.6679369812,52230.25200967347]","[99850.34623571405,33795.0351439484,52200.891684051785]",76.0,1280,720,967425,1761506363d59fe6139732905eed1b3931d0e0ab9347c31d86ef1630a2470e02,frames/window-0103-reverse-00003.png,NATIVE_LOADING_AND_MIPS_READY,UNREVIEWED
window-0103-reverse-00004,972,reviewed-VIAL_TR70190001272-1-interval-14-0,reverse,0.0,69.09404080274221,"[99971.6211549472,35509.977394901216,52205.18737581298]","[99995.5577577467,35010.75360644173,52410.95192420176]","[99933.32259046801,36308.7354564364,52267.96409839093]","[99971.6211549472,35509.977394901216,52245.18737581297]",76.0,1280,720,863370,1fbe1a3161c2fa50e62eb174217ffd6df7bf13e0b303240f72e10c7becf069bd,frames/window-0103-reverse-00004.png,NATIVE_LOADING_AND_MIPS_READY,UNREVIEWED
window-0102-reverse-00000,973,reviewed-VIAL_TR70190001272-1-interval-12-0,reverse,21.367759183123333,0.0,"[98966.27199735958,37237.53838595003,52324.67676733204]","[99388.32150790574,36973.4268266689,52498.640967112624]","[98290.99278048573,37660.11688079983,52438.33404768311]","[98966.27199735958,37237.53838595003,52364.676767332036]",76.0,1280,720,781043,32265693745ca87e2dc4cb7c6ea972135f7969502c78e042b19e32a198661d00,frames/window-0102-reverse-00000.png,NATIVE_LOADING_AND_MIPS_READY,UNREVIEWED
window-0102-reverse-00001,974,reviewed-VIAL_TR70190001272-1-interval-12-0,reverse,10.683879591561666,10.683879591561666,"[97949.59105126178,37450.70119323683,52412.25624837562]","[98448.2071505385,37456.874407859825,52595.597320904984]","[97151.80529241906,37440.82404984005,52510.910532328635]","[97949.59105126178,37450.70119323683,52452.25624837561]",76.0,1280,720,785198,b4a804974deebec1ad23f40e224d08076eeea104b00574935d8c4e49ac98dbe4,frames/window-0102-reverse-00001.png,NATIVE_LOADING_AND_MIPS_READY,UNREVIEWED
window-0102-reverse-00002,975,reviewed-VIAL_TR70190001272-1-interval-12-0,reverse,0.0,21.367759183123333,"[96894.50262092287,37331.35452121496,52491.31100761337]","[97381.23007973903,37439.32037721565,52673.36690698632]","[96115.738686817,37158.60915161386,52592.02156861664]","[96894.50262092287,37331.35452121496,52531.31100761336]",76.0,1280,720,849204,dfa8b9191ced9084439090e9fde9285cd3eb06ea7d2dc38aa899eac2c2652f66,frames/window-0102-reverse-00002.png,NATIVE_LOADING_AND_MIPS_READY,UNREVIEWED
window-0101-reverse-00000,976,reviewed-VIAL_TR70190001272-1-interval-10-0,reverse,33.624818735697446,0.0,"[95675.24538019206,37151.684168260545,52586.801602517065]","[96164.24924595092,37054.7120888233,52768.439706285244]","[94892.83919497787,37306.83949536014,52688.18063648798]","[95675.24538019206,37151.684168260545,52626.80160251706]",76.0,1280,720,690455,6886d3ebbccf36d7e4ff573c67567a16c1ad8dea3cd30418e191f5d152c97d81,frames/window-0101-reverse-00000.png,NATIVE_LOADING_AND_MIPS_READY,UNREVIEWED
window-0101-reverse-00001,977,reviewed-VIAL_TR70190001272-1-interval-10-0,reverse,16.812409367848723,16.812409367848723,"[94592.34742061004,38252.737379500584,52747.669350606804]","[94612.63192594989,37757.19456095151,52904.219734157494]","[94559.8922120663,39045.60588917909,52889.18873692571]","[94592.34742061004,38252.737379500584,52787.669350606804]",76.0,1280,720,714082,bf13bf74e8140c7b57fc662413d5c996c3019282b46e53a2f98e73aa63cb2945,frames/window-0101-reverse-00001.png,NATIVE_LOADING_AND_MIPS_READY,UNREVIEWED
window-0101-reverse-00002,978,reviewed-VIAL_TR70190001272-1-interval-10-0,reverse,0.0,33.624818735697446,"[95708.09268410085,39272.126615419984,52948.28200237572]","[95215.1225917809,39197.619761291186,53130.477019028345]","[96496.84483181276,39391.33758202606,53048.76997573152]","[95708.09268410085,39272.126615419984,52988.282002375716]",76.0,1280,720,956021,e593301d16e612a9a1bee7390586f2b0abc10fc20773dd149c280fa69f595dca,frames/window-0101-reverse-00002.png,NATIVE_LOADING_AND_MIPS_READY,UNREVIEWED
window-0100-reverse-00000,979,reviewed-VIAL_TR70190001272-1-interval-0-4,reverse,44.788712233275504,0.0,"[90029.30882942164,22494.751889724284,55360.129416097676]","[89981.91498739399,22990.222416379966,55532.560718896675]","[90105.13897666588,21701.999047075195,55476.23933161928]","[90029.30882942164,22494.751889724284,55400.129416097676]",76.0,1280,720,697277,92150b73e8c88d7227acad1bb759db30782c502f04b3466dfd0e317ec6fb29cd,frames/window-0100-reverse-00000.png,NATIVE_LOADING_AND_MIPS_READY,UNREVIEWED
window-0100-reverse-00001,980,reviewed-VIAL_TR70190001272-1-interval-0-4,reverse,29.859141488850337,14.929570744425167,"[91143.82065696227,21708.958894604835,55471.37264317872]","[90644.66071208374,21718.41947984492,55663.98931329024]","[91942.47656876792,21693.821958220706,55555.1859710003]","[91143.82065696227,21708.958894604835,55511.37264317872]",76.0,1280,720,857928,676cfe100739f79614ddc5cd1e31f291f682ee051f9e174f59c3e3063696b206,frames/window-0100-reverse-00001.png,NATIVE_LOADING_AND_MIPS_READY,UNREVIEWED
window-0100-reverse-00002,981,reviewed-VIAL_TR70190001272-1-interval-0-4,reverse,14.929570744425169,29.859141488850334,"[92568.65286074879,22122.682303892096,55543.33845616141]","[92097.44668456538,21957.645966777556,55736.361670614926]","[93322.58274264225,22386.740443275365,55626.50131303576]","[92568.65286074879,22122.682303892096,55583.3384561614]",76.0,1280,720,1084050,47f29fc86ad4dfb15252c26836a3aeb13dde3082a15e2372185918633d1e00f8,frames/window-0100-reverse-00002.png,NATIVE_LOADING_AND_MIPS_READY,UNREVIEWED
window-0100-reverse-00003,982,reviewed-VIAL_TR70190001272-1-interval-0-4,reverse,0.0,44.788712233275504,"[93975.77225758578,22615.51504312083,55621.057733015594]","[93504.62142126464,22450.498088367196,55813.01679726566]","[94729.6135956996,22879.542170726647,55705.92323021549]","[93975.77225758578,22615.51504312083,55661.057733015594]",76.0,1280,720,1079414,6bf0b6f01f18cc0d1526625e1445ab869535298fa61f0f69415870d94949d91d,frames/window-0100-reverse-00003.png,NATIVE_LOADING_AND_MIPS_READY,UNREVIEWED
window-0099-reverse-00000,983,reviewed-VIAL_TR70190001272-1-interval-0-3,reverse,100.20001985193508,0.0,"[93975.77225758578,22615.51504312083,55621.057733015594]","[93504.61762929123,22450.496761187624,55813.0884129589]","[94729.61966285706,22879.544294213967,55705.8086451063]","[93975.77225758578,22615.51504312083,55661.057733015594]",76.0,1280,720,1079857,d3080538f79fdf1481b3cc3bea49bdfa86d51f97f66535276c4534592bc68932,frames/window-0099-reverse-00000.png,NATIVE_LOADING_AND_MIPS_READY,UNREVIEWED
window-0099-reverse-00001,984,reviewed-VIAL_TR70190001272-1-interval-0-3,reverse,83.50001654327923,16.70000330865585,"[95548.651918285,23169.048995832974,55712.88700180527]","[95080.5508654265,22996.387677837098,55900.18419488181]","[96297.61360285863,23445.307104626376,55805.2114928828]","[95548.651918285,23169.048995832974,55752.88700180527]",76.0,1280,720,1015214,0b045ea27c9ac0276bc0c2645a6d4e2b54e0752cd40f6a09d394fc2d89a8836b,frames/window-0099-reverse-00001.png,NATIVE_LOADING_AND_MIPS_READY,UNREVIEWED
window-0099-reverse-00002,985,reviewed-VIAL_TR70190001272-1-interval-0-3,reverse,66.80001323462339,33.40000661731169,"[97098.81238809366,23780.400506160204,55822.35528752276]","[96635.37235606193,23595.294133128587,56011.38808917516]","[97840.31643934445,24076.57070301079,55911.90280487893]","[97098.81238809366,23780.400506160204,55862.355287522754]",76.0,1280,720,1035837,195845b43552bd12bc876050fb5164ca20cd6e86d6593ed7ae183a6edfbbe53c,frames/window-0099-reverse-00002.png,NATIVE_LOADING_AND_MIPS_READY,UNREVIEWED
window-0099-reverse-00003,986,reviewed-VIAL_TR70190001272-1-interval-0-3,reverse,50.10000992596755,50.100009925967534,"[98646.03842062596,24398.39070467698,55936.58228134235]","[98182.78819684753,24213.360145464412,56122.48063436297]","[99387.23877867147,24694.439599417085,56031.144916509365]","[98646.03842062596,24398.39070467698,55976.58228134235]",76.0,1280,720,1049172,05b9137933ff47848907ddab6bf52adf72788470e58109f943675c072e851f9f,frames/window-0099-reverse-00003.png,NATIVE_LOADING_AND_MIPS_READY,UNREVIEWED
window-0099-reverse-00004,987,reviewed-VIAL_TR70190001272-1-interval-0-3,reverse,33.400006617311696,66.80001323462338,"[100193.58833655334,25016.510268261627,56045.63361145596]","[99730.08379184254,24831.378128599827,56235.80698079347]","[100935.19560809062,25312.721691720508,56133.35622051593]","[100193.58833655334,25016.510268261627,56085.63361145595]",76.0,1280,720,1049591,bec58fb91219588a1c199cc615730d15c6cf7f44f4ac76212123a6166df25d99,frames/window-0099-reverse-00004.png,NATIVE_LOADING_AND_MIPS_READY,UNREVIEWED
window-0099-reverse-00005,988,reviewed-VIAL_TR70190001272-1-interval-0-3,reverse,16.700003308655848,83.50001654327923,"[101741.47618444823,25634.76480786696,56149.050472951014]","[101278.12984452765,25449.695856261416,56336.49816990166]","[102482.83032832119,25930.875130435823,56241.13415782999]","[101741.47618444823,25634.76480786696,56189.05047295101]",76.0,1280,720,971433,41e887cc01fbaf402180aef87dfb6dac2d8e7cc857b09df123e60ef0700301b9,frames/window-0099-reverse-00005.png,NATIVE_LOADING_AND_MIPS_READY,UNREVIEWED
window-0099-reverse-00006,989,reviewed-VIAL_TR70190001272-1-interval-0-3,reverse,0.0,100.20001985193508,"[103288.59194559045,26252.710962016135,56265.0963733082]","[102825.35341938972,26067.685075957917,56450.81096341209]","[104029.77358751162,26548.752379709287,56359.95302914198]","[103288.59194559045,26252.710962016135,56305.096373308195]",76.0,1280,720,926666,309db9790833549a7affb8b3750f1e4ef644fb4e1be16ce7f04b0295a28da8ef,frames/window-0099-reverse-00006.png,NATIVE_LOADING_AND_MIPS_READY,UNREVIEWED
window-0098-reverse-00000,990,reviewed-VIAL_TR70190001272-1-interval-0-2,reverse,100.04197127721778,0.0,"[103288.59194559045,26252.710962016135,56265.0963733082]","[102825.34536690798,26067.68185869796,56450.93735891569]","[104029.78647148238,26548.757527325215,56359.75079633622]","[103288.59194559045,26252.710962016135,56305.096373308195]",76.0,1280,720,926844,52403be23c242f17760c66e7daea159b210b152fbb4343651af7eac1101d8a3d,frames/window-0098-reverse-00000.png,NATIVE_LOADING_AND_MIPS_READY,UNREVIEWED
window-0098-reverse-00001,991,reviewed-VIAL_TR70190001272-1-interval-0-2,reverse,83.36830939768149,16.673661879536297,"[104833.9323537733,26869.948007931434,56370.13194711494]","[104370.50680613639,26684.847422135965,56558.914405001415]","[105575.41322999234,27166.108945204185,56460.080014496576]","[104833.9323537733,26869.948007931434,56410.13194711494]",76.0,1280,720,853754,d31e2bfd84b84c1c74bcf53585326ea800a949d3199c3b7970020ed40e217a2d,frames/window-0098-reverse-00001.png,NATIVE_LOADING_AND_MIPS_READY,UNREVIEWED
window-0098-reverse-00002,992,reviewed-VIAL_TR70190001272-1-interval-0-2,reverse,66.69464751814519,33.347323759072594,"[106311.40188036536,27624.563764168954,56471.58762232838]","[105892.95777231011,27352.412361412455,56662.63693301832]","[106980.91245325374,28060.00600857935,56557.908725224464]","[106311.40188036536,27624.563764168954,56511.58762232838]",76.0,1280,720,946548,bf19037980f56019723779921c394a46efea6b4e6c6b4970bfcbcbd0d5d31722,frames/window-0098-reverse-00002.png,NATIVE_LOADING_AND_MIPS_READY,UNREVIEWED
window-0098-reverse-00003,993,reviewed-VIAL_TR70190001272-1-interval-0-2,reverse,50.02098563860889,50.02098563860889,"[107689.45732597992,28557.338080285263,56566.35104945516]","[107296.44659205685,28249.22754904698,56761.64348864255]","[108318.27450025684,29050.31493026651,56645.88314675533]","[107689.45732597992,28557.338080285263,56606.35104945516]",76.0,1280,720,932950,bec65900a36abba1fa3be319a274da8ad0ac273d0e4d1ac1856e70466bb9712c,frames/window-0098-reverse-00003.png,NATIVE_LOADING_AND_MIPS_READY,UNREVIEWED
window-0098-reverse-00004,994,reviewed-VIAL_TR70190001272-1-interval-0-2,reverse,33.347323759072594,66.69464751814519,"[108988.08757467898,29600.88198794298,56634.506632822]","[108598.79580965725,29287.779529994503,56834.04270082216]","[109610.95439871374,30101.845920660537,56707.248924021755]","[108988.08757467898,29600.88198794298,56674.506632822]",76.0,1280,720,861506,09021a7b9a5ae3bc84cba421211c15e9eadf6e4f1f0c2dd9836f172018985e61,frames/window-0098-reverse-00004.png,NATIVE_LOADING_AND_MIPS_READY,UNREVIEWED
window-0098-reverse-00005,995,reviewed-VIAL_TR70190001272-1-interval-0-2,reverse,16.673661879536297,83.36830939768149,"[110176.7601458224,30761.63145361054,56699.243150643975]","[109851.87614749621,30382.04307772719,56900.18921336481]","[110696.57454314426,31368.972855023894,56769.72945029064]","[110176.7601458224,30761.63145361054,56739.243150643975]",76.0,1280,720,940563,f6910b55b7be1eee9776ece0d1580770212b97258fcabfc9c25919bf2a16a296,frames/window-0098-reverse-00005.png,NATIVE_LOADING_AND_MIPS_READY,UNREVIEWED
window-0098-reverse-00006,996,reviewed-VIAL_TR70190001272-1-interval-0-2,reverse,0.0,100.04197127721778,"[111156.93779245485,32102.366438880563,56775.30964890683]","[110911.02891545392,31667.86886818552,56968.09411524951]","[111550.3919956563,32797.56255199263,56858.854502758564]","[111156.93779245485,32102.366438880563,56815.30964890683]",76.0,1280,720,1016723,0aab24fa95d3fa5faf71557915b38743ffcc87b64a9402bee97805c4f4f46b3d,frames/window-0098-reverse-00006.png,NATIVE_LOADING_AND_MIPS_READY,UNREVIEWED
window-0097-reverse-00000,997,reviewed-VIAL_TR70190001272-1-interval-0-1,reverse,100.18241528249979,0.0,"[111156.93779245485,32102.366438880563,56775.30964890683]","[110911.13407185173,31667.820870550953,56967.911109114255]","[111550.22374541982,32797.639348207944,56859.14731257496]","[111156.93779245485,32102.366438880563,56815.30964890683]",76.0,1280,720,1018487,e6c763933723425ea3537261b42d9f3d14e9330480cc8b9cfe1d630c800bb64d,frames/window-0097-reverse-00000.png,NATIVE_LOADING_AND_MIPS_READY,UNREVIEWED
window-0097-reverse-00001,998,reviewed-VIAL_TR70190001272-1-interval-0-1,reverse,83.48534606874982,16.69706921374997,"[111883.68934261837,33599.994294796656,56865.8684632314]","[111698.63340783966,33136.40915951466,57056.83187684887]","[112179.77883826432,34341.73051124786,56952.32700144346]","[111883.68934261837,33599.994294796656,56905.868463231396]",76.0,1280,720,1077145,cfc3c21201e80599ac4ad9db040e9120e0a25a1549dfde0f32d2cfa71bd3cf6d,frames/window-0097-reverse-00001.png,NATIVE_LOADING_AND_MIPS_READY,UNREVIEWED
window-0097-reverse-00002,999,reviewed-VIAL_TR70190001272-1-interval-0-1,reverse,66.78827685499986,33.394138427499925,"[112463.44913427201,35162.31135292246,56956.05943875232]","[112319.56108313687,34684.08494588083,57151.651809850955]","[112693.67001608828,35927.47360418906,57035.11164499452]","[112463.44913427201,35162.31135292246,56996.05943875232]",76.0,1280,720,1077644,fe36f998513eb8fbe679aae063d0f34578113e83b992cc3b872cbd7054cac9ec,frames/window-0097-reverse-00002.png,NATIVE_LOADING_AND_MIPS_READY,UNREVIEWED
window-0097-reverse-00003,1000,reviewed-VIAL_TR70190001272-1-interval-0-1,reverse,50.091207641249895,50.091207641249895,"[112935.44737649261,36761.855948530574,57037.25223726837]","[112794.2550222961,36282.875543160466,57231.90484316296]","[113161.35514320701,37528.22459712275,57117.808067836995]","[112935.44737649261,36761.855948530574,57077.25223726836]",76.0,1280,720,1029501,9aba21fa774458368c43c3591a41a97b0c7281546274e82134c47992877581c0,frames/window-0097-reverse-00003.png,NATIVE_LOADING_AND_MIPS_READY,UNREVIEWED
window-0097-reverse-00004,1001,reviewed-VIAL_TR70190001272-1-interval-0-1,reverse,33.39413842749993,66.78827685499985,"[113409.6978395001,38359.54238596942,57138.364040052555]","[113251.65135317571,37886.3102141569,57325.6131664442]","[113662.57221761919,39116.71386086945,57230.765437825925]","[113409.6978395001,38359.54238596942,57178.364040052555]",76.0,1280,720,1009062,ed3939efb3205f76ec3bbbe6256f8958727d05ec700f0f2ae6b5ad14a0e010af,frames/window-0097-reverse-00004.png,NATIVE_LOADING_AND_MIPS_READY,UNREVIEWED
window-0097-reverse-00005,1002,reviewed-VIAL_TR70190001272-1-interval-0-1,reverse,16.697069213749966,83.48534606874982,"[114101.07356602959,39872.98230606033,57267.56833453997]","[113887.49662390928,39422.96070515577,57444.37749623099]","[114442.79667342211,40593.01686750762,57376.67367583432]","[114101.07356602959,39872.98230606033,57307.56833453996]",76.0,1280,720,932142,c2123f1afcac34beb0c0419deefe2d96bc1588317ac5db21751da4d0421bb205,frames/window-0097-reverse-00005.png,NATIVE_LOADING_AND_MIPS_READY,UNREVIEWED
window-0097-reverse-00006,1003,reviewed-VIAL_TR70190001272-1-interval-0-1,reverse,0.0,100.18241528249979,"[114814.01137522189,41375.192287098616,57419.09544089089]","[114600.67883303625,40925.68565400273,57589.76985678475]","[115155.3434427189,42094.40290005203,57538.01637546072]","[114814.01137522189,41375.192287098616,57459.09544089088]",76.0,1280,720,884062,f259aaaed4818e5f87af09dbb257ce771d8c6c76cc92b4fa724564b7b12846d1,frames/window-0097-reverse-00006.png,NATIVE_LOADING_AND_MIPS_READY,UNREVIEWED
window-0096-reverse-00000,1004,reviewed-VIAL_TR70190001272-1-interval-0-0,reverse,100.061511205338,0.0,"[114814.01137522189,41375.192287098616,57419.09544089089]","[114600.68776260942,40925.70446887369,57589.5602254441]","[115155.32915540187,42094.3727962585,57538.35178560576]","[114814.01137522189,41375.192287098616,57459.09544089088]",76.0,1280,720,882283,2879919368ee969f771a18ba2c48e91385b30d15b32ad9dad950fbeb4fc0531d,frames/window-0096-reverse-00000.png,NATIVE_LOADING_AND_MIPS_READY,UNREVIEWED
window-0096-reverse-00001,1005,reviewed-VIAL_TR70190001272-1-interval-0-0,reverse,83.38459267111499,16.676918534223006,"[115525.18161373163,42873.677872693916,57592.18736629868]","[115311.98716459685,42424.46221110035,57759.71436145651]","[115866.29273234733,43592.422931243615,57716.14417404618]","[115525.18161373163,42873.677872693916,57632.18736629868]",76.0,1280,720,802197,8f4cfcedea7f13181252b619df546ebc0f733a33b21c64e320707d718c07a358,frames/window-0096-reverse-00001.png,NATIVE_LOADING_AND_MIPS_READY,UNREVIEWED
window-0096-reverse-00002,1006,reviewed-VIAL_TR70190001272-1-interval-0-0,reverse,66.707674136892,33.353837068446,"[116066.32400429112,44424.74671747185,57774.668963838485]","[116052.8088011783,43927.34990545912,57945.53902709516]","[116087.94832927163,45220.58161669221,57893.27686262782]","[116066.32400429112,44424.74671747185,57814.668963838485]",76.0,1280,720,815236,562224151df7fc300a693a4915f07423afa7f5081fedd3ac0a020e110ba71348,frames/window-0096-reverse-00002.png,NATIVE_LOADING_AND_MIPS_READY,UNREVIEWED
window-0096-reverse-00003,1007,reviewed-VIAL_TR70190001272-1-interval-0-0,reverse,50.030755602669,50.030755602669,"[115404.82544452818,45894.55940792816,57907.75393835445]","[115748.27201227465,45532.924061546684,58092.19650100705]","[114855.31093613381,46473.17596213851,58004.6458381103]","[115404.82544452818,45894.55940792816,57947.75393835445]",76.0,1280,720,1082372,015b5c00d22d86f9991398bb16332fca1a2112726dcd14dda4f069c96e55fb85,frames/window-0096-reverse-00003.png,NATIVE_LOADING_AND_MIPS_READY,UNREVIEWED
window-0096-reverse-00004,1008,reviewed-VIAL_TR70190001272-1-interval-0-0,reverse,33.353837068446,66.707674136892,"[114164.52083868725,47003.25636448978,58017.03979421553]","[114540.4667361546,46675.442298318565,58202.360979389116]","[113563.0074027395,47527.75887036374,58112.52589793779]","[114164.52083868725,47003.25636448978,58057.03979421553]",76.0,1280,720,1088150,5b1c2b037b8e5820c053ecd5357bb87f562c0d1ea48b485fbcec127fbcbab3bb,frames/window-0096-reverse-00004.png,NATIVE_LOADING_AND_MIPS_READY,UNREVIEWED
window-0096-reverse-00005,1009,reviewed-VIAL_TR70190001272-1-interval-0-0,reverse,16.676918534223,83.384592671115,"[112910.84031045754,48096.42991781891,58137.23662757297]","[113286.75794460611,47768.640495473286,58322.02261140802]","[112309.37209581984,48620.892993571906,58233.57905343689]","[112910.84031045754,48096.42991781891,58177.23662757297]",76.0,1280,720,1072094,d70d9436f04775e661039bcfd292b59d4b856b1e79db732523ffd3a126acbd0c,frames/window-0096-reverse-00005.png,NATIVE_LOADING_AND_MIPS_READY,UNREVIEWED
window-0096-reverse-00006,1010,reviewed-VIAL_TR70190001272-1-interval-0-0,reverse,0.0,100.061511205338,"[111662.32597186463,49195.322416350245,58258.45387900065]","[112031.627407922,48860.56752619079,58439.01262090334]","[111071.44367417284,49730.930240605376,58361.559891956356]","[111662.32597186463,49195.322416350245,58298.45387900065]",76.0,1280,720,1082071,16a647d349b73851816bcacb05181e5b2745d68fb4cfaf216a905c724cdff52b,frames/window-0096-reverse-00006.png,NATIVE_LOADING_AND_MIPS_READY,UNREVIEWED
window-0095-reverse-00000,1011,reviewed-VIAL_TR70190001272-0-interval-9-0,reverse,9.772599728842348,0.0,"[117691.7618415493,57238.5975250043,64806.900735798066]","[117500.38154601118,57697.65735271619,64975.542610239725]","[117997.97031441031,56504.101800665274,64929.07373669142]","[117691.7618415493,57238.5975250043,64846.900735798066]",76.0,1280,720,916800,572df346a4fe4a0ef067ab56ed55840aa398712cffc45c10e0dca266f378962f,frames/window-0095-reverse-00000.png,NATIVE_LOADING_AND_MIPS_READY,UNREVIEWED
window-0095-reverse-00001,1012,reviewed-VIAL_TR70190001272-0-interval-9-0,reverse,0.0,9.772599728842348,"[118320.06822423427,56528.00618223846,64898.3991970799]","[117874.25315688558,56750.54933431353,65076.884486562165]","[119033.37233199217,56171.93713891835,65004.822733908295]","[118320.06822423427,56528.00618223846,64938.3991970799]",76.0,1280,720,984949,11ece74cc06d65c692cf5c4ace18c686fcf72ec47dd8c07027a65b09962f451b,frames/window-0095-reverse-00001.png,NATIVE_LOADING_AND_MIPS_READY,UNREVIEWED
window-0094-reverse-00000,1013,reviewed-VIAL_TR70190001272-0-interval-8-0,reverse,49.38879997318115,0.0,"[118320.06822423427,56528.00618223846,64898.3991970799]","[117870.88487571015,56743.81274751407,65077.63345419933]","[119038.76158187285,56182.715677797474,65003.62438568884]","[118320.06822423427,56528.00618223846,64938.3991970799]",76.0,1280,720,981855,0c5bcaa1339e1fdba78f9d32a07322a7be358fc1520e38b5d79d88aa886f30f0,frames/window-0094-reverse-00000.png,NATIVE_LOADING_AND_MIPS_READY,UNREVIEWED
window-0094-reverse-00001,1014,reviewed-VIAL_TR70190001272-0-interval-8-0,reverse,32.925866648787434,16.462933324393717,"[119921.82732800207,56300.7501220233,65009.69629533398]","[119422.92724637366,56297.83876522308,65196.677625573604]","[120720.06745860752,56305.40829290365,65102.526166950585]","[119921.82732800207,56300.7501220233,65049.69629533398]",76.0,1280,720,977340,859625c23396e4a0b8b40c7fc739e3fb68c398162dc49e8493fa271bba707c81,frames/window-0094-reverse-00001.png,NATIVE_LOADING_AND_MIPS_READY,UNREVIEWED
window-0094-reverse-00002,1015,reviewed-VIAL_TR70190001272-0-interval-8-0,reverse,16.462933324393717,32.925866648787434,"[121502.4167860011,56681.83380399761,65124.53886108449]","[121058.27947863263,56454.722355937294,65310.44425207592]","[122213.03647779062,57045.21212089411,65219.09023549819]","[121502.4167860011,56681.83380399761,65164.53886108449]",76.0,1280,720,913724,a2a4083366f6adae5062f93041756e8ab6a3844804916d386e4fb009868a627e,frames/window-0094-reverse-00002.png,NATIVE_LOADING_AND_MIPS_READY,UNREVIEWED
window-0094-reverse-00003,1016,reviewed-VIAL_TR70190001272-0-interval-8-0,reverse,0.0,49.38879997318115,"[122920.36296451697,57510.95167687163,65232.94062043753]","[122489.33297184085,57260.04167790927,65417.48194259501]","[123610.01095279875,57912.40767521141,65329.67450498555]","[122920.36296451697,57510.95167687163,65272.94062043752]",76.0,1280,720,819368,40cbcc407f81a751588485a41078823b89d5d8b5ffc89dbf9c962125ddeddabc,frames/window-0094-reverse-00003.png,NATIVE_LOADING_AND_MIPS_READY,UNREVIEWED
window-0093-reverse-00000,1017,reviewed-VIAL_TR70190001272-0-interval-7-0,reverse,9.92637831632227,0.0,"[122920.36296451697,57510.95167687163,65232.94062043753]","[122487.59686597243,57263.09376298709,65417.164113127015]","[123612.78872218824,57907.524339086885,65330.183032134344]","[122920.36296451697,57510.95167687163,65272.94062043752]",76.0,1280,720,819970,a25247f7cfa4129c8e837b935cd8091990dc70cc608c830f6c12990419c2afc5,frames/window-0093-reverse-00000.png,NATIVE_LOADING_AND_MIPS_READY,UNREVIEWED
window-0093-reverse-00001,1018,reviewed-VIAL_TR70190001272-0-interval-7-0,reverse,0.0,9.92637831632227,"[123853.28739076504,57814.50466690585,65316.05304240164]","[123357.82816476922,57767.919162052814,65487.57679963053]","[124646.02215235836,57889.0414746707,65433.61503083544]","[123853.28739076504,57814.50466690585,65356.05304240164]",76.0,1280,720,804830,db58335fe3f96bfc2d53ca0cfade1ef9909c7b741dd81f872d8e0a54e8cd0713,frames/window-0093-reverse-00001.png,NATIVE_LOADING_AND_MIPS_READY,UNREVIEWED
window-0092-reverse-00000,1019,reviewed-VIAL_TR70190001272-0-interval-5-0,reverse,21.030707385449176,0.0,"[125039.57027997822,57023.971292655915,65462.796573218555]","[124786.81261155377,57452.75674976547,65635.29296468206]","[125443.98254945733,56337.91456128064,65578.80234687695]","[125039.57027997822,57023.971292655915,65502.796573218555]",76.0,1280,720,904399,ad5db910c7da1139a4aedabd37a73083f5a6d1cd4f2ec2ea558d9c97715db725,frames/window-0092-reverse-00000.png,NATIVE_LOADING_AND_MIPS_READY,UNREVIEWED
window-0092-reverse-00001,1020,reviewed-VIAL_TR70190001272-0-interval-5-0,reverse,10.515353692724588,10.515353692724588,"[125445.38697083836,56061.75665227286,65560.18705560791]","[125289.26170067464,56534.90425544547,65738.27947123097]","[125695.18740310031,55304.72048719667,65667.23919061104]","[125445.38697083836,56061.75665227286,65600.18705560791]",76.0,1280,720,978200,c224e0daa353864642179cda92b012342c30d361306641edcea4767b05deef2b,frames/window-0092-reverse-00001.png,NATIVE_LOADING_AND_MIPS_READY,UNREVIEWED
window-0092-reverse-00002,1021,reviewed-VIAL_TR70190001272-0-interval-5-0,reverse,0.0,21.030707385449176,"[125766.76040917519,55064.27188878879,65645.13390383824]","[125637.6064079867,55545.756768914165,65826.51325925984]","[125973.40681107675,54293.89608058817,65746.9269351637]","[125766.76040917519,55064.27188878879,65685.13390383824]",76.0,1280,720,925609,760f7d1627050a193092276aefe1332a50209eb5f39617cd1bd68f59f3c1410e,frames/window-0092-reverse-00002.png,NATIVE_LOADING_AND_MIPS_READY,UNREVIEWED
window-0091-reverse-00000,1022,reviewed-VIAL_TR70190001272-0-interval-3-0,reverse,78.56715051418432,0.0,"[125857.39198164083,54523.60409060493,65686.5801512171]","[125794.10006168518,55018.15884381022,65869.03379386528]","[125958.65905356986,53732.31648547648,65786.65432298002]","[125857.39198164083,54523.60409060493,65726.5801512171]",76.0,1280,720,970097,08ef84c514616714c7cc75967311b1eaf1bf817176e6e32b3454abd67fccb2e4,frames/window-0091-reverse-00000.png,NATIVE_LOADING_AND_MIPS_READY,UNREVIEWED
window-0091-reverse-00001,1023,reviewed-VIAL_TR70190001272-0-interval-3-0,reverse,58.925362885638236,19.641787628546084,"[125941.99974945074,52570.589580100845,65816.25743679321]","[125976.08688900346,53068.724405439876,66009.80440858162]","[125887.46032616642,51773.57385955838,65898.58228193174]","[125941.99974945074,52570.589580100845,65856.25743679321]",76.0,1280,720,967644,97fd96b7b34c13317bee1f9e6bfea717197815905b9a3e4a4485fc2346e9d8d0,frames/window-0091-reverse-00001.png,NATIVE_LOADING_AND_MIPS_READY,UNREVIEWED
window-0091-reverse-00002,1024,reviewed-VIAL_TR70190001272-0-interval-3-0,reverse,39.28357525709216,39.28357525709216,"[125482.2316072163,50667.51486856559,65918.80901002655]","[125615.67240806973,51148.495138612205,66109.62798034155]","[125268.7263258508,49897.946436490995,66005.49865752255]","[125482.2316072163,50667.51486856559,65958.80901002655]",76.0,1280,720,965197,080bc32fb7a19023de3c055e2f9b4acef62f0e628599de8458ebcad64b9c7038,frames/window-0091-reverse-00002.png,NATIVE_LOADING_AND_MIPS_READY,UNREVIEWED
window-0091-reverse-00003,1025,reviewed-VIAL_TR70190001272-0-interval-3-0,reverse,19.64178762854608,58.925362885638236,"[124958.03724178368,48778.08415804223,66033.97474342227]","[125091.47780399479,49259.06356698541,66224.77843321969]","[124744.5323422459,48008.517103733124,66120.6888397464]","[124958.03724178368,48778.08415804223,66073.97474342227]",76.0,1280,720,938796,f25ea57e9ccddd088c4992a83c925a7dc3e8b77a082c9328a5d4cf6069836343,frames/window-0091-reverse-00003.png,NATIVE_LOADING_AND_MIPS_READY,UNREVIEWED
window-0091-reverse-00004,1026,reviewed-VIAL_TR70190001272-0-interval-3-0,reverse,0.0,78.56715051418432,"[124433.5985778016,46887.77288654819,66131.85231325921]","[124567.13709515563,47369.10536938433,66329.79544698853]","[124219.93695003515,46117.640914010364,66207.1432992923]","[124433.5985778016,46887.77288654819,66171.85231325921]",76.0,1280,720,970269,50f3cad10de5ad9a3c6286cf90fb61e57954c473d5ecd50f024ea7fda3fbbb88,frames/window-0091-reverse-00004.png,NATIVE_LOADING_AND_MIPS_READY,UNREVIEWED
window-0090-reverse-00000,1027,reviewed-VIAL_TR70190001272-0-interval-19-0,reverse,43.14004005228333,0.0,"[112219.39251448493,65136.336768139154,61071.52463358416]","[112678.70812291303,65332.18547685855,61265.59289343269]","[111484.487541,64822.97883418812,61153.01541782652]","[112219.39251448493,65136.336768139154,61111.52463358416]",76.0,1280,720,956914,5176d168edc2be9900900a7dc515916e0502d42ccf6a33c3936e1a743b90f361,frames/window-0090-reverse-00000.png,NATIVE_LOADING_AND_MIPS_READY,UNREVIEWED
window-0090-reverse-00001,1028,reviewed-VIAL_TR70190001272-0-interval-19-0,reverse,28.76002670152222,14.38001335076111,"[110901.85243430702,64570.8813233259,61180.79127572679]","[111355.83794208994,64775.666189773845,61356.51580625482]","[110175.4756218543,64243.22553700919,61291.63202688194]","[110901.85243430702,64570.8813233259,61220.79127572679]",76.0,1280,720,914324,b5d269565cbb5347156bb342919ca101a1bf0843c6ec1d9bd88431f9bb7c4d14,frames/window-0090-reverse-00001.png,NATIVE_LOADING_AND_MIPS_READY,UNREVIEWED
window-0090-reverse-00002,1029,reviewed-VIAL_TR70190001272-0-interval-19-0,reverse,14.38001335076111,28.76002670152222,"[109628.79771084708,63914.56711577175,61306.794717721416]","[110069.54183480107,64146.72994518615,61483.840814076415]","[108923.60711252072,63543.106588708724,61415.52096355341]","[109628.79771084708,63914.56711577175,61346.79471772141]",76.0,1280,720,950906,26ebba23eca12aea9d2877b37f42ea459e2ed635d1b5240f5848e7ba1e067935,frames/window-0090-reverse-00002.png,NATIVE_LOADING_AND_MIPS_READY,UNREVIEWED
window-0090-reverse-00003,1030,reviewed-VIAL_TR70190001272-0-interval-19-0,reverse,0.0,43.14004005228333,"[108361.03968274547,63246.773094218224,61427.97294085467]","[108801.76962579046,63478.92845378052,61604.833558266764]","[107655.87177387348,62875.32451891855,61536.99595299533]","[108361.03968274547,63246.773094218224,61467.97294085467]",76.0,1280,720,919754,b24bc6483996a677c30154a9f589ab08185e4c5bc3c7509679913f79ca995848,frames/window-0090-reverse-00003.png,NATIVE_LOADING_AND_MIPS_READY,UNREVIEWED
window-0089-reverse-00000,1031,reviewed-VIAL_TR70190001272-0-interval-17-0,reverse,8.822214145234808,0.0,"[104292.61607936933,61916.91881176084,61921.04592084607]","[104445.12777771412,61445.68686560972,62072.63075589993]","[104048.59736201765,62670.88992560265,62070.51018475987]","[104292.61607936933,61916.91881176084,61961.04592084606]",76.0,1280,720,491017,15084bfd68ed8a827c691ad780635427623b48064bc0d4ecbcc6e07e68a26386,frames/window-0089-reverse-00000.png,NATIVE_LOADING_AND_MIPS_READY,UNREVIEWED
window-0089-reverse-00001,1032,reviewed-VIAL_TR70190001272-0-interval-17-0,reverse,0.0,8.822214145234808,"[104537.20322008594,62703.45165608451,62033.556185182235]","[104186.0031166364,62351.5304464957,62200.547227650655]","[105099.12338560521,63266.525591426594,62158.370517232775]","[104537.20322008594,62703.45165608451,62073.556185182235]",76.0,1280,720,819761,b75925f1a3282252df7aae05dd581a7b012444350d0686bb0418f970fc33fe8e,frames/window-0089-reverse-00001.png,NATIVE_LOADING_AND_MIPS_READY,UNREVIEWED
window-0088-reverse-00000,1033,reviewed-VIAL_TR70190001272-0-interval-15-0,reverse,42.138958792546845,0.0,"[107936.4467692445,65248.73779024929,62443.84321949242]","[107536.83124988158,64951.71880662603,62618.15777266622]","[108575.83160022518,65723.9681640465,62556.939934414346]","[107936.4467692445,65248.73779024929,62483.84321949242]",76.0,1280,720,955968,b46265bffe9e7c78f9f94e7a600d0abab6fde345afbc18e886880c24f2c86beb,frames/window-0088-reverse-00000.png,NATIVE_LOADING_AND_MIPS_READY,UNREVIEWED
window-0088-reverse-00001,1034,reviewed-VIAL_TR70190001272-0-interval-15-0,reverse,28.09263919503123,14.046319597515616,"[109058.2165829372,66082.50653685325,62583.10842656609]","[108659.24487755979,65785.96607457046,62749.39313509939]","[109696.57131154102,66556.97127650575,62709.052892912834]","[109058.2165829372,66082.50653685325,62623.10842656609]",76.0,1280,720,956466,cf76ea89bfd4ee88f81554397f6167e89d682c8d64a2a87dfe17996136b9d768,frames/window-0088-reverse-00001.png,NATIVE_LOADING_AND_MIPS_READY,UNREVIEWED
window-0088-reverse-00002,1035,reviewed-VIAL_TR70190001272-0-interval-15-0,reverse,14.046319597515614,28.092639195031232,"[110047.0599895528,67056.3307741703,62717.79899168541]","[109755.05627832754,66652.94688741371,62892.907204732765]","[110514.26592751322,67701.74499298088,62829.62585080966]","[110047.0599895528,67056.3307741703,62757.79899168541]",76.0,1280,720,807546,adeaa851d23f4e84f85e2d21a30e853218696fb8de00ad9a04e8b2edbbd1bb2f,frames/window-0088-reverse-00002.png,NATIVE_LOADING_AND_MIPS_READY,UNREVIEWED
window-0088-reverse-00003,1036,reviewed-VIAL_TR70190001272-0-interval-15-0,reverse,0.0,42.138958792546845,"[110865.93729016604,68189.08002711833,62856.59827576194]","[110574.51792170132,67785.94032298318,63026.06976268823]","[111332.20827970961,68834.10355373456,62977.44389667987]","[110865.93729016604,68189.08002711833,62896.598275761935]",76.0,1280,720,759526,ea38b33751a91b068522824dcc7c1044a7cdaf2849779d3810e9e65039d01323,frames/window-0088-reverse-00003.png,NATIVE_LOADING_AND_MIPS_READY,UNREVIEWED
window-0087-reverse-00000,1037,reviewed-VIAL_TR70190001272-0-interval-13-0,reverse,9.500004144955234,0.0,"[116885.89237115812,67892.16924710199,63600.72827737175]","[116416.40191820124,68058.12356170257,63775.58539257453]","[117637.0770958891,67626.64234374108,63712.9568930473]","[116885.89237115812,67892.16924710199,63640.72827737175]",76.0,1280,720,800106,c34d738dd620a25704e1531df7de9422e63c83a539d71e3354a96967c0638b21,frames/window-0087-reverse-00000.png,NATIVE_LOADING_AND_MIPS_READY,UNREVIEWED
window-0087-reverse-00001,1038,reviewed-VIAL_TR70190001272-0-interval-13-0,reverse,0.0,9.500004144955234,"[117767.71652621683,67552.83350739628,63687.34117131037]","[117334.57391296628,67798.19791071392,63860.610173342604]","[118460.74470741772,67160.25046208805,63802.11076805879]","[117767.71652621683,67552.83350739628,63727.34117131036]",76.0,1280,720,800877,3557703ebc35f3dc69e8133ec4e821090d7711c4e5887b42dc48b7726fb339a4,frames/window-0087-reverse-00001.png,NATIVE_LOADING_AND_MIPS_READY,UNREVIEWED
window-0086-reverse-00000,1039,reviewed-VIAL_TR70190001272-0-interval-11-0,reverse,83.86199246377718,0.0,"[118794.10194011289,65988.55009879917,63860.304732674944]","[118671.33890731298,66470.88131314605,64032.49430029411]","[118990.52279259275,65216.820155844165,63976.80142448429]","[118794.10194011289,65988.55009879917,63900.304732674944]",76.0,1280,720,858323,41bf5e158f3fe2f2c9f12b0f6487ea4256515d3f2adbea7ee1c4d00219d7a6ce,frames/window-0086-reverse-00000.png,NATIVE_LOADING_AND_MIPS_READY,UNREVIEWED
window-0086-reverse-00001,1040,reviewed-VIAL_TR70190001272-0-interval-11-0,reverse,67.08959397102174,16.772398492755443,"[118795.25411462896,64335.45488880603,64022.70957514336]","[118885.65404591768,64824.662176489604,64192.66877079056]","[118650.61422456702,63552.72322851231,64142.77486210785]","[118795.25411462896,64335.45488880603,64062.70957514336]",76.0,1280,720,843560,3073be4240265c924b283dfab28c0bfdb24aeca41114a88eaeb00ee9f869d908,frames/window-0086-reverse-00001.png,NATIVE_LOADING_AND_MIPS_READY,UNREVIEWED
window-0086-reverse-00002,1041,reviewed-VIAL_TR70190001272-0-interval-11-0,reverse,50.31719547826631,33.54479698551088,"[118492.15181711051,62695.189785073875,64198.14916593598]","[118582.45898125137,63183.895054440014,64363.2695176262]","[118347.66035448515,61913.26135408805,64325.95660323162]","[118492.15181711051,62695.189785073875,64238.149165935974]",76.0,1280,720,842681,32ebe711bac78f111f6592eec6e2bd062b65587b539941a33f6264ab8b962e12,frames/window-0086-reverse-00002.png,NATIVE_LOADING_AND_MIPS_READY,UNREVIEWED
window-0086-reverse-00003,1042,reviewed-VIAL_TR70190001272-0-interval-11-0,reverse,33.54479698551087,50.317195478266314,"[118189.2877623066,61056.2139532359,64385.60746272896]","[118279.57223915684,61544.796448619425,64549.60872662992]","[118044.8325993462,60274.48196062226,64515.20544048744]","[118189.2877623066,61056.2139532359,64425.60746272896]",76.0,1280,720,835106,82d8548ec61cf6e3ba96d5236b4647d4213f7450f705880e4d2af7cd5b6c73cc,frames/window-0086-reverse-00003.png,NATIVE_LOADING_AND_MIPS_READY,UNREVIEWED
window-0086-reverse-00004,1043,reviewed-VIAL_TR70190001272-0-interval-11-0,reverse,16.772398492755435,67.08959397102174,"[117886.34009024195,59416.785618984715,64568.950315797745]","[117976.66202346962,59905.5708138199,64734.81177418503]","[117741.82499707767,58634.729307248424,64695.57198237811]","[117886.34009024195,59416.785618984715,64608.950315797745]",76.0,1280,720,736643,0929e06794219e86856f54e552c5733445bf7118858e40a9039e74e7ede83166,frames/window-0086-reverse-00004.png,NATIVE_LOADING_AND_MIPS_READY,UNREVIEWED
window-0086-reverse-00005,1044,reviewed-VIAL_TR70190001272-0-interval-11-0,reverse,0.0,83.86199246377718,"[117632.05964895315,57770.777442492545,64749.86814951798]","[117647.44990608153,58267.723438142515,64916.87930736243]","[117607.43523754773,56975.6638494526,64874.65029696684]","[117632.05964895315,57770.777442492545,64789.86814951798]",76.0,1280,720,847807,131ce369335f868f911b9517b16596c0ae265668ccfb78cac5b61a495b8905da,frames/window-0086-reverse-00005.png,NATIVE_LOADING_AND_MIPS_READY,UNREVIEWED
window-0085-reverse-00000,1045,reviewed-VIAL_TR70190001272-0-interval-1-0,reverse,35.97186978280317,0.0,"[124032.63826234615,45442.53275496885,66206.51131943287]","[124166.11676191929,45923.64890846474,66399.85166832809]","[123819.07266302918,44672.74690937542,66289.16676120054]","[124032.63826234615,45442.53275496885,66246.51131943287]",76.0,1280,720,957469,72dfc0bf799dddf539815b48f4e4ddc84164d6059379936b9237230da48f5a4f,frames/window-0085-reverse-00000.png,NATIVE_LOADING_AND_MIPS_READY,UNREVIEWED
window-0085-reverse-00001,1046,reviewed-VIAL_TR70190001272-0-interval-1-0,reverse,17.985934891401584,17.985934891401584,"[123560.9738221998,43709.95219689889,66307.4920879186]","[123670.60517858966,44197.012386044094,66500.04508724515]","[123385.56365197606,42930.65589426658,66391.40728899612]","[123560.9738221998,43709.95219689889,66347.4920879186]",76.0,1280,720,955512,9e682a31cefed5e63ee7e159b635a165b053f47a145e25c9bce3f6ed3e86a9db,frames/window-0085-reverse-00001.png,NATIVE_LOADING_AND_MIPS_READY,UNREVIEWED
window-0085-reverse-00002,1047,reviewed-VIAL_TR70190001272-0-interval-1-0,reverse,0.0,35.97186978280317,"[123404.7070148983,41926.068574842066,66406.61500929281]","[123350.00308547224,42422.172876324716,66596.81564427006]","[123492.23330197998,41132.301692469824,66494.29399332925]","[123404.7070148983,41926.068574842066,66446.61500929281]",76.0,1280,720,863832,3dbe3ab0c77d8a30324791251f3c81e18e7429489e8fb2598255a6c3e45a9448,frames/window-0085-reverse-00002.png,NATIVE_LOADING_AND_MIPS_READY,UNREVIEWED
window-0084-reverse-00000,1048,nudo-2,reverse,8.00647613474558,0.0,"[124072.65351248789,39968.71810853481,66568.38460983036]","[123790.86060197426,40380.88730820007,66761.75180240121]","[124523.52216930967,39309.24738907039,66650.99710171702]","[124072.65351248789,39968.71810853481,66608.38460983036]",76.0,1280,720,728571,24efb52e061a745c8154869664852ffabfc52ec5f941706425016da0cdb18937,frames/window-0084-reverse-00000.png,NATIVE_LOADING_AND_MIPS_READY,UNREVIEWED
window-0084-reverse-00001,1049,nudo-2,reverse,0.0,8.00647613474558,"[124524.199822708,39308.92743014357,66611.03159724697]","[124242.17705480158,39720.93938622109,66804.39878981767]","[124975.43625135832,38649.70830041955,66693.64408913386]","[124524.199822708,39308.92743014357,66651.03159724697]",76.0,1280,720,730414,cfc2e69076cb62c78a2dfd214b034421b2b3e8e796d04a2d39d56c60b628eaf2,frames/window-0084-reverse-00001.png,NATIVE_LOADING_AND_MIPS_READY,UNREVIEWED
window-0083-reverse-00000,1050,nudo-1,reverse,99.9413799913614,0.0,"[124524.199822708,39308.92743014357,66611.03159724697]","[124242.19844982984,39720.95403033253,66804.39878981777]","[124975.4020193131,38649.68486984126,66693.6440891337]","[124524.199822708,39308.92743014357,66651.03159724697]",76.0,1280,720,732580,7e8e4d08e638dbe3fa40f3433864437075ca7f8da31b7fe0b75ab49bd5bc9622,frames/window-0083-reverse-00000.png,NATIVE_LOADING_AND_MIPS_READY,UNREVIEWED
window-0083-reverse-00001,1051,nudo-1,reverse,79.95310399308912,19.988275998272286,"[125731.95720514782,37722.88602661051,66717.50037834763]","[125472.89924346954,38149.71112669195,66910.86757091845]","[126146.4499438331,37039.965866480205,66800.11287023434]","[125731.95720514782,37722.88602661051,66757.50037834763]",76.0,1280,720,717854,4051058c1fa61d4c5214c2768442bfeda447c7f3eea28e6c60713d2a1071170d,frames/window-0083-reverse-00001.png,NATIVE_LOADING_AND_MIPS_READY,UNREVIEWED
window-0083-reverse-00002,1052,nudo-1,reverse,59.964827994816844,39.97655199654456,"[126699.46688757809,35982.24636924767,66823.9691594483]","[126612.81919980515,36473.96058682943,67017.33635201913]","[126838.10318801476,35195.50362111684,66906.58165133497]","[126699.46688757809,35982.24636924767,66863.9691594483]",76.0,1280,720,976139,3176af26cfd6c1b6b55f4b621d6b3e91701b790db7924a7c30a97bdf05f3eee0,frames/window-0083-reverse-00002.png,NATIVE_LOADING_AND_MIPS_READY,UNREVIEWED
window-0083-reverse-00003,1053,nudo-1,reverse,39.97655199654456,59.964827994816844,"[126589.87837648047,34018.78393463175,66930.43794054896]","[126833.28305364362,34454.72528011707,67123.80513311978]","[126200.43089301944,33321.27778185525,67013.05043243567]","[126589.87837648047,34018.78393463175,66970.43794054896]",76.0,1280,720,1019063,f6b3305092317f44bd156d49267289a91f6247d2ae3225d053a8b4958d3ea45b,frames/window-0083-reverse-00003.png,NATIVE_LOADING_AND_MIPS_READY,UNREVIEWED
window-0083-reverse-00004,1054,nudo-1,reverse,19.98827599827228,79.95310399308912,"[124910.8862618494,33151.3038282137,67036.90672164963]","[125407.04513556093,33095.473141259885,67230.27391422044]","[124117.03206391094,33240.63292733979,67119.51921353635]","[124910.8862618494,33151.3038282137,67076.90672164963]",76.0,1280,720,792690,39b622c47f0724c0d04af2275e8bed6db444605b16ff34bc1f1597caad9d8860,frames/window-0083-reverse-00004.png,NATIVE_LOADING_AND_MIPS_READY,UNREVIEWED
window-0083-reverse-00005,1055,nudo-1,reverse,0.0,99.9413799913614,"[123380.15131296584,34341.49319498504,67143.37550275029]","[123639.5424040179,33914.87046299428,67336.74269532113]","[122965.12556728254,35024.08956617026,67225.98799463698]","[123380.15131296584,34341.49319498504,67183.37550275029]",76.0,1280,720,1011791,4b6ff68a812088424645b4b80c2d6646ae3d3bc00139d9f51128547c5f837cfc,frames/window-0083-reverse-00005.png,NATIVE_LOADING_AND_MIPS_READY,UNREVIEWED
window-0082-reverse-00000,1056,nudo-0,reverse,99.85935549185358,0.0,"[123380.15131296584,34341.49319498504,67143.37550275029]","[123620.52394607337,33903.87270778022,67336.74269532107]","[122995.55509999377,35041.685974512766,67225.98799463706]","[123380.15131296584,34341.49319498504,67183.37550275029]",76.0,1280,720,1020271,1293da4cb3702e2cc9c9e96e33df6de9dbc80449c787cef5fcbe693c1eb13186,frames/window-0082-reverse-00000.png,NATIVE_LOADING_AND_MIPS_READY,UNREVIEWED
window-0082-reverse-00001,1057,nudo-0,reverse,79.88748439348286,19.971871098370713,"[123297.58363101917,36275.16989344652,67249.75690214297]","[123125.32173068123,35806.53727479901,67443.12409471393]","[123573.20267155988,37024.98208328252,67332.3693940294]","[123297.58363101917,36275.16989344652,67289.75690214297]",76.0,1280,720,1191162,292fa689e81fd4eda7173042e21ca92b15f36cedadbcf62948557e7ce7d25120,frames/window-0082-reverse-00001.png,NATIVE_LOADING_AND_MIPS_READY,UNREVIEWED
window-0082-reverse-00002,1058,nudo-0,reverse,59.915613295112145,39.94374219674143,"[124465.95993262285,37856.61016115429,67356.13830153564]","[124107.59398859988,37508.95437775215,67549.50549410639]","[125039.34544305962,38412.859414597726,67438.75079342246]","[124465.95993262285,37856.61016115429,67396.13830153563]",76.0,1280,720,1167316,a276deba8214ab9614f0d29ab7fd9f64bb85a651c9b9592331dd146d274eeb86,frames/window-0082-reverse-00002.png,NATIVE_LOADING_AND_MIPS_READY,UNREVIEWED
window-0082-reverse-00003,1059,nudo-0,reverse,39.94374219674143,59.915613295112145,"[125897.40827086054,39245.2767894417,67462.5197009283]","[125539.04215421705,38897.621183978044,67655.8868934992]","[126470.79405749014,39801.52575818355,67545.13219281488]","[125897.40827086054,39245.2767894417,67502.5197009283]",76.0,1280,720,1126338,c0455c66c44135c8f4a40fd2fdea6bdd9fa4adfeafd267e9e8ce85ec2c15b2b4,frames/window-0082-reverse-00003.png,NATIVE_LOADING_AND_MIPS_READY,UNREVIEWED
window-0082-reverse-00004,1060,nudo-0,reverse,19.971871098370716,79.88748439348286,"[127328.85664838948,40633.94337722741,67568.90110032096]","[126970.49053174672,40286.28777176301,67762.26829289163]","[127902.2424350179,41190.19234597044,67651.51359220789]","[127328.85664838948,40633.94337722741,67608.90110032096]",76.0,1280,720,1041461,80220ca54794afd064d6b42c922cf56b54283fe96cb911175f8544bdd0fb09e0,frames/window-0082-reverse-00004.png,NATIVE_LOADING_AND_MIPS_READY,UNREVIEWED
window-0082-reverse-00005,1061,nudo-0,reverse,0.0,99.85935549185358,"[128466.39871969819,42252.743098605424,67675.28249971365]","[128340.07093272053,41769.698603961544,67868.64969228441]","[128668.52317886247,43025.614290035635,67757.89499160043]","[128466.39871969819,42252.743098605424,67715.28249971365]",76.0,1280,720,726918,ebbcc9b79488dac0c27d07d93045f3c206e2cde75ae7a93dec3166b51a7c9d2a,frames/window-0082-reverse-00005.png,NATIVE_LOADING_AND_MIPS_READY,UNREVIEWED
window-0081-reverse-00000,1062,accepted-hairpin,reverse,307.73077693184683,0.0,"[111168.4742126929,49808.644354818076,58324.45855342107]","[111451.22690514816,49398.25790713131,58504.03729089398]","[110716.06990476447,50465.26267111691,58429.13257346443]","[111168.4742126929,49808.644354818076,58364.45855342107]",76.0,1280,720,953111,5bb28f23369fed1cc2fbe81257e23f9c117eb25e48260dfee5716371ae821394,frames/window-0081-reverse-00000.png,NATIVE_LOADING_AND_MIPS_READY,UNREVIEWED
window-0081-reverse-00001,1063,accepted-hairpin,reverse,288.4976033736064,19.233173558240424,"[110175.70867462277,51444.86757970905,58496.469066877195]","[110430.25284126274,51017.219459449196,58668.25752813695]","[109768.43800799882,52129.10457212481,58613.60752886159]","[110175.70867462277,51444.86757970905,58536.469066877195]",76.0,1280,720,886717,df6e069bdec0b71113103e5ab0f1557a04f021b64ad52c72937e99ad281160cd,frames/window-0081-reverse-00001.png,NATIVE_LOADING_AND_MIPS_READY,UNREVIEWED
window-0081-reverse-00002,1064,accepted-hairpin,reverse,269.264429815366,38.46634711648085,"[109300.3005861101,53139.7909095028,58693.613276976976]","[109475.61368468551,52674.157122654244,58864.11081226082]","[109019.79962838943,53884.80496846051,58812.81722052283]","[109300.3005861101,53139.7909095028,58733.613276976976]",76.0,1280,720,889648,9fabf0b7a8375592c758279b8a2f5e3795752d4a1f758d7864475bad756ac161,frames/window-0081-reverse-00002.png,NATIVE_LOADING_AND_MIPS_READY,UNREVIEWED
window-0081-reverse-00003,1065,accepted-hairpin,reverse,250.03125625712556,57.69952067472127,"[109035.28014472286,55001.8893670087,58874.70501621434]","[108931.76297571501,54514.231680391626,59056.3100112808]","[109200.90761513541,55782.141665596,58976.137024108015]","[109035.28014472286,55001.8893670087,58914.70501621434]",76.0,1280,720,843449,8b8c10724039ecbf60932171745a17d8a9769990d4f4aeab97fa53bbab318bda,frames/window-0081-reverse-00003.png,NATIVE_LOADING_AND_MIPS_READY,UNREVIEWED
window-0081-reverse-00004,1066,accepted-hairpin,reverse,230.79808269888514,76.9326942329617,"[109805.3407198401,56748.658509506764,59018.69382272041]","[109567.36354926534,56310.53146246048,59201.12313026335]","[110186.10419275971,57449.661784780816,59118.806930651706]","[109805.3407198401,56748.658509506764,59058.69382272041]",76.0,1280,720,757473,3cbd547b27b2d0013f976e283d25091c81a0aaaff8c2bc7a9351f37dbb0db9f4,frames/window-0081-reverse-00004.png,NATIVE_LOADING_AND_MIPS_READY,UNREVIEWED
window-0081-reverse-00005,1067,accepted-hairpin,reverse,211.5649091406447,96.16586779120215,"[109983.66995649166,58508.29403378545,59183.56382059557]","[110308.39534707757,58129.72952173385,59368.31710551528]","[109464.10933155424,59113.997253068024,59279.95856472402]","[109983.66995649166,58508.29403378545,59223.56382059556]",76.0,1280,720,704996,103982ad5d256795d368112c0a83f2ca2f20e0ee87555ee5139be781c198db51,frames/window-0081-reverse-00005.png,NATIVE_LOADING_AND_MIPS_READY,UNREVIEWED
window-0081-reverse-00006,1068,accepted-hairpin,reverse,192.33173558240426,115.39904134944257,"[108215.67793467312,58775.49737628663,59317.331616638025]","[108644.41460587723,59030.7181283523,59504.970614182945]","[107529.69926074652,58367.14417298155,59409.10922056614]","[108215.67793467312,58775.49737628663,59357.331616638025]",76.0,1280,720,873528,0ede06ab26b63c88166fd2211851035f00dc16b91f2623a3d03080ab9e63dd06,frames/window-0081-reverse-00006.png,NATIVE_LOADING_AND_MIPS_READY,UNREVIEWED
window-0081-reverse-00007,1069,accepted-hairpin,reverse,173.09856202416384,134.632214907683,"[106913.04897952772,57379.02274412318,59477.08840055149]","[107232.22560098443,57760.152692631804,59643.551061569415]","[106402.366385197,56769.21482650938,59602.748142922814]","[106913.04897952772,57379.02274412318,59517.08840055148]",76.0,1280,720,1022589,c8b3fae9754d709d819d235c034d7440a13aabf15106f0263017e2511fa5cbe2,frames/window-0081-reverse-00007.png,NATIVE_LOADING_AND_MIPS_READY,UNREVIEWED
window-0081-reverse-00008,1070,accepted-hairpin,reverse,153.86538846592342,153.86538846592342,"[105538.1932040187,56122.81944713476,59709.75751346859]","[106034.03403897706,56118.63803636046,59865.53616038642]","[104744.8478680853,56129.50970437363,59852.51167840007]","[105538.1932040187,56122.81944713476,59749.75751346859]",76.0,1280,720,744520,b9a8dfeced274f638d76564abcb523dae892b2597c7b0f97b5f4186a96c99ebd,frames/window-0081-reverse-00008.png,NATIVE_LOADING_AND_MIPS_READY,UNREVIEWED
window-0081-reverse-00009,1071,accepted-hairpin,reverse,134.632214907683,173.09856202416384,"[104738.6053596512,57496.83784753314,59944.52148527962]","[104555.24756264195,57034.789392441155,60110.752131340996]","[105031.97783486603,58236.11537568031,60070.55245158142]","[104738.6053596512,57496.83784753314,59984.52148527962]",76.0,1280,720,895435,4aace0ac36cd6040c89125bcda4707f52ad6138f9747201f98f837008a54a922,frames/window-0081-reverse-00009.png,NATIVE_LOADING_AND_MIPS_READY,UNREVIEWED
window-0081-reverse-00010,1072,accepted-hairpin,reverse,115.39904134944257,192.33173558240426,"[105995.02039521391,58911.14610954571,60097.205680613755]","[105612.97391502037,58589.48817727499,60293.19190167282]","[106606.29476352358,59425.798801178884,60175.62772691925]","[105995.02039521391,58911.14610954571,60137.20568061375]",76.0,1280,720,931726,7674471f809476a8d5451027eefae4a4d652ad049c433dd6f42bbc9ead9c791e,frames/window-0081-reverse-00010.png,NATIVE_LOADING_AND_MIPS_READY,UNREVIEWED
window-0081-reverse-00011,1073,accepted-hairpin,reverse,96.16586779120213,211.56490914064472,"[107384.52959966206,60237.784757149144,60162.87032687237]","[107007.97455947877,59909.65460618769,60359.6991002625]","[107987.0176639553,60762.79299868747,60239.94428944817]","[107384.52959966206,60237.784757149144,60202.87032687237]",76.0,1280,720,888957,a5db83ba7cdccc2176e5203df20e176ed4b78417717cd27cca8b672bc9275c71,frames/window-0081-reverse-00011.png,NATIVE_LOADING_AND_MIPS_READY,UNREVIEWED
window-0081-reverse-00012,1074,accepted-hairpin,reverse,76.93269423296171,230.79808269888514,"[109013.81336455178,61242.898549534926,60303.99377860673]","[108576.66303877348,61003.18316298298,60486.09752388202]","[109713.2538857971,61626.44316801802,60404.62778616628]","[109013.81336455178,61242.898549534926,60343.99377860673]",76.0,1280,720,901042,682df1076c9b060240c01f4a174a7fd4485fc5db205849d4eb727915998a6207,frames/window-0081-reverse-00012.png,NATIVE_LOADING_AND_MIPS_READY,UNREVIEWED
window-0081-reverse-00013,1075,accepted-hairpin,reverse,57.699520674721285,250.03125625712556,"[110811.47095595575,61889.229751018844,60455.06271668505]","[110330.31560384503,61760.714525497664,60630.6401554753]","[111581.31951933292,62094.85411185273,60566.13881462064]","[110811.47095595575,61889.229751018844,60495.062716685046]",76.0,1280,720,862685,103edc7ad8b3a1563a31656ae67c447da21b12e13856cb7cd5c072e32e9ab7e3,frames/window-0081-reverse-00013.png,NATIVE_LOADING_AND_MIPS_READY,UNREVIEWED
window-0081-reverse-00014,1076,accepted-hairpin,reverse,38.466347116480854,269.264429815366,"[112642.39184644802,62440.59962626417,60649.593337162514]","[112172.1201343177,62282.34447922582,60807.95061491657]","[113394.82658585654,62693.80786152552,60788.22169275603]","[112642.39184644802,62440.59962626417,60689.593337162514]",76.0,1280,720,764779,2f8867d4c53ce3747a67addf148601e1537fa48cdf6538a45950855753e39ebc,frames/window-0081-reverse-00014.png,NATIVE_LOADING_AND_MIPS_READY,UNREVIEWED
window-0081-reverse-00015,1077,accepted-hairpin,reverse,19.233173558240427,288.4976033736064,"[113978.11933784441,63659.42772929527,60882.67633577742]","[113895.68861144544,63169.07797002049,61050.11885367926]","[114110.00850008281,64443.98734413493,61006.76830713449]","[113978.11933784441,63659.42772929527,60922.67633577742]",76.0,1280,720,740786,03ee0eb547869558cc3b3be03151d635411ba558865ed5fb970ccd24fedd2d05,frames/window-0081-reverse-00015.png,NATIVE_LOADING_AND_MIPS_READY,UNREVIEWED
window-0081-reverse-00016,1078,accepted-hairpin,reverse,0.0,307.73077693184683,"[113013.20760390401,65089.257193263395,61011.119253266814]","[113505.19532976182,65001.84854897569,61213.57483794295]","[112226.02724253153,65229.11102412371,61079.19031778499]","[113013.20760390401,65089.257193263395,61051.119253266814]",76.0,1280,720,873240,207b5b16ef4d918f23f71952f062065a20082a4dfe795027b95755bf8d074332,frames/window-0081-reverse-00016.png,NATIVE_LOADING_AND_MIPS_READY,UNREVIEWED
window-0080-reverse-00000,1079,VIAL_TR70190001287-0-interval-9-tile-0,reverse,14.043755011587294,0.0,"[128752.30256545474,187548.630066216,59066.42880213288]","[128271.96183688959,187417.377637807,59331.656940699984]","[129520.84773115897,187758.63395167043,59034.063780425524]","[128752.30256545474,187548.630066216,59106.42880213288]",76.0,1280,720,848876,a6fdd0ca6c0f9d6a128b52204952540a41f146c2edb5ce5fff82d823cd9e123b,frames/window-0080-reverse-00000.png,NATIVE_LOADING_AND_MIPS_READY,UNREVIEWED
window-0080-reverse-00001,1080,VIAL_TR70190001287-0-interval-9-tile-0,reverse,0.0,14.043755011587294,"[130102.6797696948,187917.61873709038,58954.427196194716]","[129621.75898202189,187786.2078083461,59212.458285984634]","[130872.1530299715,188127.87622308123,58933.57745253086]","[130102.6797696948,187917.61873709038,58994.427196194716]",76.0,1280,720,836226,228db877971dd4486a7f4d838d89270fb512904ea0bc7c5e70076d387d4af38c,frames/window-0080-reverse-00001.png,NATIVE_LOADING_AND_MIPS_READY,UNREVIEWED
window-0079-reverse-00000,1081,VIAL_TR70190001287-0-interval-7-tile-0,reverse,3.5123148983298496,0.0,"[132031.79006146383,188444.74540967494,58796.35311246518]","[131551.13974005697,188313.4083864173,59057.89652172941]","[132800.83057571482,188654.88464688716,58769.883657642415]","[132031.79006146383,188444.74540967494,58836.35311246518]",76.0,1280,720,826396,e2f8ccec49811ac3ef4350ca22b8e2174d1c5d0fbbdfafc27f969367e7d7288a,frames/window-0079-reverse-00000.png,NATIVE_LOADING_AND_MIPS_READY,UNREVIEWED
window-0079-reverse-00001,1082,VIAL_TR70190001287-0-interval-7-tile-0,reverse,0.0,3.5123148983298496,"[132369.3843625253,188536.99257727712,58766.62134237316]","[131888.85668968965,188405.6890665933,59029.662528709705]","[133138.22863906235,188747.07819437125,58737.75544423469]","[132369.3843625253,188536.99257727712,58806.62134237316]",76.0,1280,720,823401,af043dd39f2ce45c3e4a4998d2c7df26af196ed8cb8fd6637677d8441621dfe6,frames/window-0079-reverse-00001.png,NATIVE_LOADING_AND_MIPS_READY,UNREVIEWED
window-0078-reverse-00000,1083,VIAL_TR70190001287-0-interval-65-tile-0,reverse,68.80306684780237,0.0,"[136636.31109843263,77939.14023404941,71126.54223399489]","[136378.17737269527,77513.6435141913,71298.3808280051]","[137049.32505961246,78619.9349858224,71243.60048357854]","[136636.31109843263,77939.14023404941,71166.54223399489]",76.0,1280,720,808861,4f8c9d81a6cea72419946c16637743485f0f19587463c85aee7eefc2bbf85995,frames/window-0078-reverse-00000.png,NATIVE_LOADING_AND_MIPS_READY,UNREVIEWED
window-0078-reverse-00001,1084,VIAL_TR70190001287-0-interval-65-tile-0,reverse,51.60230013585178,17.200766711950592,"[137534.50317289203,79396.24684377728,71296.07111288437]","[137273.1460990184,78972.80037794432,71467.22881042225]","[137952.67449108983,80073.76118911001,71414.21879682377]","[137534.50317289203,79396.24684377728,71336.07111288437]",76.0,1280,720,809190,81f6d9c49c8b1322636505edeff5148dea35eeaeca433080b4d516402002ee48,frames/window-0078-reverse-00001.png,NATIVE_LOADING_AND_MIPS_READY,UNREVIEWED
window-0078-reverse-00002,1085,VIAL_TR70190001287-0-interval-65-tile-0,reverse,34.401533423901185,34.401533423901185,"[138433.9941301911,80853.58741101065,71456.48401443305]","[138172.50500837303,80429.92700529576,71630.27471017178]","[138852.3767251,81531.44406015448,71570.4189012511]","[138433.9941301911,80853.58741101065,71496.48401443305]",76.0,1280,720,759902,b4060aafacb14411f641eb6e323a404d7a1d15f019fa5532b3f8644019ab8507,frames/window-0078-reverse-00002.png,NATIVE_LOADING_AND_MIPS_READY,UNREVIEWED
window-0078-reverse-00003,1086,VIAL_TR70190001287-0-interval-65-tile-0,reverse,17.200766711950592,51.60230013585178,"[139333.23935216316,82310.52984181528,71621.78478319914]","[139071.89573253208,81887.10517525341,71792.68219441717]","[139751.38914357292,82988.00930831426,71740.3489252503]","[139333.23935216316,82310.52984181528,71661.78478319914]",76.0,1280,720,708419,15c46e9da611f3a6376d756ad894d44c248409dd47e8e6757a917ba4172b1c90,frames/window-0078-reverse-00003.png,NATIVE_LOADING_AND_MIPS_READY,UNREVIEWED
window-0078-reverse-00004,1087,VIAL_TR70190001287-0-interval-65-tile-0,reverse,0.0,68.80306684780237,"[140170.66437851172,83801.22658489272,71787.27515609105]","[139966.634519768,83347.28827350022,71959.19370237808]","[140497.11215250162,84527.52788312071,71904.2054820318]","[140170.66437851172,83801.22658489272,71827.27515609105]",76.0,1280,720,683543,91737ef712cce447ca14ba9aa500e78827881cc92a49be391b45f742d66d1450,frames/window-0078-reverse-00004.png,NATIVE_LOADING_AND_MIPS_READY,UNREVIEWED
window-0077-reverse-00000,1088,VIAL_TR70190001287-0-interval-63-tile-0,reverse,25.363971464341333,0.0,"[142731.26426226227,89811.90095786005,72178.5697361541]","[142652.59488884834,89318.18767284854,72390.93285918832]","[142857.13525972454,90601.8422138785,72230.78873929933]","[142731.26426226227,89811.90095786005,72218.5697361541]",76.0,1280,720,682604,039cea8eb87ec9822580dfaa45a55be99f4901ee5e315a97fb2a22fff2aeafc3,frames/window-0077-reverse-00000.png,NATIVE_LOADING_AND_MIPS_READY,UNREVIEWED
window-0077-reverse-00001,1089,VIAL_TR70190001287-0-interval-63-tile-0,reverse,12.681985732170666,12.681985732170666,"[142651.35846062942,91059.31143841182,72166.39782528751]","[142797.0669729021,90581.30500415099,72403.09747368268]","[142418.22484099312,91824.12173322916,72179.67838785524]","[142651.35846062942,91059.31143841182,72206.3978252875]",76.0,1280,720,1045585,fb62d53644147a874e8c3143b12e087bb8e0d83726780b23950521325e0f0fdf,frames/window-0077-reverse-00001.png,NATIVE_LOADING_AND_MIPS_READY,UNREVIEWED
window-0077-reverse-00002,1090,VIAL_TR70190001287-0-interval-63-tile-0,reverse,0.0,25.363971464341333,"[142280.5380789854,92271.11189486459,72117.88740975277]","[142426.7482515203,91793.43617068758,72359.06494453126]","[142046.60180292957,93035.39305354778,72124.00335410719]","[142280.5380789854,92271.11189486459,72157.88740975276]",76.0,1280,720,1108676,23d29052a75cc81f3a1a0ed71266cc6ee849a43c099848e2c757cf4c71374760,frames/window-0077-reverse-00002.png,NATIVE_LOADING_AND_MIPS_READY,UNREVIEWED
window-0076-reverse-00000,1091,VIAL_TR70190001287-0-interval-61-tile-0,reverse,18.51108189403071,0.0,"[138162.37276523025,97296.64285080507,71662.6633285609]","[138448.7568410915,96888.7244472106,71922.49719734142]","[137704.15824385223,97949.31229655624,71638.92913851205]","[138162.37276523025,97296.64285080507,71702.66332856088]",76.0,1280,720,1003548,079454321d8c3e699d4ffec777be7df9322114fed32a28dbb0c674d35aab0c75,frames/window-0076-reverse-00000.png,NATIVE_LOADING_AND_MIPS_READY,UNREVIEWED
window-0076-reverse-00001,1092,VIAL_TR70190001287-0-interval-61-tile-0,reverse,0.0,18.51108189403071,"[137382.0589470968,98966.51516277343,71528.89034276624]","[137578.18648913436,98507.7880782943,71782.10854891276]","[137068.25487983675,99700.47849794004,71515.74121293184]","[137382.0589470968,98966.51516277343,71568.89034276624]",76.0,1280,720,973050,6ce10f088dddf84433092179185d145412a68ca3d9eea33b4224603cd91c62d2,frames/window-0076-reverse-00001.png,NATIVE_LOADING_AND_MIPS_READY,UNREVIEWED
window-0075-reverse-00000,1093,VIAL_TR70190001287-0-interval-59-tile-0,reverse,7.015279324676928,0.0,"[137077.31676187832,100310.77165734023,71434.82725960044]","[137103.7983560805,99812.635137442,71688.86742282282]","[137034.94621115483,101107.79008917738,71420.36299844463]","[137077.31676187832,100310.77165734023,71474.82725960042]",76.0,1280,720,927840,385345b44a353fe470c34eed3354d64ae2c70b1af38b97f828d7d19db6e9a85c,frames/window-0075-reverse-00000.png,NATIVE_LOADING_AND_MIPS_READY,UNREVIEWED
window-0075-reverse-00001,1094,VIAL_TR70190001287-0-interval-59-tile-0,reverse,0.0,7.015279324676928,"[137040.15942862607,101009.72597682849,71387.67418018555]","[137066.6444123133,100511.52569970234,71640.76541030037]","[136997.78345472648,101806.84642023033,71374.72821200186]","[137040.15942862607,101009.72597682849,71427.67418018555]",76.0,1280,720,947734,42211af13572f909a30b2ecd8224439f44220ceecabf10147858da80bdea04b5,frames/window-0075-reverse-00001.png,NATIVE_LOADING_AND_MIPS_READY,UNREVIEWED
window-0074-reverse-00000,1095,VIAL_TR70190001287-0-interval-57-tile-0,reverse,13.507865733311261,0.0,"[136739.20857568155,103983.04430944845,71171.70638774127]","[136866.32200866134,103500.73107173752,71426.57924086392]","[136535.8270829139,104754.74548978591,71155.90982274504]","[136739.20857568155,103983.04430944845,71211.70638774127]",76.0,1280,720,1105518,560384d743734d9cfb88157ffdc4619a73f393100b043acb61663a848076d040,frames/window-0074-reverse-00000.png,NATIVE_LOADING_AND_MIPS_READY,UNREVIEWED
window-0074-reverse-00001,1096,VIAL_TR70190001287-0-interval-57-tile-0,reverse,0.0,13.507865733311261,"[136360.14470974915,105274.32669615373,71078.21187575556]","[136571.19081326816,104822.56576404946,71335.24702681132]","[136022.47094411874,105997.14418752058,71058.95563406635]","[136360.14470974915,105274.32669615373,71118.21187575556]",76.0,1280,720,1180864,58fdd7d2140e59ba0d2f6c1fa358454dec3ff6522c39134a9a6f904842eea5cc,frames/window-0074-reverse-00001.png,NATIVE_LOADING_AND_MIPS_READY,UNREVIEWED
window-0073-reverse-00000,1097,VIAL_TR70190001287-0-interval-55-tile-0,reverse,10.525139418884903,0.0,"[135448.16679813084,106940.14754723758,70937.67283883716]","[135689.04040979012,106503.38474850118,71192.57499989016]","[135062.769019476,107638.96802521581,70921.82938115238]","[135448.16679813084,106940.14754723758,70977.67283883716]",76.0,1280,720,1206748,ceb0217161852aaf1f2ebd0fe93444f4920f24bc8a954386d13bf3dc1e8f2248,frames/window-0073-reverse-00000.png,NATIVE_LOADING_AND_MIPS_READY,UNREVIEWED
window-0073-reverse-00001,1098,VIAL_TR70190001287-0-interval-55-tile-0,reverse,0.0,10.525139418884903,"[134941.1378458899,107859.51510714367,70863.7112274561]","[135181.9838300024,107422.80240308619,71119.42153481518]","[134555.78427130988,108558.25543363564,70846.57473568154]","[134941.1378458899,107859.51510714367,70903.71122745608]",76.0,1280,720,1234962,66b93d6eb3fd54afcb65f41d25b477a5d0e47483dfcb039395aa76951bc0b051,frames/window-0073-reverse-00001.png,NATIVE_LOADING_AND_MIPS_READY,UNREVIEWED
window-0072-reverse-00000,1099,VIAL_TR70190001287-0-interval-53-tile-0,reverse,1.501348316170724,0.0,"[134480.73567097308,108690.24462327361,70797.19220395263]","[134728.64175235282,108257.37559551444,71051.35328739244]","[134084.0859407655,109382.83506768828,70782.53447044893]","[134480.73567097308,108690.24462327361,70837.19220395263]",76.0,1280,720,1254954,af43d76ed8280d889a20e90aeaa266682dc9c13d0cd0b0ed149b82257ea99477,frames/window-0072-reverse-00000.png,NATIVE_LOADING_AND_MIPS_READY,UNREVIEWED
window-0072-reverse-00001,1100,VIAL_TR70190001287-0-interval-53-tile-0,reverse,0.0,1.501348316170724,"[134405.50284975325,108819.76424306631,70786.96745682527]","[134658.92116294353,108390.08131364026,71040.90473278612]","[134000.0335486488,109507.256930148,70772.66781528792]","[134405.50284975325,108819.76424306631,70826.96745682527]",76.0,1280,720,1262911,5f2d68dd193c44beb6e2283500ac719a0260fd80ef2a49ada962e8a8794a69af,frames/window-0072-reverse-00001.png,NATIVE_LOADING_AND_MIPS_READY,UNREVIEWED
window-0071-reverse-00000,1101,VIAL_TR70190001287-0-interval-51-tile-0,reverse,42.59859201586126,0.0,"[133854.36905645765,109591.56586853787,70719.3089486824]","[134155.3337827575,109194.03438453637,70976.5776050955]","[133372.82549437793,110227.61624294028,70699.67909842145]","[133854.36905645765,109591.56586853787,70759.3089486824]",76.0,1280,720,1224354,3a1daaadd31c24402748596b11f16fe103521e3ff48ae0dcb6616a787af8f29a,frames/window-0071-reverse-00000.png,NATIVE_LOADING_AND_MIPS_READY,UNREVIEWED
window-0071-reverse-00001,1102,VIAL_TR70190001287-0-interval-51-tile-0,reverse,28.399061343907505,14.199530671953752,"[132950.67885019872,110680.046412059,70618.14786395655]","[133296.74863911865,110320.7506232352,70871.94486575248]","[132396.9671879268,111254.9196741771,70604.07266108305]","[132950.67885019872,110680.046412059,70658.14786395653]",76.0,1280,720,1255718,046bb3891bb5a333850beadb978edb5c4b35bb7e653b7bb6109e100119f92c79,frames/window-0071-reverse-00001.png,NATIVE_LOADING_AND_MIPS_READY,UNREVIEWED
window-0071-reverse-00002,1103,VIAL_TR70190001287-0-interval-51-tile-0,reverse,14.199530671953752,28.399061343907505,"[131961.33591959116,111693.55941522306,70517.80193692852]","[132321.26243406738,111348.52212525895,70775.24753361547]","[131385.45349642925,112245.61907916564,70497.88898222939]","[131961.33591959116,111693.55941522306,70557.80193692852]",76.0,1280,720,1278955,b9d2aa67f0c7a62ef18ff967dc2de61616fe02a4f7bcab1b1fdc6096a4ea2a9f,frames/window-0071-reverse-00002.png,NATIVE_LOADING_AND_MIPS_READY,UNREVIEWED
window-0071-reverse-00003,1104,VIAL_TR70190001287-0-interval-51-tile-0,reverse,0.0,42.59859201586126,"[130905.14368810691,112636.26603204757,70408.8200592716]","[131278.41353850524,112305.66293834982,70665.8499555863]","[130307.91192746955,113165.23098196399,70389.5722251681]","[130905.14368810691,112636.26603204757,70448.8200592716]",76.0,1280,720,1275012,b42f25bcb99dc8cd64320caf79c96b3acb5cbb20cd0f72334c67a1aba71db21b,frames/window-0071-reverse-00003.png,NATIVE_LOADING_AND_MIPS_READY,UNREVIEWED
window-0070-reverse-00000,1105,VIAL_TR70190001287-0-interval-5-tile-0,reverse,39.0723623050658,0.0,"[142838.68252283428,192637.66372855753,57886.10528148224]","[142392.91899763423,192413.88791471953,58141.02325310663]","[143551.90416315437,192995.70503069833,57870.23652688323]","[142838.68252283428,192637.66372855753,57926.10528148224]",76.0,1280,720,894957,c3662f89b9f0060db0f55151b868f8eed59996e26269f2a52df5e89b81ee1c5d,frames/window-0070-reverse-00000.png,NATIVE_LOADING_AND_MIPS_READY,UNREVIEWED
window-0070-reverse-00001,1106,VIAL_TR70190001287-0-interval-5-tile-0,reverse,19.5361811525329,19.5361811525329,"[144580.5997594606,193512.11604623756,57753.1868356828]","[144134.6646150981,193288.25407674923,58005.24406012907]","[145294.0959904406,193870.29519741892,57741.89527656876]","[144580.5997594606,193512.11604623756,57793.1868356828]",76.0,1280,720,885266,ec298de494012ec3a4c636b5ece90ac1d4b302b0176399cf53c43ccb7859dab3,frames/window-0070-reverse-00001.png,NATIVE_LOADING_AND_MIPS_READY,UNREVIEWED
window-0070-reverse-00002,1107,VIAL_TR70190001287-0-interval-5-tile-0,reverse,0.0,39.0723623050658,"[146323.85548153543,194387.2402910143,57644.74446328875]","[145877.54370391308,194163.1892513558,57889.38038794188]","[147037.95432573117,194745.72195446797,57645.32698384373]","[146323.85548153543,194387.2402910143,57684.74446328875]",76.0,1280,720,873501,19906b1da272922f028c23b46716d96085494a47659105ba2245b9aa917c1bbe,frames/window-0070-reverse-00002.png,NATIVE_LOADING_AND_MIPS_READY,UNREVIEWED
window-0069-reverse-00000,1108,VIAL_TR70190001287-0-interval-49-tile-0,reverse,8.007245404481887,0.0,"[126773.98445188883,114178.22540104389,70054.7973669111]","[127271.8285837994,114210.14855179487,70308.44454760026]","[125977.4338408319,114127.14835984232,70040.96187780844]","[126773.98445188883,114178.22540104389,70094.79736691108]",76.0,1280,720,1146587,4021755344079dc6841114e395648cc8936c8e05506f2a705277a6049ea6e973,frames/window-0069-reverse-00000.png,NATIVE_LOADING_AND_MIPS_READY,UNREVIEWED
window-0069-reverse-00001,1109,VIAL_TR70190001287-0-interval-49-tile-0,reverse,0.0,8.007245404481887,"[125976.02324019535,114131.87564872205,70007.83606093856]","[126475.00150774524,114149.32773174628,70254.59635449138]","[125177.65801211554,114103.95231588329,70005.01959125402]","[125976.02324019535,114131.87564872205,70047.83606093856]",76.0,1280,720,1135605,2ff6f692fef75868f0cbf4efca48f320e8c7804ed12a9199d3031e25d8fc5fc1,frames/window-0069-reverse-00001.png,NATIVE_LOADING_AND_MIPS_READY,UNREVIEWED
window-0068-reverse-00000,1110,VIAL_TR70190001287-0-interval-45-tile-0,reverse,42.888802524742346,0.0,"[115887.00218355516,116371.84361713007,69233.35689385544]","[116385.34053354729,116361.53130899102,69492.75924439408]","[115089.66082356776,116388.34331015257,69210.31313299363]","[115887.00218355516,116371.84361713007,69273.35689385544]",76.0,1280,720,1034234,46b75e07c31e0a9902907b541f900c705bed49f00711e038391afb62ef198171,frames/window-0068-reverse-00000.png,NATIVE_LOADING_AND_MIPS_READY,UNREVIEWED
window-0068-reverse-00001,1111,VIAL_TR70190001287-0-interval-45-tile-0,reverse,28.592535016494896,14.29626750824745,"[114592.46785077605,116891.68654826233,69101.757296287]","[114906.39626182792,116505.08801860774,69366.37264794267]","[114090.18239309305,117510.24419570967,69070.37273363795]","[114592.46785077605,116891.68654826233,69141.757296287]",76.0,1280,720,1014915,b8eda1a0db3321c131bb78b8630a65510de027c5e3d091d254015e060073200f,frames/window-0068-reverse-00001.png,NATIVE_LOADING_AND_MIPS_READY,UNREVIEWED
window-0068-reverse-00002,1112,VIAL_TR70190001287-0-interval-45-tile-0,reverse,14.296267508247448,28.5925350164949,"[114176.90246132086,118218.11682853509,69016.51609463753]","[114145.90444334917,117719.70913025932,69261.59375763222]","[114226.49929007555,119015.56914577632,69016.39183384604]","[114176.90246132086,118218.11682853509,69056.51609463753]",76.0,1280,720,881546,891f8b95374395626ac30b2e3f2ee8513db44438c12d2c10fb7e6459074bb304,frames/window-0068-reverse-00002.png,NATIVE_LOADING_AND_MIPS_READY,UNREVIEWED
window-0068-reverse-00003,1113,VIAL_TR70190001287-0-interval-45-tile-0,reverse,0.0,42.888802524742346,"[114700.98788439063,119525.07928777486,68928.73400321293]","[114454.6799560999,119091.204423055,69181.67343589554]","[115095.08056965578,120219.27907132664,68916.03091092074]","[114700.98788439063,119525.07928777486,68968.73400321291]",76.0,1280,720,824999,43d66e8398493aab437835369c51e16266234537c3d7f517bbce667b4f3513dc,frames/window-0068-reverse-00003.png,NATIVE_LOADING_AND_MIPS_READY,UNREVIEWED
window-0067-reverse-00000,1114,VIAL_TR70190001287-0-interval-43-tile-0,reverse,78.69525999713792,0.0,"[115491.9416267483,120678.60426800326,68828.10169681053]","[115202.46691682859,120272.61239632673,69085.18258743497]","[115955.10116261985,121328.1912626857,68808.77227181142]","[115491.9416267483,120678.60426800326,68868.10169681053]",76.0,1280,720,813842,71242698556f9788155c0085ab2935a2d0413328200159ae60e4e4380ba4878d,frames/window-0067-reverse-00000.png,NATIVE_LOADING_AND_MIPS_READY,UNREVIEWED
window-0067-reverse-00001,1115,VIAL_TR70190001287-0-interval-43-tile-0,reverse,59.02144499785344,19.67381499928448,"[116631.15937506733,122276.37129268423,68687.01668811934]","[116341.65807220154,121870.34212415235,68943.4763910846]","[117094.36145965262,122926.01796233523,68668.68116337495]","[116631.15937506733,122276.37129268423,68727.01668811934]",76.0,1280,720,812341,1a765babaff51ff57c60749256daa7503502d49cf52fe354f80805c6a9a5b96c,frames/window-0067-reverse-00001.png,NATIVE_LOADING_AND_MIPS_READY,UNREVIEWED
window-0067-reverse-00002,1116,VIAL_TR70190001287-0-interval-43-tile-0,reverse,39.34762999856896,39.34762999856896,"[117770.10839966331,123873.76142899795,68539.63676350174]","[117480.65692615474,123467.80214683912,68797.25199595884]","[118233.23075727704,124523.29628045208,68519.45239157038]","[117770.10839966331,123873.76142899795,68579.63676350174]",76.0,1280,720,802316,e10fae79d2f3accf2505b3fd4aa4bf7f30cfe7cb64b66a08754f927613522cf3,frames/window-0067-reverse-00002.png,NATIVE_LOADING_AND_MIPS_READY,UNREVIEWED
window-0067-reverse-00003,1117,VIAL_TR70190001287-0-interval-43-tile-0,reverse,19.67381499928448,59.02144499785344,"[118944.40774346526,125443.93814145392,68393.70088229509]","[118610.74763957965,125073.61028136202,68652.79322316645]","[119478.26390968224,126036.46271760097,68371.1531369009]","[118944.40774346526,125443.93814145392,68433.70088229507]",76.0,1280,720,767000,834dd99366c9171222aa4587af9e65869e9396ac576933003746aa8c31763c6b,frames/window-0067-reverse-00003.png,NATIVE_LOADING_AND_MIPS_READY,UNREVIEWED
window-0067-reverse-00004,1118,VIAL_TR70190001287-0-interval-43-tile-0,reverse,0.0,78.69525999713792,"[120263.57556451112,126896.69568482786,68252.87868167354]","[119928.35737510107,126527.57611289335,68510.02039815937]","[120799.92466756723,127487.28699992309,68233.45193529622]","[120263.57556451112,126896.69568482786,68292.87868167354]",76.0,1280,720,763512,e9eb9bb5523edc5e66a345afc50c0bb15b60d70508e3cc33841360394013f187,frames/window-0067-reverse-00004.png,NATIVE_LOADING_AND_MIPS_READY,UNREVIEWED
window-0066-reverse-00000,1119,VIAL_TR70190001287-0-interval-41-tile-0,reverse,4.514611922230764,0.0,"[122824.71608914202,130498.2403642498,67912.86428245017]","[122635.92647901751,130037.07128387436,68173.87114059272]","[123126.77946534124,131236.11089285047,67887.25330942211]","[122824.71608914202,130498.2403642498,67952.86428245017]",76.0,1280,720,893053,99ed0d34f784f59d85ce19cc6e38de44fd36c932fa8db8333ae2e5e547e46c45,frames/window-0066-reverse-00000.png,NATIVE_LOADING_AND_MIPS_READY,UNREVIEWED
window-0066-reverse-00001,1120,VIAL_TR70190001287-0-interval-41-tile-0,reverse,0.0,4.514611922230764,"[122994.6339973365,130914.8794170469,67876.02732804742]","[122806.52864938775,130453.40690095148,68136.76422731137]","[123295.60255405447,131653.23544279957,67850.84828922508]","[122994.6339973365,130914.8794170469,67916.02732804742]",76.0,1280,720,914692,a7d9c04cf81ac70c6d67a2ad490608f171bd5f0673774a646ee4768241b33086,frames/window-0066-reverse-00001.png,NATIVE_LOADING_AND_MIPS_READY,UNREVIEWED
window-0065-reverse-00000,1121,VIAL_TR70190001287-0-interval-39-tile-0,reverse,17.947030527694285,0.0,"[123949.10503134015,135032.6056594029,67557.02647838098]","[123869.38679809359,134540.38506344645,67813.95733545613]","[124076.65420453466,135820.15861293324,67537.93710706077]","[123949.10503134015,135032.6056594029,67597.02647838098]",76.0,1280,720,1038131,dfadd2c84c604ff7cd986bbbc600e5e5bc28672870271bbd9150208e1d7d684b,frames/window-0065-reverse-00000.png,NATIVE_LOADING_AND_MIPS_READY,UNREVIEWED
window-0065-reverse-00001,1122,VIAL_TR70190001287-0-interval-39-tile-0,reverse,0.0,17.947030527694285,"[123886.45816578064,136798.74658416957,67426.54399032267]","[123995.70350461436,136312.1092647256,67681.8933222467]","[123711.66562364672,137577.36629527994,67409.98505924422]","[123886.45816578064,136798.74658416957,67466.54399032267]",76.0,1280,720,1236548,fb1fd23603c16b7670f50646d55a37514e67700ff37a0e7cabd63a137399a9d8,frames/window-0065-reverse-00001.png,NATIVE_LOADING_AND_MIPS_READY,UNREVIEWED
window-0064-reverse-00000,1123,VIAL_TR70190001287-0-interval-37-tile-0,reverse,17.54824313344447,0.0,"[122477.06328455824,139303.7620381452,67191.06948809975]","[122747.45465272409,138884.97223253117,67449.84585635632]","[122044.43709549289,139973.82572712767,67169.02729888921]","[122477.06328455824,139303.7620381452,67231.06948809975]",76.0,1280,720,1190559,7ef7bfee16ed1e75711a776b12980ec6823c1f87c60621eef76fd23225fb276d,frames/window-0064-reverse-00000.png,NATIVE_LOADING_AND_MIPS_READY,UNREVIEWED
window-0064-reverse-00001,1124,VIAL_TR70190001287-0-interval-37-tile-0,reverse,0.0,17.54824313344447,"[121491.97211458813,140749.672168307,67057.91623079669]","[121777.6843309284,140340.79801230697,67312.41918703531]","[121034.83256844371,141403.87081790704,67042.71150081491]","[121491.97211458813,140749.672168307,67097.91623079669]",76.0,1280,720,1188626,eec2a5f064b094812e6d31d1d76444d8961a2d12cd14555cf3a13ec73c7eba38,frames/window-0064-reverse-00001.png,NATIVE_LOADING_AND_MIPS_READY,UNREVIEWED
window-0063-reverse-00000,1125,VIAL_TR70190001287-0-interval-35-tile-0,reverse,0.9954225953047601,0.0,"[117995.88743768982,144855.17201963812,66661.35225822245]","[118369.19921546266,144524.8320551251,66920.26015487114]","[117398.58859325327,145383.71596285893,66639.09962358455]","[117995.88743768982,144855.17201963812,66701.35225822245]",76.0,1280,720,1189546,ad8ee3f6d09001a5390b7d5314f70c09eb22368cd0f95de24758e1b1d923001c,frames/window-0063-reverse-00000.png,NATIVE_LOADING_AND_MIPS_READY,UNREVIEWED
window-0063-reverse-00001,1126,VIAL_TR70190001287-0-interval-35-tile-0,reverse,0.0,0.9954225953047601,"[117920.98339922959,144920.26454992592,66653.59239009107]","[118300.15575705524,144596.6851812982,66912.63999257081]","[117314.30762670854,145437.99153973028,66631.11622612349]","[117920.98339922959,144920.26454992592,66693.59239009107]",76.0,1280,720,1181997,bebd7910b7ae7764c2c517cc087dfe245ef5153102e37b964a87ddcf1825bcfe,frames/window-0063-reverse-00001.png,NATIVE_LOADING_AND_MIPS_READY,UNREVIEWED
window-0062-reverse-00000,1127,VIAL_TR70190001287-0-interval-33-tile-0,reverse,48.32869984360731,0.0,"[114929.80517284013,146151.19064636528,66416.35178245141]","[115409.6489849009,146016.12676557832,66675.18043339066]","[114162.05507354291,146367.29285562443,66394.2259409486]","[114929.80517284013,146151.19064636528,66456.35178245141]",76.0,1280,720,849808,06e74cb7968fab545679be1cd93887e945975234ac45bd93fa291a872bc5fdc9,frames/window-0062-reverse-00000.png,NATIVE_LOADING_AND_MIPS_READY,UNREVIEWED
window-0062-reverse-00001,1128,VIAL_TR70190001287-0-interval-33-tile-0,reverse,32.21913322907154,16.109566614535773,"[113494.73536224152,146851.2610989405,66291.07691019835]","[113875.63014878509,146529.59755384453,66549.17842381976]","[112885.30370377185,147365.92277109402,66270.11448840411]","[113494.73536224152,146851.2610989405,66331.07691019835]",76.0,1280,720,836003,b2eef62916dc692b9e1dd7c79b4fcac7085a0566a1b52511bb67951e137ace74,frames/window-0062-reverse-00001.png,NATIVE_LOADING_AND_MIPS_READY,UNREVIEWED
window-0062-reverse-00002,1129,VIAL_TR70190001287-0-interval-33-tile-0,reverse,16.10956661453577,32.219133229071545,"[112766.74751605914,148237.5477094692,66165.69922238734]","[112842.10400209918,147744.9213015772,66426.20381791871]","[112646.17713839511,149025.74996209634,66140.89186953715]","[112766.74751605914,148237.5477094692,66205.69922238734]",76.0,1280,720,992399,7bd9a77383b0b654894b0eb44c5cd98df4d01bf333406178c7b92473a6f865d2,frames/window-0062-reverse-00002.png,NATIVE_LOADING_AND_MIPS_READY,UNREVIEWED
window-0062-reverse-00003,1130,VIAL_TR70190001287-0-interval-33-tile-0,reverse,0.0,48.32869984360731,"[112868.63411288941,149834.92349218577,66039.09524133152]","[112808.58103431875,149339.84450560022,66295.0177244806]","[112964.71903860249,150627.0498707227,66021.61926829303]","[112868.63411288941,149834.92349218577,66079.09524133152]",76.0,1280,720,1064731,778e7bb514a5923f1e11b8bea39b711725fde5bdfde8e52d8a3fd045a5b8ca8c,frames/window-0062-reverse-00003.png,NATIVE_LOADING_AND_MIPS_READY,UNREVIEWED
window-0061-reverse-00000,1131,VIAL_TR70190001287-0-interval-31-tile-0,reverse,3.49569394782859,0.0,"[112923.13069729134,152319.34714354575,65849.55895975858]","[113032.6644281462,151832.86731271743,66106.1613640824]","[112747.87672792359,153097.71487287103,65830.99511284045]","[112923.13069729134,152319.34714354575,65889.55895975858]",76.0,1280,720,1123606,6854867f203cc986eea6f0692a89ad6fc01a0be7e071d708fb2b8d7ba368aff4,frames/window-0061-reverse-00000.png,NATIVE_LOADING_AND_MIPS_READY,UNREVIEWED
window-0061-reverse-00001,1132,VIAL_TR70190001287-0-interval-31-tile-0,reverse,0.0,3.49569394782859,"[112828.63133274368,152654.78752758354,65824.25152673703]","[112980.19604884111,152179.65695891765,66080.01574843307]","[112586.12778698778,153414.99643744898,65807.02877202336]","[112828.63133274368,152654.78752758354,65864.25152673703]",76.0,1280,720,1099044,919f87ee5a9d73b570de3812c9412d693c0f8b26a9b1b98cd501d37855052067,frames/window-0061-reverse-00001.png,NATIVE_LOADING_AND_MIPS_READY,UNREVIEWED
window-0060-reverse-00000,1133,VIAL_TR70190001287-0-interval-3-tile-0,reverse,67.0395195889639,0.0,"[153249.51969434624,197863.96294739097,57213.40793364143]","[152803.26596721157,197639.94104943515,57459.32704347724]","[153963.52565776173,198222.3979841203,57211.93735790413]","[153249.51969434624,197863.96294739097,57253.40793364143]",76.0,1280,720,856295,818012f0ec6368c897ebd8d7b018eba3806f45ab36f819afd4de07ebafdd9508,frames/window-0060-reverse-00000.png,NATIVE_LOADING_AND_MIPS_READY,UNREVIEWED
window-0060-reverse-00001,1134,VIAL_TR70190001287-0-interval-3-tile-0,reverse,50.27963969172292,16.759879897240978,"[154814.66056837147,198446.09371963167,57128.129847864315]","[154336.016736064,198303.7076187217,57373.1554360023]","[155580.49070006347,198673.91148108762,57128.088906843564]","[154814.66056837147,198446.09371963167,57168.129847864315]",76.0,1280,720,874285,0e8e4b4220ce03d263bbfa40828a0ee601962bfca89b091d3d9a4bf47bfbc512,frames/window-0060-reverse-00001.png,NATIVE_LOADING_AND_MIPS_READY,UNREVIEWED
window-0060-reverse-00002,1135,VIAL_TR70190001287-0-interval-3-tile-0,reverse,33.51975979448195,33.51975979448195,"[156450.23753875092,198796.8488577749,57049.46591842686]","[155958.67775540313,198708.10273811442,57291.67190051032]","[157236.73319210735,198938.84264923166,57053.936347093324]","[156450.23753875092,198796.8488577749,57089.46591842685]",76.0,1280,720,899704,011be54e1141048fae2a106dc2c6e1610ee7824a4b832b09a27a80e45f36a46c,frames/window-0060-reverse-00002.png,NATIVE_LOADING_AND_MIPS_READY,UNREVIEWED
window-0060-reverse-00003,1136,VIAL_TR70190001287-0-interval-3-tile-0,reverse,16.759879897240975,50.27963969172292,"[158097.74504224383,199094.2895817646,56970.87103526487]","[157606.19185964228,199005.54465379124,57213.227386336985]","[158884.23013440636,199236.28146652202,56975.100873549505]","[158097.74504224383,199094.2895817646,57010.87103526487]",76.0,1280,720,866220,e6f107e3d4a8fe7fe125a41af761e2a23b284612a0f8f0ac80113aadb352b32a,frames/window-0060-reverse-00003.png,NATIVE_LOADING_AND_MIPS_READY,UNREVIEWED
window-0060-reverse-00004,1137,VIAL_TR70190001287-0-interval-3-tile-0,reverse,0.0,67.0395195889639,"[159745.49504207098,199391.77408600226,56897.68966726135]","[159253.88351884007,199303.0186252216,57138.67962696137]","[160532.0734792404,199533.78282325133,56904.105731741336]","[159745.49504207098,199391.77408600226,56937.68966726135]",76.0,1280,720,880472,71299d4e57556ec76dbbeb7551815fafd109990dfd0a569d488113955d3f87fa,frames/window-0060-reverse-00004.png,NATIVE_LOADING_AND_MIPS_READY,UNREVIEWED
window-0059-reverse-00000,1138,VIAL_TR70190001287-0-interval-29-tile-0,reverse,42.13338821007985,0.0,"[112400.9536049969,153987.73995880038,65725.6025965343]","[112553.29355626306,153512.94122206245,65982.46312881893]","[112157.20968297105,154747.41793758105,65706.62574487891]","[112400.9536049969,153987.73995880038,65765.6025965343]",76.0,1280,720,1084842,7553c16214f81d49e0f1ec3c845165054ee6d148a0847563eb0dfe32460e28ce,frames/window-0059-reverse-00000.png,NATIVE_LOADING_AND_MIPS_READY,UNREVIEWED
window-0059-reverse-00001,1139,VIAL_TR70190001287-0-interval-29-tile-0,reverse,28.088925473386567,14.044462736693283,"[111973.55755793524,155319.80749645774,65601.84656040721]","[112125.71403856276,154845.5805819608,65866.08725400204]","[111730.10718893122,156078.57055965287,65571.06145065548]","[111973.55755793524,155319.80749645774,65641.8465604072]",76.0,1280,720,978816,44937b86eb0bbfe9e5d0ece0184659672b2264182ebd4aa54abc36b9558b854c,frames/window-0059-reverse-00001.png,NATIVE_LOADING_AND_MIPS_READY,UNREVIEWED
window-0059-reverse-00002,1140,VIAL_TR70190001287-0-interval-29-tile-0,reverse,14.044462736693283,28.088925473386567,"[111658.33159930298,156678.0390127294,65482.194103548485]","[111707.37354410489,156182.22956365743,65744.24024321667]","[111579.86448761993,157471.33413124454,65454.92028007941]","[111658.33159930298,156678.0390127294,65522.194103548485]",76.0,1280,720,1078209,4402b57bb53193ea9a92f932a77f58492d47d9b77e262a6f72d9206a0d18d2d0,frames/window-0059-reverse-00002.png,NATIVE_LOADING_AND_MIPS_READY,UNREVIEWED
window-0059-reverse-00003,1141,VIAL_TR70190001287-0-interval-29-tile-0,reverse,0.0,42.13338821007985,"[111524.31204945897,158070.301574748,65355.40065199204]","[111571.90601570814,157574.92162087973,65623.70712859865]","[111448.16170346028,158862.90950093724,65318.11028942147]","[111524.31204945897,158070.301574748,65395.40065199203]",76.0,1280,720,1070645,e6001cb37340e8708f04abe2d8008eb15008b3fb7162a8a6b0273c6f46336802,frames/window-0059-reverse-00003.png,NATIVE_LOADING_AND_MIPS_READY,UNREVIEWED
window-0058-reverse-00000,1142,VIAL_TR70190001287-0-interval-27-tile-0,reverse,6.018776515957896,0.0,"[111390.4338419321,159463.7677056715,65223.42283846657]","[111438.06991794947,158967.9494557232,65486.95520894956]","[111314.21612030429,160257.07690558876,65193.77104569378]","[111390.4338419321,159463.7677056715,65263.42283846657]",76.0,1280,720,1046331,1409d35328c7d431344bbe549073cf45d9990970cf60f58c59b9faf8be76deaf,frames/window-0058-reverse-00000.png,NATIVE_LOADING_AND_MIPS_READY,UNREVIEWED
window-0058-reverse-00001,1143,VIAL_TR70190001287-0-interval-27-tile-0,reverse,0.0,6.018776515957896,"[111327.22945929272,160060.0828530267,65172.36175568048]","[111394.86302100163,159566.39198391492,65433.53246233253]","[111219.01576055848,160849.98824360553,65146.488625037215]","[111327.22945929272,160060.0828530267,65212.36175568048]",76.0,1280,720,1024284,0a00ce304ea0ae6b88fb636c515f6efac9f0fd5f88af108b1a03fc307e01d1b0,frames/window-0058-reverse-00001.png,NATIVE_LOADING_AND_MIPS_READY,UNREVIEWED
window-0057-reverse-00000,1144,VIAL_TR70190001287-0-interval-25-tile-1,reverse,2.5092359701594895,0.0,"[110899.88680558745,162166.39056662098,64999.24178334517]","[111001.52870663846,161678.7529132258,65262.58279097061]","[110737.25976390584,162946.61081205326,64969.89617114446]","[110899.88680558745,162166.39056662098,65039.24178334516]",76.0,1280,720,949243,38e14ed705ca5f6cb10280f61a9e15728f56fc499b766ef72c7e8ede9597b5b7,frames/window-0057-reverse-00000.png,NATIVE_LOADING_AND_MIPS_READY,UNREVIEWED
window-0057-reverse-00001,1145,VIAL_TR70190001287-0-interval-25-tile-1,reverse,0.0,2.5092359701594895,"[110848.87812244124,162411.1100602895,64977.49016596808]","[110950.52314804865,161923.45741743603,65240.65483540128]","[110686.24608146936,163191.35428885507,64948.426694874965]","[110848.87812244124,162411.1100602895,65017.49016596808]",76.0,1280,720,944487,702e68276650530ddd74f182470fbe165423c6e9d07713de2e68b75f85e824e9,frames/window-0057-reverse-00001.png,NATIVE_LOADING_AND_MIPS_READY,UNREVIEWED
window-0056-reverse-00000,1146,VIAL_TR70190001287-0-interval-25-tile-0,reverse,98.98197059872894,0.0,"[110848.87812244124,162411.1100602895,64977.49016596808]","[110950.52870643997,161923.43074870956,65240.339294659876]","[110686.23718804326,163191.39695881738,64948.931560061224]","[110848.87812244124,162411.1100602895,65017.49016596808]",76.0,1280,720,945169,f86ce9f8e8bec3e13055c265c3e2e608fd20f8f96d12b2846f32e65911a81bbc,frames/window-0056-reverse-00000.png,NATIVE_LOADING_AND_MIPS_READY,UNREVIEWED
window-0056-reverse-00001,1147,VIAL_TR70190001287-0-interval-25-tile-0,reverse,79.18557647898315,19.796394119745784,"[110452.44532245024,164345.39728426136,64836.73451032704]","[110527.54486093945,163852.55485079877,65095.02804891223]","[110332.2860608675,165133.94517780154,64815.46484859074]","[110452.44532245024,164345.39728426136,64876.734510327035]",76.0,1280,720,876620,15084a44ef51e339f6c85d773c570ec9bd46ac6ce0a1e543bec3bee1e7e528fb,frames/window-0056-reverse-00001.png,NATIVE_LOADING_AND_MIPS_READY,UNREVIEWED
window-0056-reverse-00002,1148,VIAL_TR70190001287-0-interval-25-tile-0,reverse,59.38918235923736,39.592788239491576,"[111196.46843466147,165985.7121624168,64681.17265510442]","[110732.37251824522,165805.9063679274,64948.972829097875]","[111939.02190092747,166273.40143359982,64644.692376714906]","[111196.46843466147,165985.7121624168,64721.17265510442]",76.0,1280,720,824191,05d873c68ce953bbc0b1aa84985597749d253fa320a06e8ce1d23fff5abd2ef1,frames/window-0056-reverse-00002.png,NATIVE_LOADING_AND_MIPS_READY,UNREVIEWED
window-0056-reverse-00003,1149,VIAL_TR70190001287-0-interval-25-tile-0,reverse,39.592788239491576,59.38918235923736,"[112976.24113137362,165362.033928401,64505.334230870256]","[112650.93588842856,165739.50326724377,64766.48513785983]","[113496.72952008573,164758.08298625262,64479.49277968694]","[112976.24113137362,165362.033928401,64545.334230870256]",76.0,1280,720,1240407,b9c2c512edf6515d26a763e02220ed77fe6d2ca44a2ae3a57b409e3a7f60bdfe,frames/window-0056-reverse-00003.png,NATIVE_LOADING_AND_MIPS_READY,UNREVIEWED
window-0056-reverse-00004,1150,VIAL_TR70190001287-0-interval-25-tile-0,reverse,19.796394119745788,79.18557647898315,"[113221.64473115829,163467.82468253214,64338.64612460537]","[113281.036457249,163962.6974414046,64598.31444191185]","[113126.61796941316,162676.0282683362,64315.176816915]","[113221.64473115829,163467.82468253214,64378.64612460537]",76.0,1280,720,1057399,6da46b890704f4fc9ee13df877c226313c3a48deb2e83f262003220a11ffc8c5,frames/window-0056-reverse-00004.png,NATIVE_LOADING_AND_MIPS_READY,UNREVIEWED
window-0056-reverse-00005,1151,VIAL_TR70190001287-0-interval-25-tile-0,reverse,0.0,98.98197059872894,"[113104.12515995558,161500.54385168478,64191.941907773195]","[113095.1817514107,161998.95672479735,64450.73138262515]","[113118.4346136274,160703.0832547047,64169.87874801008]","[113104.12515995558,161500.54385168478,64231.941907773195]",76.0,1280,720,1059527,96c12cd1377d9c52666812614cd28dba1350580b34fe7e6839c916de197d79bb,frames/window-0056-reverse-00005.png,NATIVE_LOADING_AND_MIPS_READY,UNREVIEWED
window-0055-reverse-00000,1152,VIAL_TR70190001287-0-interval-23-tile-0,reverse,67.09132009072532,0.0,"[113252.124627179,160569.69861518592,64119.01993610273]","[113120.30094488963,161050.43154090867,64377.986215289966]","[113463.04251884196,159800.5259340295,64096.67388940316]","[113252.124627179,160569.69861518592,64159.01993610273]",76.0,1280,720,1135771,38f57872b5921152a146a5f7d6a0401bfc46f147551458337b95f6360c67e82c,frames/window-0055-reverse-00000.png,NATIVE_LOADING_AND_MIPS_READY,UNREVIEWED
window-0055-reverse-00001,1153,VIAL_TR70190001287-0-interval-23-tile-0,reverse,50.318490068043985,16.772830022681333,"[113715.69975747279,158962.630635781,64000.63205767591]","[113538.0685128189,159428.65288199717,64256.27482628814]","[113999.90974891903,158216.99504183515,63983.603627896344]","[113715.69975747279,158962.630635781,64040.63205767591]",76.0,1280,720,1107549,1741ff710ba05b81072732597ff43de39c49a93cce147ee828de0cb375ff5943,frames/window-0055-reverse-00001.png,NATIVE_LOADING_AND_MIPS_READY,UNREVIEWED
window-0055-reverse-00002,1154,VIAL_TR70190001287-0-interval-23-tile-0,reverse,33.54566004536266,33.54566004536266,"[114515.51673952954,157496.3061671282,63877.83645176757]","[114227.98879855449,157903.64225437865,64135.319717128856]","[114975.5614450896,156844.56842752747,63857.863227189526]","[114515.51673952954,157496.3061671282,63917.83645176757]",76.0,1280,720,1111707,d8664871b7f06acfdcbf988bba4092e4182a05097c6f81c62a441756936efe44,frames/window-0055-reverse-00002.png,NATIVE_LOADING_AND_MIPS_READY,UNREVIEWED
window-0055-reverse-00003,1155,VIAL_TR70190001287-0-interval-23-tile-0,reverse,16.77283002268133,50.318490068043985,"[115512.92759408991,156153.7156171116,63752.23708055209]","[115214.48118044637,156552.97247271406,64011.271699004625]","[115990.4418559196,155514.90464814764,63729.78169102806]","[115512.92759408991,156153.7156171116,63792.23708055209]",76.0,1280,720,1091608,7562b073c076f17df16044daa77742a7211b699f06dbc926f60a8f08709fe1d3,frames/window-0055-reverse-00003.png,NATIVE_LOADING_AND_MIPS_READY,UNREVIEWED
window-0055-reverse-00004,1156,VIAL_TR70190001287-0-interval-23-tile-0,reverse,0.0,67.09132009072532,"[116452.38481849083,154777.17010593042,63599.55266126393]","[116249.77529592313,155232.06459119965,63864.50139468905]","[116776.56005459915,154049.33892949965,63567.63468778374]","[116452.38481849083,154777.17010593042,63639.55266126393]",76.0,1280,720,1021312,e9e52ef7334b181b71c7da157bc153f338ac59c2f4977c7d217621b504a311b1,frames/window-0055-reverse-00004.png,NATIVE_LOADING_AND_MIPS_READY,UNREVIEWED
window-0054-reverse-00000,1157,VIAL_TR70190001287-0-interval-21-tile-1,reverse,56.871404695717516,0.0,"[116928.70021062554,153462.0549232699,63504.25378912828]","[116761.51741383817,153931.88853492864,63760.396420660494]","[117196.19268548531,152710.32114461594,63486.425578676746]","[116928.70021062554,153462.0549232699,63544.25378912828]",76.0,1280,720,919135,d01d414a069330ffedf61bbc242904d59bbec7fa308c0f36afd669c4930835f8,frames/window-0054-reverse-00000.png,NATIVE_LOADING_AND_MIPS_READY,UNREVIEWED
window-0054-reverse-00001,1158,VIAL_TR70190001287-0-interval-21-tile-1,reverse,37.91426979714501,18.957134898572505,"[117632.34197443671,151719.2775450812,63338.62565585322]","[117281.0826128478,152072.24205370134,63603.713531725676]","[118194.35695297898,151154.53433128895,63306.48505445729]","[117632.34197443671,151719.2775450812,63378.62565585322]",76.0,1280,720,752046,d35c20c703f1d02b897b18af2df86c988bdfe32f49fcf206b60e52f446d1d952,frames/window-0054-reverse-00001.png,NATIVE_LOADING_AND_MIPS_READY,UNREVIEWED
window-0054-reverse-00002,1159,VIAL_TR70190001287-0-interval-21-tile-1,reverse,18.957134898572505,37.91426979714501,"[119161.93895122824,151876.62527806318,63159.44901762701]","[118984.42885591542,151412.32363050198,63433.43184947205]","[119445.95510372875,152619.50791416108,63113.07648667496]","[119161.93895122824,151876.62527806318,63199.44901762701]",76.0,1280,720,1163286,a65df3f41719580786d9e54f717332e958015161e5691c1465ba85bc6d20c674,frames/window-0054-reverse-00002.png,NATIVE_LOADING_AND_MIPS_READY,UNREVIEWED
window-0054-reverse-00003,1160,VIAL_TR70190001287-0-interval-21-tile-1,reverse,0.0,56.871404695717516,"[118903.85698131286,153711.394352559,62969.85189334308]","[119037.38457489508,153231.82867967171,63236.618838296876]","[118690.21283158132,154478.69942917864,62935.02478141701]","[118903.85698131286,153711.394352559,63009.85189334308]",76.0,1280,720,1100189,6616922687c242f54d74a90b2d1239ac3087e010460307225d3d560dcab8d613,frames/window-0054-reverse-00003.png,NATIVE_LOADING_AND_MIPS_READY,UNREVIEWED
window-0053-reverse-00000,1161,VIAL_TR70190001287-0-interval-21-tile-0,reverse,100.19089251172984,0.0,"[118903.85698131286,153711.394352559,62969.85189334308]","[119037.38509380685,153231.82681671408,63236.5982486814]","[118690.21200132245,154478.70240991088,62935.05772480178]","[118903.85698131286,153711.394352559,63009.85189334308]",76.0,1280,720,1100797,dae31c55cbd159be6c53d837d60aa5ec8c636907e0b370a378a7dbd0395896b5,frames/window-0053-reverse-00000.png,NATIVE_LOADING_AND_MIPS_READY,UNREVIEWED
window-0053-reverse-00001,1162,VIAL_TR70190001287-0-interval-21-tile-0,reverse,83.49241042644154,16.698482085288305,"[118457.92900039058,155312.94910515487,62813.23658115547]","[118591.55541963049,154833.02849986867,63075.900297623455]","[118244.12672960672,156080.8220736128,62784.97463480669]","[118457.92900039058,155312.94910515487,62853.23658115546]",76.0,1280,720,1070288,92a5674af818d75ca19aef046857988ee554192c692b18524dc2d69a75bcdf6f,frames/window-0053-reverse-00001.png,NATIVE_LOADING_AND_MIPS_READY,UNREVIEWED
window-0053-reverse-00002,1163,VIAL_TR70190001287-0-interval-21-tile-0,reverse,66.79392834115323,33.39696417057661,"[118027.08710466798,156919.58858895852,62670.16112015153]","[118126.00156912036,156431.23083433928,62931.66572502059]","[117868.82396154414,157700.96099634934,62643.753752361044]","[118027.08710466798,156919.58858895852,62710.16112015153]",76.0,1280,720,1023042,e9df5a79be7a2b045c886cf05b8d3be82bc10a58a3af419b641f0c00e059b7e4,frames/window-0053-reverse-00002.png,NATIVE_LOADING_AND_MIPS_READY,UNREVIEWED
window-0053-reverse-00003,1164,VIAL_TR70190001287-0-interval-21-tile-0,reverse,50.09544625586492,50.09544625586492,"[117808.32108645732,158566.55442254778,62535.343389690766]","[117808.50634823876,158068.33597973618,62797.51386420147]","[117808.02466760701,159363.70393104633,62507.87063047363]","[117808.32108645732,158566.55442254778,62575.34338969076]",76.0,1280,720,960382,f980b417cacdd23b6587f6d209eaf468b13e5c5d0888aa17b47ba24615dd0bcd,frames/window-0053-reverse-00003.png,NATIVE_LOADING_AND_MIPS_READY,UNREVIEWED
window-0053-reverse-00004,1165,VIAL_TR70190001287-0-interval-21-tile-0,reverse,33.39696417057662,66.79392834115322,"[117894.84651894918,160225.16419368982,62401.26506155304]","[117788.45839544204,159738.2883057135,62661.68086148195]","[118065.06751656064,161004.16561445195,62376.599781666766]","[117894.84651894918,160225.16419368982,62441.26506155303]",76.0,1280,720,902483,dcb52f8155ddade3b7a24360819370c4de7055e1638da6844487e9eb41afa0d8,frames/window-0053-reverse-00004.png,NATIVE_LOADING_AND_MIPS_READY,UNREVIEWED
window-0053-reverse-00005,1166,VIAL_TR70190001287-0-interval-21-tile-0,reverse,16.69848208528831,83.49241042644154,"[118437.77876691565,161785.68669817832,62258.95899165751]","[118190.54814346357,161353.28782162027,62522.642287993825]","[118833.34776443898,162477.52490067127,62229.06571751943]","[118437.77876691565,161785.68669817832,62298.95899165751]",76.0,1280,720,903726,d1c4f0996b7dda2d91f6d062a0686632a914ac2ac9c3b273e7c453d1ea6db88d,frames/window-0053-reverse-00005.png,NATIVE_LOADING_AND_MIPS_READY,UNREVIEWED
window-0053-reverse-00006,1167,VIAL_TR70190001287-0-interval-21-tile-0,reverse,0.0,100.19089251172984,"[119372.17750221025,163154.75652413443,62127.23494297637]","[119026.81941427595,162795.377534698,62386.91532918941]","[119924.75044290513,163729.7629072327,62103.746325035514]","[119372.17750221025,163154.75652413443,62167.23494297637]",76.0,1280,720,878870,c2888517aed8cfefa9522ccf15b1f0409ba694a09c6ef268667e1078bd20d699,frames/window-0053-reverse-00006.png,NATIVE_LOADING_AND_MIPS_READY,UNREVIEWED
window-0052-reverse-00000,1168,VIAL_TR70190001287-0-interval-19-tile-0,reverse,2.006272206774,0.0,"[120342.1584018739,164164.11685980856,62017.987633111145]","[119996.80712156757,163804.74495431688,62277.79123513473]","[120894.72045036402,164739.11190859528,61994.301869873416]","[120342.1584018739,164164.11685980856,62057.987633111145]",76.0,1280,720,843998,4d5dbb117839b4de9a58ae52c3b390bb0489d10d5c354030b1ef939dc0bf1b45,frames/window-0052-reverse-00000.png,NATIVE_LOADING_AND_MIPS_READY,UNREVIEWED
window-0052-reverse-00001,1169,VIAL_TR70190001287-0-interval-19-tile-0,reverse,0.0,2.006272206774,"[120480.72710182169,164308.31119343638,62001.92563199942]","[120135.39646100246,163948.96076634567,62262.10048808016]","[121033.25612713245,164883.2718767815,61977.645862270234]","[120480.72710182169,164308.31119343638,62041.92563199942]",76.0,1280,720,844466,b38b625c1ae888970cdb4cf202d8b21cf4724f941ba0d4a93a708972622b3095,frames/window-0052-reverse-00001.png,NATIVE_LOADING_AND_MIPS_READY,UNREVIEWED
window-0051-reverse-00000,1170,VIAL_TR70190001287-0-interval-17-tile-0,reverse,37.25500931221333,0.0,"[125571.15880209021,169608.8454988785,61454.70254870778]","[125241.31515266316,169234.62662661367,61708.8112363616]","[126098.90864117349,170207.5956945023,61440.12864846168]","[125571.15880209021,169608.8454988785,61494.70254870778]",76.0,1280,720,1050758,b171cf7739ce7bcd511f660f6df2d4fbb8de697377bc42c049cc031b24e48de0,frames/window-0051-reverse-00000.png,NATIVE_LOADING_AND_MIPS_READY,UNREVIEWED
window-0051-reverse-00001,1171,VIAL_TR70190001287-0-interval-17-tile-0,reverse,18.627504656106666,18.627504656106666,"[126085.2774894601,171330.47440341717,61301.991175845134]","[126161.57069944436,170837.9557607727,61562.05029163579]","[125963.20835348527,172118.50423164835,61277.8965905801]","[126085.2774894601,171330.47440341717,61341.991175845134]",76.0,1280,720,1249455,f43dae6f1c0aa528bb858c6f3aed5d507c02a348c2ff8d76320d01ef48ff8b4b,frames/window-0051-reverse-00001.png,NATIVE_LOADING_AND_MIPS_READY,UNREVIEWED
window-0051-reverse-00002,1172,VIAL_TR70190001287-0-interval-17-tile-0,reverse,0.0,37.25500931221333,"[125139.59948762204,172868.58623595908,61153.17147364939]","[125538.28775878125,172569.7688738998,61415.07429660922]","[124501.69825376727,173346.69401525395,61126.12695691365]","[125139.59948762204,172868.58623595908,61193.17147364939]",76.0,1280,720,1183734,b4f3fdaa256ed334840ac9e36738843a298277bab14b5bc083af67c6296e6f04,frames/window-0051-reverse-00002.png,NATIVE_LOADING_AND_MIPS_READY,UNREVIEWED
window-0050-reverse-00000,1173,VIAL_TR70190001287-0-interval-15-tile-1,reverse,48.129593078643126,0.0,"[124016.58804753097,173704.35527656227,61034.76161031491]","[124416.44247558982,173406.7815904948,61294.33859506546]","[123376.82096263682,174180.47317427024,61011.43843471404]","[124016.58804753097,173704.35527656227,61074.761610314905]",76.0,1280,720,1183850,2629b801c41e004561166b2d1474101818c0d301745000a7aace2922f78eb3f2,frames/window-0050-reverse-00000.png,NATIVE_LOADING_AND_MIPS_READY,UNREVIEWED
window-0050-reverse-00001,1174,VIAL_TR70190001287-0-interval-15-tile-1,reverse,32.08639538576208,16.043197692881044,"[122734.47868166724,174658.50755006608,60894.83034918553]","[123134.06911279117,174361.13033003916,61158.353634484774]","[122095.13399186896,175134.3111021092,60865.19309270675]","[122734.47868166724,174658.50755006608,60934.830349185526]",76.0,1280,720,1134081,51af780fb9cdf80f14d7173f353a1f99a368e8d0953d5a81fc807674288659da,frames/window-0050-reverse-00001.png,NATIVE_LOADING_AND_MIPS_READY,UNREVIEWED
window-0050-reverse-00002,1175,VIAL_TR70190001287-0-interval-15-tile-1,reverse,16.04319769288104,32.08639538576209,"[121451.2025561854,175613.81409762776,60774.95493673457]","[121850.32191515897,175314.85547215422,61031.38950201929]","[120812.61158182767,176092.14789838545,60756.659632279036]","[121451.2025561854,175613.81409762776,60814.95493673457]",76.0,1280,720,1093857,ad1ca4afdee6a77d286c0479004d4f30be21e920ca01df7853d5c434fbd03139,frames/window-0050-reverse-00002.png,NATIVE_LOADING_AND_MIPS_READY,UNREVIEWED
window-0050-reverse-00003,1176,VIAL_TR70190001287-0-interval-15-tile-1,reverse,0.0,48.129593078643126,"[120278.59920846531,176697.7846766822,60650.62912199402]","[120617.19146763853,176331.94754514308,60909.596739514345]","[119736.85159378817,177283.12408714477,60628.280933961505]","[120278.59920846531,176697.7846766822,60690.62912199402]",76.0,1280,720,1047561,8b05a25d822f95b039423bbbdbeb832978d4a97d6b8d208ad033454a60b3b97b,frames/window-0050-reverse-00003.png,NATIVE_LOADING_AND_MIPS_READY,UNREVIEWED
window-0049-reverse-00000,1177,VIAL_TR70190001287-0-interval-15-tile-0,reverse,99.7560045054607,0.0,"[120278.59920846531,176697.7846766822,60650.62912199402]","[120613.5571825203,176328.6036969446,60909.469305013445]","[119742.66644997733,177288.47424426235,60628.48482916294]","[120278.59920846531,176697.7846766822,60690.62912199402]",76.0,1280,720,1049391,cd617bce93b13a4a108576e6587b6b23f527944fbd0c39ba8d63db2ae14417bd,frames/window-0049-reverse-00000.png,NATIVE_LOADING_AND_MIPS_READY,UNREVIEWED
window-0049-reverse-00001,1178,VIAL_TR70190001287-0-interval-15-tile-0,reverse,79.80480360436856,19.951200901092136,"[119138.3194864796,178325.0628405107,60499.143811174494]","[119376.73998631108,177887.3737837551,60758.94274151777]","[118756.84668674924,179025.3653313197,60475.46552262524]","[119138.3194864796,178325.0628405107,60539.143811174494]",76.0,1280,720,1040091,9e8bd08a1422eda29901266e9094c360f7e11b9340cf94af8a8189978e40597b,frames/window-0049-reverse-00001.png,NATIVE_LOADING_AND_MIPS_READY,UNREVIEWED
window-0049-reverse-00002,1179,VIAL_TR70190001287-0-interval-15-tile-0,reverse,59.85360270327642,39.90240180218427,"[118444.44236725265,180186.36092022754,60357.08767074235]","[118551.47981291011,179698.89152261964,60607.362604646536]","[118273.1824542007,180966.3119564002,60348.64777649565]","[118444.44236725265,180186.36092022754,60397.087670742345]",76.0,1280,720,1033796,7bbf58618902e41ee50007be0fce92be7324e7987ffdd355618eb913259bc4bc,frames/window-0049-reverse-00002.png,NATIVE_LOADING_AND_MIPS_READY,UNREVIEWED
window-0049-reverse-00003,1180,VIAL_TR70190001287-0-interval-15-tile-0,reverse,39.90240180218428,59.853602703276415,"[118069.4897878884,182141.46935255086,60226.462661812]","[118146.19466964259,181648.7309227961,60482.865971522435]","[117946.76197708165,182929.85084015847,60208.2173662753]","[118069.4897878884,182141.46935255086,60266.462661812]",76.0,1280,720,996227,254cc7e06614c3ef5bfa4ea363e08debbb5e548188e350cac9db75efdbbac340,frames/window-0049-reverse-00003.png,NATIVE_LOADING_AND_MIPS_READY,UNREVIEWED
window-0049-reverse-00004,1181,VIAL_TR70190001287-0-interval-15-tile-0,reverse,19.95120090109214,79.80480360436856,"[117933.58042570515,184124.98285848918,60068.46742583449]","[117957.74182490504,183626.95338169145,60325.65434597168]","[117894.9221869853,184921.83002136555,60048.96835361499]","[117933.58042570515,184124.98285848918,60108.46742583449]",76.0,1280,720,872869,9028c6dadba5d2293b82d89b776e671759f510ca22df1644da89ce1f38f833e8,frames/window-0049-reverse-00004.png,NATIVE_LOADING_AND_MIPS_READY,UNREVIEWED
window-0049-reverse-00005,1182,VIAL_TR70190001287-0-interval-15-tile-0,reverse,0.0,99.7560045054607,"[118355.31979035586,186024.60565250367,59975.049407058315]","[117985.29691966364,185689.42083468518,60222.14577339554]","[118947.3563834634,186560.90136101324,59971.695220918766]","[118355.31979035586,186024.60565250367,60015.049407058315]",76.0,1280,720,838478,ce98e675e36847b87649531e7fbebe6818a213fd5377a662175984d8c3d725a2,frames/window-0049-reverse-00005.png,NATIVE_LOADING_AND_MIPS_READY,UNREVIEWED
window-0048-reverse-00000,1183,VIAL_TR70190001287-0-interval-13-tile-0,reverse,5.018287947010396,0.0,"[120705.90289062238,186436.75063047558,59762.585710033476]","[120209.10216181347,186401.01091654276,60026.30880122027]","[121500.78405671666,186493.93417276812,59732.628764134606]","[120705.90289062238,186436.75063047558,59802.585710033476]",76.0,1280,720,826222,9070a6d940190bac9b4ded30eeaf506ddda012df1b86994f749fd37b30c286e3,frames/window-0048-reverse-00000.png,NATIVE_LOADING_AND_MIPS_READY,UNREVIEWED
window-0048-reverse-00001,1184,VIAL_TR70190001287-0-interval-13-tile-0,reverse,0.0,5.018287947010396,"[121204.57223132835,186472.62477241457,59719.295989124745]","[120707.69799951774,186436.8797706951,59982.17130387216]","[121999.57100222532,186529.8167751657,59690.69548552891]","[121204.57223132835,186472.62477241457,59759.295989124745]",76.0,1280,720,814546,8656a448184e053c6f917cb718a5305632670d6fd679b4b71cceaa9d37a1888f,frames/window-0048-reverse-00001.png,NATIVE_LOADING_AND_MIPS_READY,UNREVIEWED
window-0047-reverse-00000,1185,VIAL_TR70190001287-0-interval-11-tile-0,reverse,7.521390318398691,0.0,"[126526.94385767682,186974.94938606396,59273.765398944306]","[126035.5112938328,186893.2436569718,59536.40586126834]","[127313.23595982726,187105.67855261138,59245.54065922586]","[126526.94385767682,186974.94938606396,59313.765398944306]",76.0,1280,720,840646,1bab08dc2d18e2adc1d90bb3c2e25d0fc0756868767a6811c296d33884af7eb2,frames/window-0047-reverse-00000.png,NATIVE_LOADING_AND_MIPS_READY,UNREVIEWED
window-0047-reverse-00001,1186,VIAL_TR70190001287-0-interval-11-tile-0,reverse,0.0,7.521390318398691,"[127257.2420893237,187140.1068950072,59207.697790984006]","[126776.90141234419,187008.8681814067,59472.9662578384]","[128025.78717249093,187350.08883676797,59175.26824401697]","[127257.2420893237,187140.1068950072,59247.697790984]",76.0,1280,720,835036,dbe19e12cd649dbbd2036b916c870b26d40af3e996f84688cbd1eacf983c1df5,frames/window-0047-reverse-00001.png,NATIVE_LOADING_AND_MIPS_READY,UNREVIEWED
window-0046-reverse-00000,1187,VIAL_TR70190001287-0-interval-1-tile-0,reverse,5.000205382983909,0.0,"[163681.52715684264,200102.38465312868,56753.508938490224]","[163189.7765011759,200013.60407248136,56990.80926077699]","[164468.3282059095,200244.43358216438,56765.82842283141]","[163681.52715684264,200102.38465312868,56793.50893849022]",76.0,1280,720,851383,cbf8066e2829bf6253657e0299266984061fe9e2e48c14a444348d7657992af9,frames/window-0046-reverse-00000.png,NATIVE_LOADING_AND_MIPS_READY,UNREVIEWED
window-0046-reverse-00001,1188,VIAL_TR70190001287-0-interval-1-tile-0,reverse,0.0,5.000205382983909,"[164172.45555947302,200195.32862827182,56735.19312484045]","[163684.27826316046,200088.95509597208,56974.36599606634]","[164953.5392335731,200365.52627995142,56744.51653087904]","[164172.45555947302,200195.32862827182,56775.19312484045]",76.0,1280,720,849556,1757e11a245774b0e57ee006308acea55f08829b4ebbc0c7a7b97738d24645bf,frames/window-0046-reverse-00001.png,NATIVE_LOADING_AND_MIPS_READY,UNREVIEWED
window-0045-reverse-00000,1189,VIAL_TR70190001272-2-interval-9-tile-0,reverse,25.59852139814021,0.0,"[46329.82439150801,2688.01432447508,32504.329058821066]","[46271.71755206936,2192.945875323749,32685.203288983947]","[46422.795334609844,3480.1238431172087,32606.930290560456]","[46329.82439150801,2688.01432447508,32544.329058821062]",76.0,1280,720,1154864,d1208750f46a95352eebf637adf5226c111c9498ec94b92a54206231c2b217ee,frames/window-0045-reverse-00000.png,NATIVE_LOADING_AND_MIPS_READY,UNREVIEWED
window-0045-reverse-00001,1190,VIAL_TR70190001272-2-interval-9-tile-0,reverse,12.799260699070105,12.799260699070105,"[46478.45840522217,3954.371456583538,32615.694138421844]","[46420.423816041664,3459.918578352832,32789.34397479732]","[46571.31374791098,4745.496061752668,32729.854400221087]","[46478.45840522217,3954.371456583538,32655.69413842184]",76.0,1280,720,1146624,cda10d48032e146c954471c017aa2643ca2e21fafb9b6bd735e4ae5728209db8,frames/window-0045-reverse-00001.png,NATIVE_LOADING_AND_MIPS_READY,UNREVIEWED
window-0045-reverse-00002,1191,VIAL_TR70190001272-2-interval-9-tile-0,reverse,0.0,25.59852139814021,"[46627.01110673952,5220.035811327398,32734.990152034232]","[46568.96167493393,4725.456474396876,32910.028580126505]","[46719.890197628454,6011.362750416234,32846.928667086584]","[46627.01110673952,5220.035811327398,32774.99015203423]",76.0,1280,720,1123814,6565ff6dbd59c9cea3789e095d06dcb33b2975ea97264974990f0416113444ee,frames/window-0045-reverse-00002.png,NATIVE_LOADING_AND_MIPS_READY,UNREVIEWED
window-0044-reverse-00000,1192,VIAL_TR70190001272-2-interval-7-tile-0,reverse,59.65694633486712,0.0,"[46700.5603003141,10386.480858363211,33159.506318943386]","[46805.563756019845,9899.149297996139,33341.00664933382]","[46532.5547711849,11166.211354950528,33261.10579031869]","[46700.5603003141,10386.480858363211,33199.506318943386]",76.0,1280,720,1069093,8adc02c968375359813800fe74799cf951645acb466407bd6a190ac3c569d11e,frames/window-0044-reverse-00000.png,NATIVE_LOADING_AND_MIPS_READY,UNREVIEWED
window-0044-reverse-00001,1193,VIAL_TR70190001272-2-interval-7-tile-0,reverse,39.771297556578084,19.88564877828904,"[46058.526583748746,12258.758361345182,33299.412539048055]","[46248.71747124229,11797.899627057346,33481.509328827415]","[45754.221163759066,12996.132336205721,33400.057675401076]","[46058.526583748746,12258.758361345182,33339.41253904805]",76.0,1280,720,1060820,b454dc6eb7490c50181a09aadd1b48579768f74ad32cb0c413fb428c3d3271c5,frames/window-0044-reverse-00001.png,NATIVE_LOADING_AND_MIPS_READY,UNREVIEWED
window-0044-reverse-00002,1194,VIAL_TR70190001272-2-interval-7-tile-0,reverse,19.885648778289042,39.77129755657808,"[45302.308225678426,14091.17967247382,33456.660608999]","[45492.376662595576,13630.61765295046,33634.74861238189]","[44998.19872661097,14828.078903711195,33563.71980358637]","[45302.308225678426,14091.17967247382,33496.660608998995]",76.0,1280,720,1011872,8e72209c1d7c4e2947aeb2ce610f5394678d1dd2c26d767528ae2e606425ed82,frames/window-0044-reverse-00002.png,NATIVE_LOADING_AND_MIPS_READY,UNREVIEWED
window-0044-reverse-00003,1195,VIAL_TR70190001272-2-interval-7-tile-0,reverse,0.0,59.65694633486712,"[44546.740462700836,15922.024501953274,33634.03897291169]","[44736.78055259031,15461.531171044462,33811.25280197633]","[44242.67631887768,16658.813831407373,33742.496846408256]","[44546.740462700836,15922.024501953274,33674.03897291168]",76.0,1280,720,952771,9fbe6a750fa80a904ff0a22ccbe1964bc7dfdb78b27f917a6a2bc292691bf6b3,frames/window-0044-reverse-00003.png,NATIVE_LOADING_AND_MIPS_READY,UNREVIEWED
window-0043-reverse-00000,1196,VIAL_TR70190001272-2-interval-5-tile-0,reverse,28.727801567293582,0.0,"[43197.564480878646,17630.431760195643,33769.53422549033]","[43630.440235791066,17380.811343654852,33971.97778920601]","[42504.96327301877,18029.824426660907,33837.624523545244]","[43197.564480878646,17630.431760195643,33809.53422549033]",76.0,1280,720,868287,6f6bb4523fda0e68ae919b03d6457ce47b7605252f8be1e5d4a1fd672e571202,frames/window-0043-reverse-00000.png,NATIVE_LOADING_AND_MIPS_READY,UNREVIEWED
window-0043-reverse-00001,1197,VIAL_TR70190001272-2-interval-5-tile-0,reverse,14.363900783646791,14.363900783646791,"[41800.087335241784,17861.95262462107,33835.815383125024]","[42298.83758364521,17875.126969805933,34023.033889161656]","[41002.0869377963,17840.873672325284,33928.26577346642]","[41800.087335241784,17861.95262462107,33875.815383125024]",76.0,1280,720,936472,5e0eeb3ee052f8e1077a7ed3aa84e9619581a0129b73d784c0c0f9a07928a635,frames/window-0043-reverse-00001.png,NATIVE_LOADING_AND_MIPS_READY,UNREVIEWED
window-0043-reverse-00002,1198,VIAL_TR70190001272-2-interval-5-tile-0,reverse,0.0,28.727801567293582,"[40452.95994687476,17407.66872605309,33909.17707959933]","[40908.29126607674,17613.21324652912,34108.56543589808]","[39724.429836151605,17078.797493291437,33982.15570952132]","[40452.95994687476,17407.66872605309,33949.17707959933]",76.0,1280,720,910803,1e092d35ef601d5b12ef6c64b43d6adf73e1046c05bff08919be0497e755ff92,frames/window-0043-reverse-00002.png,NATIVE_LOADING_AND_MIPS_READY,UNREVIEWED
window-0042-reverse-00000,1199,VIAL_TR70190001272-2-interval-3-tile-0,reverse,84.6471860736768,0.0,"[34481.09981679008,14167.333015799522,34197.48261140154]","[34916.02027067284,14412.642874692847,34391.65100432496]","[33785.227090577675,13774.837241570202,34278.81318272407]","[34481.09981679008,14167.333015799522,34237.48261140154]",76.0,1280,720,950145,303733152cb522045abd6303854ca9b9e86e3e64891a0e81d70529caab3faaae,frames/window-0042-reverse-00000.png,NATIVE_LOADING_AND_MIPS_READY,UNREVIEWED
window-0042-reverse-00001,1200,VIAL_TR70190001272-2-interval-3-tile-0,reverse,67.71774885894145,16.92943721473536,"[33008.69584533252,13336.847334252585,34288.76600970776]","[33443.36213370478,13582.013833236158,34477.80465429785]","[32313.229783936906,12944.580935878867,34378.30417836362]","[33008.69584533252,13336.847334252585,34328.76600970776]",76.0,1280,720,943033,6ffb4d868f5cd12531df5c8fb5f7308474b00f2ebfcdeaea6f5b18ff80df5f45,frames/window-0042-reverse-00001.png,NATIVE_LOADING_AND_MIPS_READY,UNREVIEWED
window-0042-reverse-00002,1201,VIAL_TR70190001272-2-interval-3-tile-0,reverse,50.78831164420608,33.858874429470724,"[31536.932870752786,12506.723196897134,34392.90752300685]","[31971.484557342905,12751.825058521155,34579.89375148457]","[30841.650172208596,12114.560218298702,34485.729557442486]","[31536.932870752786,12506.723196897134,34432.90752300684]",76.0,1280,720,947115,acdcaea70308c44012773ba5a9b61ca56aaab527f1b1b71cbbd161101d8c1fcb,frames/window-0042-reverse-00002.png,NATIVE_LOADING_AND_MIPS_READY,UNREVIEWED
window-0042-reverse-00003,1202,VIAL_TR70190001272-2-interval-3-tile-0,reverse,33.858874429470724,50.78831164420608,"[30065.251290409207,11676.644968375416,34498.5844632695]","[30499.974060161378,11921.843325731665,34688.68665383812]","[29369.69485880573,11284.327596605417,34586.420958359704]","[30065.251290409207,11676.644968375416,34538.58446326949]",76.0,1280,720,940361,9e0f50af778c267e8737256e22e32cd2b5d869d35d131eac850bd9537624e1ac,frames/window-0042-reverse-00003.png,NATIVE_LOADING_AND_MIPS_READY,UNREVIEWED
window-0042-reverse-00004,1203,VIAL_TR70190001272-2-interval-3-tile-0,reverse,16.929437214735362,67.71774885894145,"[28593.349559212475,10846.443232495698,34600.177990191914]","[29027.897786190668,11091.542564339583,34787.099961837885]","[27898.072396047366,10454.284301545484,34693.102835558355]","[28593.349559212475,10846.443232495698,34640.17799019191]",76.0,1280,720,921455,67791f239496f3be197c29d717f66e78b80cb5adf8b8edf6dbf676639cb7b1f3,frames/window-0042-reverse-00004.png,NATIVE_LOADING_AND_MIPS_READY,UNREVIEWED
window-0042-reverse-00005,1204,VIAL_TR70190001272-2-interval-3-tile-0,reverse,0.0,84.6471860736768,"[27122.838970267912,10017.027463205159,34725.32738979272]","[27556.76540380867,10261.776076156852,34902.8307224784]","[26428.556676602704,9625.42968248245,34833.322057495636]","[27122.838970267912,10017.027463205159,34765.32738979272]",76.0,1280,720,864999,bff624712df6a88b3c672027e5d00b5ac372d1b2781e67cbad4b7fad26da5b88,frames/window-0042-reverse-00005.png,NATIVE_LOADING_AND_MIPS_READY,UNREVIEWED
window-0041-reverse-00000,1205,VIAL_TR70190001272-2-interval-1-tile-0,reverse,21.531881570492224,0.0,"[26339.908311405452,9306.924079917371,34797.09920948716]","[26580.96382013779,9744.335921536205,34993.369006761226]","[25954.219497433718,8607.065133327236,34875.06753384866]","[26339.908311405452,9306.924079917371,34837.09920948716]",76.0,1280,720,749650,a1da79fd0325109f630c2dbe66b12a0c08055f3db89eb34b618e2cc0cf8e3fef,frames/window-0041-reverse-00000.png,NATIVE_LOADING_AND_MIPS_READY,UNREVIEWED
window-0041-reverse-00001,1206,VIAL_TR70190001272-2-interval-1-tile-0,reverse,10.765940785246112,10.765940785246112,"[25838.412236279197,8356.0207929237,34854.56045482266]","[26070.580763360784,8797.822597790962,35044.41181888676]","[25466.94259294866,7649.137905136079,34942.7982723201]","[25838.412236279197,8356.0207929237,34894.560454822655]",76.0,1280,720,753300,7797a9b3a190fec9480a0447c3393aee044dd3ed4c703ee76c83e3e893284432,frames/window-0041-reverse-00001.png,NATIVE_LOADING_AND_MIPS_READY,UNREVIEWED
window-0041-reverse-00002,1207,VIAL_TR70190001272-2-interval-1-tile-0,reverse,0.0,21.531881570492224,"[25338.81103930762,7405.311782285571,34929.1392227277]","[25570.65914027446,7846.503837862621,35109.18890140527]","[24967.854077760676,6699.40449336229,35033.05973684359]","[25338.81103930762,7405.311782285571,34969.139222727696]",76.0,1280,720,725658,b070349ff8f0d22efba76b622425078e234df79e71b1f968a0a681c69f2d1a33,frames/window-0041-reverse-00002.png,NATIVE_LOADING_AND_MIPS_READY,UNREVIEWED
window-0040-reverse-00000,1208,VIAL_TR70190001272-1-interval-9-tile-1,reverse,17.01402043013124,0.0,"[95708.09268410085,39272.126615419984,52948.28200237572]","[95213.93229465633,39205.36067700452,53131.56934826923]","[96498.74930721209,39378.95211688472,53047.02224894612]","[95708.09268410085,39272.126615419984,52988.282002375716]",76.0,1280,720,964875,50341ef715e4eb4b6ec7f5840f53e68f0309e1c26707b26931af14b75d6f17a8,frames/window-0040-reverse-00000.png,NATIVE_LOADING_AND_MIPS_READY,UNREVIEWED
window-0040-reverse-00001,1209,VIAL_TR70190001272-1-interval-9-tile-1,reverse,0.0,17.01402043013124,"[97399.87729269196,39420.8290476352,53048.42503595473]","[96902.26846406586,39379.22399137605,53242.84236668377]","[98196.05141849373,39487.39713764983,53129.35730678828]","[97399.87729269196,39420.8290476352,53088.42503595473]",76.0,1280,720,1014693,0b0ac7efbc53c3ab29510e57d727c5a5521c6b9cf84e8ba29b9590e5e6805244,frames/window-0040-reverse-00001.png,NATIVE_LOADING_AND_MIPS_READY,UNREVIEWED
window-0039-reverse-00000,1210,VIAL_TR70190001272-1-interval-9-tile-0,reverse,99.69479372614961,0.0,"[97399.87729269196,39420.8290476352,53048.42503595473]","[96902.26709383383,39379.22387774604,53242.8692180092]","[98196.05361086498,39487.39731945785,53129.31434466759]","[97399.87729269196,39420.8290476352,53088.42503595473]",76.0,1280,720,1013349,8beaac5d7a76f9cef713fdc6deb448554445d07775a481afb37bae5aa01b968b,frames/window-0039-reverse-00000.png,NATIVE_LOADING_AND_MIPS_READY,UNREVIEWED
window-0039-reverse-00001,1211,VIAL_TR70190001272-1-interval-9-tile-0,reverse,79.75583498091969,19.938958745229925,"[99372.25543096717,39665.29987749496,53160.85300654155]","[98886.61941446162,39549.81036753784,53352.2202881501]","[100149.27305737606,39850.08309342635,53246.665355967874]","[99372.25543096717,39665.29987749496,53200.85300654155]",76.0,1280,720,1005626,cb8a9794dfec369d9c4fad2eb56220a4841a152b25258372e5eed0e09e9e650c,frames/window-0039-reverse-00001.png,NATIVE_LOADING_AND_MIPS_READY,UNREVIEWED
window-0039-reverse-00002,1212,VIAL_TR70190001272-1-interval-9-tile-0,reverse,59.81687623568977,39.87791749045984,"[101307.51850358218,40125.69585094814,53296.03830296121]","[100822.94305639101,40008.59867503776,53477.63404052464]","[102082.83921908804,40313.05133240474,53397.485122859725]","[101307.51850358218,40125.69585094814,53336.038302961206]",76.0,1280,720,1001887,c5bf064b66340b5ab0d580a02de8d407af9e30277459208bf2fa30dac8a8bdc0,frames/window-0039-reverse-00002.png,NATIVE_LOADING_AND_MIPS_READY,UNREVIEWED
window-0039-reverse-00003,1213,VIAL_TR70190001272-1-interval-9-tile-0,reverse,39.87791749045984,59.81687623568977,"[103126.16731164894,40912.17083264125,53453.903167255055]","[102688.09221157353,40674.64774855818,53633.00095189219]","[103827.08747176957,41292.207767174164,53559.34671183564]","[103126.16731164894,40912.17083264125,53493.903167255055]",76.0,1280,720,957939,ec7f423da335d14ba5234e49633479451a27875e7ae851418a750bb5b8d93694,frames/window-0039-reverse-00003.png,NATIVE_LOADING_AND_MIPS_READY,UNREVIEWED
window-0039-reverse-00004,1214,VIAL_TR70190001272-1-interval-9-tile-0,reverse,19.93895874522992,79.75583498091969,"[104696.83460029673,42125.78569155543,53609.32924188445]","[104310.72016314068,41810.62162472667,53789.48890554533]","[105314.61769974642,42630.04819848145,53713.07378002706]","[104696.83460029673,42125.78569155543,53649.32924188445]",76.0,1280,720,900853,d58f82b7d82417d35f30056e815d11bd790fed7211fd5baf3f10b9a8e15fe726,frames/window-0039-reverse-00004.png,NATIVE_LOADING_AND_MIPS_READY,UNREVIEWED
window-0039-reverse-00005,1215,VIAL_TR70190001272-1-interval-9-tile-0,reverse,0.0,99.69479372614961,"[106493.69353124639,42362.201018538326,53736.239266380835]","[106078.78534029688,42639.134982239724,53922.198513868134]","[107157.54663676562,41919.10667661609,53830.70447040116]","[106493.69353124639,42362.201018538326,53776.239266380835]",76.0,1280,720,856824,b02760b0a07176ac1c37170e08e6d40d947c87dc34ea872a66785259d294160c,frames/window-0039-reverse-00005.png,NATIVE_LOADING_AND_MIPS_READY,UNREVIEWED
window-0038-reverse-00000,1216,VIAL_TR70190001272-1-interval-7-tile-0,reverse,0.9975497896807735,0.0,"[107189.15558932931,41217.25975871086,53813.90019163622]","[107078.27836401359,41704.13309532932,54008.19814898787]","[107366.55914983446,40438.26242012133,53895.0234598736]","[107189.15558932931,41217.25975871086,53853.90019163622]",76.0,1280,720,1063759,74815c43ad517c4af669c45a818dccb33f47e073a11e3136902ac9e309951e48,frames/window-0038-reverse-00000.png,NATIVE_LOADING_AND_MIPS_READY,UNREVIEWED
window-0038-reverse-00001,1217,VIAL_TR70190001272-1-interval-7-tile-0,reverse,0.0,0.9975497896807735,"[107210.93922235304,41120.04963867366,53819.05784534439]","[107103.44602046814,41607.66541556347,54013.056582361954]","[107382.9283453689,40339.86439564997,53900.65986611628]","[107210.93922235304,41120.04963867366,53859.05784534439]",76.0,1280,720,1052064,5c666e0ad928b52e9e4a8f87b9c868e835e702648d5e1118b09887f95878bd17,frames/window-0038-reverse-00001.png,NATIVE_LOADING_AND_MIPS_READY,UNREVIEWED
window-0037-reverse-00000,1218,VIAL_TR70190001272-1-interval-59-tile-0,reverse,11.014166934871934,0.0,"[10535.270376550034,1549.6685446240008,36223.90725723547]","[10551.491453519433,1050.4760848587518,36420.58849278548]","[10509.316653398995,2348.376480248399,36301.21728035545]","[10535.270376550034,1549.6685446240008,36263.90725723547]",76.0,1280,720,981966,a5985e2b8ef71033b51c226ca62ab087a2e033ec997a802cab805636dc073a8c,frames/window-0037-reverse-00000.png,NATIVE_LOADING_AND_MIPS_READY,UNREVIEWED
window-0037-reverse-00001,1219,VIAL_TR70190001272-1-interval-59-tile-0,reverse,0.0,11.014166934871934,"[10499.54781885026,2649.0056335926056,36281.15512373446]","[10515.756746366786,2150.187062216186,36470.86810475352]","[10473.613534823819,3447.115347794877,36369.61435410396]","[10499.54781885026,2649.0056335926056,36321.155123734454]",76.0,1280,720,1001896,4462c545d0919e320641a811bb0c29c713138449db71cdbe60fd3d3b1943117c,frames/window-0037-reverse-00001.png,NATIVE_LOADING_AND_MIPS_READY,UNREVIEWED
window-0036-reverse-00000,1220,VIAL_TR70190001272-1-interval-57-tile-0,reverse,10.533514763700765,0.0,"[11164.64799172245,6686.211366858333,36589.111376668814]","[11014.2286808323,6210.965582978142,36770.18226397105]","[11405.318889146687,7446.604621066639,36691.39795698524]","[11164.64799172245,6686.211366858333,36629.111376668814]",76.0,1280,720,1283965,35d865f56ca879a8b2f719f9b3f3e7672d2bbbf9c42e125766073fb578a0840c,frames/window-0036-reverse-00000.png,NATIVE_LOADING_AND_MIPS_READY,UNREVIEWED
window-0036-reverse-00001,1221,VIAL_TR70190001272-1-interval-57-tile-0,reverse,0.0,10.533514763700765,"[11481.466526712757,7687.191041838378,36673.981902329084]","[11331.16906488744,7212.3302371813015,36850.18819080218]","[11721.942465633267,8446.968329289699,36784.051840772125]","[11481.466526712757,7687.191041838378,36713.981902329084]",76.0,1280,720,1297316,a45576e3cdb404ccf25f685ee95a5efa8157e3ebed493ed773634f2496452e76,frames/window-0036-reverse-00001.png,NATIVE_LOADING_AND_MIPS_READY,UNREVIEWED
window-0035-reverse-00000,1222,VIAL_TR70190001272-1-interval-55-tile-0,reverse,83.98379981705813,0.0,"[22684.997944382485,15175.917423609644,37848.57741408828]","[22330.72513820221,14824.469321767685,38037.352255756545]","[23251.83443427092,15738.234386556778,37938.53766741904]","[22684.997944382485,15175.917423609644,37888.57741408827]",76.0,1280,720,1174494,e3b557a613f294610ad1ed98c0d47fe4d72fe4c28aef178e2807260276331482,frames/window-0035-reverse-00000.png,NATIVE_LOADING_AND_MIPS_READY,UNREVIEWED
window-0035-reverse-00001,1223,VIAL_TR70190001272-1-interval-55-tile-0,reverse,67.1870398536465,16.79675996341163,"[23730.771226739183,16478.51565076421,37962.32782003843]","[23522.13800878414,16025.489641241677,38147.11965249442]","[24064.58437546726,17203.357266000265,38058.66088810886]","[23730.771226739183,16478.51565076421,38002.32782003843]",76.0,1280,720,1200901,72c9bd5d08cfd3576229a2f406aa1dcd3695535accb25d2c572fdc8948d28a53,frames/window-0035-reverse-00001.png,NATIVE_LOADING_AND_MIPS_READY,UNREVIEWED
window-0035-reverse-00002,1224,VIAL_TR70190001272-1-interval-55-tile-0,reverse,50.39027989023488,33.59351992682325,"[24328.92480606046,18042.90837332229,38087.601102575914]","[24164.157382158235,17572.79299399831,38264.6682929346]","[24592.55268430402,18795.09298024066,38196.29359800201]","[24328.92480606046,18042.90837332229,38127.60110257591]",76.0,1280,720,1152512,22444868ac2890365d08824f4fd79e53f99d57558bb9b20a5df366490ee2d90c,frames/window-0035-reverse-00002.png,NATIVE_LOADING_AND_MIPS_READY,UNREVIEWED
window-0035-reverse-00003,1225,VIAL_TR70190001272-1-interval-55-tile-0,reverse,33.59351992682325,50.39027989023488,"[24594.72168008378,19684.400705222106,38224.70321260356]","[24638.941879764992,19187.61942194284,38409.306453944555]","[24523.96936059385,20479.25075846893,38321.33802645797]","[24594.72168008378,19684.400705222106,38264.703212603556]",76.0,1280,720,1005745,14420cf01f42c07dea5e522fcfc7c0f505d014473f818280dc0e7035cc784f2d,frames/window-0035-reverse-00003.png,NATIVE_LOADING_AND_MIPS_READY,UNREVIEWED
window-0035-reverse-00004,1226,VIAL_TR70190001272-1-interval-55-tile-0,reverse,16.796759963411624,67.1870398536465,"[24131.1647950857,21266.834833462715,38340.43670908503]","[24378.609922798805,20834.270087234192,38519.710193259336]","[23735.252590744734,21958.938427428355,38445.59913440613]","[24131.1647950857,21266.834833462715,38380.43670908502]",76.0,1280,720,941045,db9344582bb20b095b09b633db13c26872552acb1f3b9ec8eb2854416f883051,frames/window-0035-reverse-00004.png,NATIVE_LOADING_AND_MIPS_READY,UNREVIEWED
window-0035-reverse-00005,1227,VIAL_TR70190001272-1-interval-55-tile-0,reverse,0.0,83.98379981705813,"[23300.453265890246,22718.82600216195,38491.87635589417]","[23547.71531374319,22286.640310360202,38666.30215822252]","[22904.83398932554,23410.323109044744,38604.79507216881]","[23300.453265890246,22718.82600216195,38531.876355894165]",76.0,1280,720,973395,e4e306f2733bb0a4ff4d1a1919e5ae49c7fb7db55cc4ff074168ae28258f6891,frames/window-0035-reverse-00005.png,NATIVE_LOADING_AND_MIPS_READY,UNREVIEWED
window-0034-reverse-00000,1228,VIAL_TR70190001272-1-interval-53-tile-0,reverse,16.05155271004756,0.0,"[21774.598051339854,32248.142315726727,39304.767888435556]","[21688.563013258557,31757.02045057041,39487.38760235139]","[21912.254112269922,33033.93729997683,39404.57634617022]","[21774.598051339854,32248.142315726727,39344.767888435556]",76.0,1280,720,1288963,27c5073f51a431ef4c6556c1203b477c1b45c7ce4f4cf5f255df953d9841861e,frames/window-0034-reverse-00000.png,NATIVE_LOADING_AND_MIPS_READY,UNREVIEWED
window-0034-reverse-00001,1229,VIAL_TR70190001272-1-interval-53-tile-0,reverse,0.0,16.05155271004756,"[22050.66204473842,33824.02426013723,39434.64971507781]","[21964.702766874216,33333.33486412315,39611.81375835446]","[22188.19688932115,34609.12729375975,39543.187245835165]","[22050.66204473842,33824.02426013723,39474.64971507781]",76.0,1280,720,1277512,cb72145e8a14cb9b4541def7624530f9f064ef7d19ac1175b33c9aaf9f9909fd,frames/window-0034-reverse-00001.png,NATIVE_LOADING_AND_MIPS_READY,UNREVIEWED
window-0033-reverse-00000,1230,VIAL_TR70190001272-1-interval-51-tile-0,reverse,1.5031599991372548,0.0,"[22758.076027827337,37862.221742700785,39763.10257197582]","[22671.98421848303,37370.77580582188,39950.40560745252]","[22895.82292277823,38648.53524170704,39855.41771521308]","[22758.076027827337,37862.221742700785,39803.10257197581]",76.0,1280,720,1206622,b5e670531ee64e9b38feefa16820243e4ca82c173a315a6701ac3c0588611b06,frames/window-0033-reverse-00000.png,NATIVE_LOADING_AND_MIPS_READY,UNREVIEWED
window-0033-reverse-00001,1231,VIAL_TR70190001272-1-interval-51-tile-0,reverse,0.0,1.5031599991372548,"[22783.957027213182,38009.9606750533,39773.01600394043]","[22697.87201439393,37518.55353382234,39959.72348052856]","[22921.693047723984,38796.21210102283,39866.28404139941]","[22783.957027213182,38009.9606750533,39813.01600394042]",76.0,1280,720,1205286,2f4d00f7428d128d8ef930cfbbee4daa0f3be92990fe5fa37c54a5b49885ad44,frames/window-0033-reverse-00001.png,NATIVE_LOADING_AND_MIPS_READY,UNREVIEWED
window-0032-reverse-00000,1232,VIAL_TR70190001272-1-interval-5-tile-0,reverse,6.50775022199538,0.0,"[107219.93675887934,40183.50767409429,53868.66351338637]","[107275.70806695848,40679.728394039674,54063.07917653695]","[107130.7026659527,39389.55452218167,53949.598452345446]","[107219.93675887934,40183.50767409429,53908.66351338636]",76.0,1280,720,1134662,2731b95c2bf409fd9e6678e7e3738ff1aea3fde49507b6468eff14f23d730dd7,frames/window-0032-reverse-00000.png,NATIVE_LOADING_AND_MIPS_READY,UNREVIEWED
window-0032-reverse-00001,1233,VIAL_TR70190001272-1-interval-5-tile-0,reverse,0.0,6.50775022199538,"[107147.3444131494,39537.62312605977,53901.39158108676]","[107203.12453876625,40033.92229985362,54097.397671907296]","[107058.09621216246,38743.54444798961,53979.78183577391]","[107147.3444131494,39537.62312605977,53941.39158108676]",76.0,1280,720,1104304,18dfa102a9e5c6db553f0bebbeccebe4fd4f04bd9b2d208565b81cb495372aa3,frames/window-0032-reverse-00001.png,NATIVE_LOADING_AND_MIPS_READY,UNREVIEWED
window-0031-reverse-00000,1234,VIAL_TR70190001272-1-interval-49-tile-0,reverse,2.5077556588746033,0.0,"[24961.870897898916,46246.53083495796,40386.429597992086]","[24786.45986782267,45780.053453076616,40566.05853507923]","[25242.528546020912,46992.89464596811,40491.02329865266]","[24961.870897898916,46246.53083495796,40426.429597992086]",76.0,1280,720,1098519,9bf000bc7e60e294cc3a47f6ae88f1ef6dcb2634b615ba692032a2dff6e581a8,frames/window-0031-reverse-00000.png,NATIVE_LOADING_AND_MIPS_READY,UNREVIEWED
window-0031-reverse-00001,1235,VIAL_TR70190001272-1-interval-49-tile-0,reverse,0.0,2.5077556588746033,"[25049.857094249455,46480.515952873975,40406.372680701876]","[24874.41017552395,46013.943129981795,40587.280742298324]","[25330.572164210265,47227.032469501464,40508.91978214756]","[25049.857094249455,46480.515952873975,40446.372680701876]",76.0,1280,720,1096569,5db2069e066b2984e8c7804321e2d92e77f8621f6c82cbd55b103fa2783ef212,frames/window-0031-reverse-00001.png,NATIVE_LOADING_AND_MIPS_READY,UNREVIEWED
window-0030-reverse-00000,1236,VIAL_TR70190001272-1-interval-47-tile-0,reverse,21.27728531386111,0.0,"[31932.257150951773,50125.92097688466,40862.747234777926]","[31554.48960162492,49798.62307378539,41069.79496461372]","[32536.685229874736,50649.597621843495,40923.470867040654]","[31932.257150951773,50125.92097688466,40902.747234777926]",76.0,1280,720,817583,7ffa4bd05ae8c3fd6f6bfa910658c2d2f2ac33a967e1f778b90f6e6714f76ca2,frames/window-0030-reverse-00000.png,NATIVE_LOADING_AND_MIPS_READY,UNREVIEWED
window-0030-reverse-00001,1237,VIAL_TR70190001272-1-interval-47-tile-0,reverse,10.638642656930555,10.638642656930555,"[32722.073636748875,50837.2477190577,40903.825133358325]","[32369.138179051395,50483.95110922512,41098.964156292364]","[33286.77036906485,51402.52229478983,40983.60269666385]","[32722.073636748875,50837.2477190577,40943.82513335832]",76.0,1280,720,785934,c7931dc9640579b084a42858e0ee0fdd4fa63ec7f7f22ac5cc7490835cac5ac6,frames/window-0030-reverse-00001.png,NATIVE_LOADING_AND_MIPS_READY,UNREVIEWED
window-0030-reverse-00002,1238,VIAL_TR70190001272-1-interval-47-tile-0,reverse,0.0,21.27728531386111,"[33118.434650765266,51798.29134559259,40958.77216879561]","[33014.68307298556,51310.14828617216,41147.91826064961]","[33284.4371752128,52579.32024066528,41048.138421829186]","[33118.434650765266,51798.29134559259,40998.7721687956]",76.0,1280,720,838972,d8c7069d127659acefe261e1651ad285833c049fb5dcecdf9433eb90c91c6e5c,frames/window-0030-reverse-00002.png,NATIVE_LOADING_AND_MIPS_READY,UNREVIEWED
window-0029-reverse-00000,1239,VIAL_TR70190001272-1-interval-45-tile-0,reverse,3.9799907064344713,0.0,"[33169.37067504041,52725.648559909314,41016.43417490697]","[33263.361819710335,52235.09055941379,41213.66329715776]","[33018.98484356853,53510.541360702155,41092.867579305705]","[33169.37067504041,52725.648559909314,41056.43417490697]",76.0,1280,720,1051221,d4c9e0a19d8538bb2b868c454b88335a1fdb2dcc1b1c24afcaaaec382fc75b5d,frames/window-0029-reverse-00000.png,NATIVE_LOADING_AND_MIPS_READY,UNREVIEWED
window-0029-reverse-00001,1240,VIAL_TR70190001272-1-interval-45-tile-0,reverse,0.0,3.9799907064344713,"[33072.726461238926,53111.12430775538,41033.214912963726]","[33218.131459359094,52633.18946704724,41232.34209430029]","[32840.07846424667,53875.82005288841,41106.611422825204]","[33072.726461238926,53111.12430775538,41073.21491296372]",76.0,1280,720,1119702,bfb3a744b4281130f578aff06c905f2404a6196122e834e9207f4872f36804a4,frames/window-0029-reverse-00001.png,NATIVE_LOADING_AND_MIPS_READY,UNREVIEWED
window-0028-reverse-00000,1241,VIAL_TR70190001272-1-interval-43-tile-0,reverse,3.5028220150864193,0.0,"[19937.111428263597,65658.30004466698,41969.82194031057]","[20376.77605914715,65421.12807537807,42168.73949895158]","[19233.64801884992,66037.77519552923,42043.55384648494]","[19937.111428263597,65658.30004466698,42009.82194031056]",76.0,1280,720,1204893,c9ea83fd3f9e7a26f78ba8f913d39c279729c9d63e1b4da26d0941f1250e2d37,frames/window-0028-reverse-00000.png,NATIVE_LOADING_AND_MIPS_READY,UNREVIEWED
window-0028-reverse-00001,1242,VIAL_TR70190001272-1-interval-43-tile-0,reverse,0.0,3.5028220150864193,"[19629.095387016423,65824.45571422577,41984.51987463201]","[20068.759482393376,65587.28403467749,42183.423010964354]","[18925.6328344133,66203.93040150304,42058.27485650024]","[19629.095387016423,65824.45571422577,42024.51987463201]",76.0,1280,720,1194410,49d52127453a105e455ed3a4c85eb797c412ab070344aa2756a1bf79ffe46f8e,frames/window-0028-reverse-00001.png,NATIVE_LOADING_AND_MIPS_READY,UNREVIEWED
window-0027-reverse-00000,1243,VIAL_TR70190001272-1-interval-41-tile-0,reverse,47.14656129998315,0.0,"[15496.516212297138,67816.4229888469,42196.69288848717]","[15977.199260372512,67681.21643471558,42390.94419894964]","[14727.423335376538,68032.75347545701,42277.8907917472]","[15496.516212297138,67816.4229888469,42236.69288848717]",76.0,1280,720,1034426,4c4f91d304df693bd61638e78f492ef81f4e1a7845af7e480431179730715be3,frames/window-0027-reverse-00000.png,NATIVE_LOADING_AND_MIPS_READY,UNREVIEWED
window-0027-reverse-00001,1244,VIAL_TR70190001272-1-interval-41-tile-0,reverse,31.431040866655433,15.715520433327715,"[14056.226428629336,68363.79317985759,42303.135515960494]","[14309.340044746108,67933.83679097502,42490.409364409374]","[13651.244642842497,69051.7234020697,42395.49735844227]","[14056.226428629336,68363.79317985759,42343.13551596049]",76.0,1280,720,761358,b95f94f4a7774c64d450c2778d3cbfced09d65d2fe93413e0fed9c9b27a5b493,frames/window-0027-reverse-00001.png,NATIVE_LOADING_AND_MIPS_READY,UNREVIEWED
window-0027-reverse-00002,1245,VIAL_TR70190001272-1-interval-41-tile-0,reverse,15.715520433327717,31.43104086665543,"[14555.686870393902,69518.71403934225,42404.58321475051]","[14056.541638938355,69533.06927662918,42599.12805657723]","[15354.319240722774,69495.74565968313,42485.31146782774]","[14555.686870393902,69518.71403934225,42444.583214750506]",76.0,1280,720,951902,198e20b1019ebed055f37a50126851250dad49aae79209c9959bd8e5b07c636b,frames/window-0027-reverse-00002.png,NATIVE_LOADING_AND_MIPS_READY,UNREVIEWED
window-0027-reverse-00003,1246,VIAL_TR70190001272-1-interval-41-tile-0,reverse,0.0,47.14656129998315,"[16037.407562480075,69046.81882336736,42465.29949735098]","[15581.895394146994,69252.41843652088,42669.889644281546]","[16766.227031813007,68717.85944232174,42529.955262262054]","[16037.407562480075,69046.81882336736,42505.29949735097]",76.0,1280,720,1004698,a46a732f70e9fabb4aaee8d0aebf09ae0f2fc675eace38bba5e81c99202b4ebe,frames/window-0027-reverse-00003.png,NATIVE_LOADING_AND_MIPS_READY,UNREVIEWED
window-0026-reverse-00000,1247,VIAL_TR70190001272-1-interval-39-tile-0,reverse,38.52236363064019,0.0,"[19591.82394662057,67442.50024519861,42585.20320186428]","[19136.241735713542,67648.13147279188,42792.52852855272]","[20320.755484071815,67113.4902810494,42645.48267916277]","[19591.82394662057,67442.50024519861,42625.20320186428]",76.0,1280,720,1120521,b730f62cf8f153ca03aba20e939d79c28e940c2819ee12c06b319a28eac0d9dc,frames/window-0026-reverse-00000.png,NATIVE_LOADING_AND_MIPS_READY,UNREVIEWED
window-0026-reverse-00001,1248,VIAL_TR70190001272-1-interval-39-tile-0,reverse,19.261181815320096,19.261181815320096,"[21346.57581249825,66650.47682584487,42643.379908115756]","[20891.201010818055,66856.01443822491,42843.6801646698]","[22075.175495186562,66321.61664603681,42714.899497629274]","[21346.57581249825,66650.47682584487,42683.37990811575]",76.0,1280,720,1067195,9878f528d137ab535d2ac6a991101d3ef4343eb385dcc6775df55608f39663ae,frames/window-0026-reverse-00001.png,NATIVE_LOADING_AND_MIPS_READY,UNREVIEWED
window-0026-reverse-00002,1249,VIAL_TR70190001272-1-interval-39-tile-0,reverse,0.0,38.52236363064019,"[23100.670889933826,65858.74985400587,42721.78376038576]","[22645.532583384746,66064.18072032162,42916.34204117501]","[23828.892180412353,65530.06046790068,42802.49051112295]","[23100.670889933826,65858.74985400587,42761.78376038576]",76.0,1280,720,1058654,09f74b053dab18523a28aaf68f320b3b7ae9801d4278721b8cd2663192c99a6f,frames/window-0026-reverse-00002.png,NATIVE_LOADING_AND_MIPS_READY,UNREVIEWED
window-0025-reverse-00000,1250,VIAL_TR70190001272-1-interval-37-tile-0,reverse,32.00306738723407,0.0,"[30710.76750725624,62423.86264177039,43154.38847183486]","[30255.657982094668,62629.28051912336,43348.334378662985]","[31438.942747514757,62095.19403800564,43236.075020909855]","[30710.76750725624,62423.86264177039,43194.38847183486]",76.0,1280,720,996131,4f0f0bf814315e51a8cb9075e39ceb398e302a8cf862fea6734874b73c8bfbe7,frames/window-0025-reverse-00000.png,NATIVE_LOADING_AND_MIPS_READY,UNREVIEWED
window-0025-reverse-00001,1251,VIAL_TR70190001272-1-interval-37-tile-0,reverse,16.001533693617034,16.001533693617034,"[32166.903280027662,61765.67463666047,43237.68212711118]","[31713.241469262102,61974.137533178,43430.586329864534]","[32892.76217725257,61432.13400223242,43321.035402705806]","[32166.903280027662,61765.67463666047,43277.68212711118]",76.0,1280,720,939458,60bcbdeefe7787aafcc7e1d83338f8f3f547d10a48d6052713a3a276c7bab392,frames/window-0025-reverse-00001.png,NATIVE_LOADING_AND_MIPS_READY,UNREVIEWED
window-0025-reverse-00002,1252,VIAL_TR70190001272-1-interval-37-tile-0,reverse,0.0,32.00306738723407,"[33474.685898580356,60858.23257388547,43314.801845910886]","[33084.48587011389,61170.08677204429,43512.64565319904]","[34099.0059441267,60359.26585683135,43390.25175424983]","[33474.685898580356,60858.23257388547,43354.801845910886]",76.0,1280,720,962753,5a3ca120ca383583d5208c6ff13e7bab55834dcff69ae0302b320df8f88a247c,frames/window-0025-reverse-00002.png,NATIVE_LOADING_AND_MIPS_READY,UNREVIEWED
window-0024-reverse-00000,1253,VIAL_TR70190001272-1-interval-35-tile-0,reverse,11.520731865107223,0.0,"[36657.0828597527,57971.473834104836,43566.85312456531]","[36295.18751205773,58315.03634775712,43755.28484096193]","[37236.11541606464,57421.77381226118,43657.362378330705]","[36657.0828597527,57971.473834104836,43606.85312456531]",76.0,1280,720,947721,893ee8948c9731a3bac13f0b5baef1c39a3ada9c5243ae5c51fa167982cd6a97,frames/window-0024-reverse-00000.png,NATIVE_LOADING_AND_MIPS_READY,UNREVIEWED
window-0024-reverse-00001,1254,VIAL_TR70190001272-1-interval-35-tile-0,reverse,0.0,11.520731865107223,"[37491.04344351217,57179.75988779217,43637.33243413655]","[37129.07642271108,57523.390442761476,43827.367161839014]","[38070.19067679393,56629.95099984129,43725.27686981261]","[37491.04344351217,57179.75988779217,43677.33243413655]",76.0,1280,720,921477,f6d89b84cce6806ea965e090aef87a751df31c87f0a26a4e686c43acd4caeeff,frames/window-0024-reverse-00001.png,NATIVE_LOADING_AND_MIPS_READY,UNREVIEWED
window-0023-reverse-00000,1255,VIAL_TR70190001272-1-interval-33-tile-0,reverse,61.750804965149285,0.0,"[39041.63046134054,55560.6348243542,43769.23002152807]","[38753.95254616538,55968.72528318488,43962.704665133955]","[39501.91512562079,54907.69009022511,43851.67059175865]","[39041.63046134054,55560.6348243542,43809.23002152806]",76.0,1280,720,912678,a26a43d5e73a75e197bc63a39dd6e5d98a95ca2dc6758b4e7f3a9deee86f1641,frames/window-0023-reverse-00000.png,NATIVE_LOADING_AND_MIPS_READY,UNREVIEWED
window-0023-reverse-00001,1256,VIAL_TR70190001272-1-interval-33-tile-0,reverse,46.313103723861964,15.437701241287321,"[39767.6467530872,54207.1220903126,43856.09063513353]","[39571.98521595857,54666.4472394194,44048.94343847384]","[40080.70521249303,53472.201851741724,43939.52614978903]","[39767.6467530872,54207.1220903126,43896.09063513353]",76.0,1280,720,980100,b4cd5f5c7c3ec888307f445e0c721605e3abcc01267fb4a61776198e871147ac,frames/window-0023-reverse-00001.png,NATIVE_LOADING_AND_MIPS_READY,UNREVIEWED
window-0023-reverse-00002,1257,VIAL_TR70190001272-1-interval-33-tile-0,reverse,30.875402482574643,30.875402482574643,"[40371.91413702707,52788.574480964584,43932.262513468486]","[40176.17706239743,53248.07695730234,44128.92859277548]","[40685.0934564345,52053.370518824195,44009.59678657729]","[40371.91413702707,52788.574480964584,43972.262513468486]",76.0,1280,720,1008116,f1a430fdd56d585949273025dc19bc299ad00a91b2c6a3bb9a8756b21e78d277,frames/window-0023-reverse-00002.png,NATIVE_LOADING_AND_MIPS_READY,UNREVIEWED
window-0023-reverse-00003,1258,VIAL_TR70190001272-1-interval-33-tile-0,reverse,15.437701241287321,46.313103723861964,"[41078.0610357693,51424.80863139326,43998.399172261736]","[40751.097195006274,51802.65047375225,44200.22806893081]","[41601.20318099013,50820.26168361889,44067.47293759121]","[41078.0610357693,51424.80863139326,44038.399172261736]",76.0,1280,720,1180481,e6afaa4456edb25b3cde78277a234fefef2e0b52dccf97ca83352a45e73e59a8,frames/window-0023-reverse-00003.png,NATIVE_LOADING_AND_MIPS_READY,UNREVIEWED
window-0023-reverse-00004,1259,VIAL_TR70190001272-1-interval-33-tile-0,reverse,0.0,61.750804965149285,"[42442.89589053369,50747.90072347969,44059.86467281724]","[41973.18315081636,50916.966841525806,44251.81846316146]","[43194.43627408142,50477.394934605894,44144.73860826649]","[42442.89589053369,50747.90072347969,44099.86467281724]",76.0,1280,720,1401786,ac5c94477a0bbf0091352e8676b3d515f7080a1392402a4027135d9ed905db8b,frames/window-0023-reverse-00004.png,NATIVE_LOADING_AND_MIPS_READY,UNREVIEWED
window-0022-reverse-00000,1260,VIAL_TR70190001272-1-interval-31-tile-1,reverse,25.397711847285656,0.0,"[43901.19192212005,50223.008746281266,44146.28600911732]","[43431.49108815312,50392.0705790086,44338.01547170389]","[44652.71325646714,49952.50981391753,44231.518868978805]","[43901.19192212005,50223.008746281266,44186.28600911731]",76.0,1280,720,1429989,08474ca0ea6eec88cc3e471f85dd7bb38077e42f52d6e27db9b0ac6fe53cc036,frames/window-0022-reverse-00000.png,NATIVE_LOADING_AND_MIPS_READY,UNREVIEWED
window-0022-reverse-00001,1261,VIAL_TR70190001272-1-interval-31-tile-1,reverse,12.698855923642828,12.698855923642828,"[45107.321243115555,49844.31995658242,44237.055879140644]","[44614.47962551334,49917.72160448997,44415.59097779402]","[45895.8678312791,49726.87731993033,44343.399721295245]","[45107.321243115555,49844.31995658242,44277.055879140644]",76.0,1280,720,1497949,c3dad65d43ffb4b1686a9ff46b2e6880d5dd4681353330ec97334a5053f47c96,frames/window-0022-reverse-00001.png,NATIVE_LOADING_AND_MIPS_READY,UNREVIEWED
window-0022-reverse-00002,1262,VIAL_TR70190001272-1-interval-31-tile-1,reverse,0.0,25.397711847285656,"[46356.01895392756,49879.55951318145,44330.73833726882]","[45892.57350803462,49694.50264228184,44519.55704136984]","[47097.53166735626,50175.65050662082,44420.6284107072]","[46356.01895392756,49879.55951318145,44370.73833726882]",76.0,1280,720,1134405,9482b7f50a72f7564e64b31d75381994c3304d5284c5bb32eeb1c56de6802673,frames/window-0022-reverse-00002.png,NATIVE_LOADING_AND_MIPS_READY,UNREVIEWED
window-0021-reverse-00000,1263,VIAL_TR70190001272-1-interval-31-tile-0,reverse,97.9930235084385,0.0,"[46356.01895392756,49879.55951318145,44330.73833726882]","[45897.73098976811,49682.104565100235,44519.37457816961]","[47089.27969658267,50195.48743011139,44420.92035182755]","[46356.01895392756,49879.55951318145,44370.73833726882]",76.0,1280,720,1116557,0a32af3da340dcc420e35ec1039e910a86458723fd05bf2dfd30b301e412dd02,frames/window-0021-reverse-00000.png,NATIVE_LOADING_AND_MIPS_READY,UNREVIEWED
window-0021-reverse-00001,1264,VIAL_TR70190001272-1-interval-31-tile-0,reverse,78.39441880675079,19.598604701687705,"[46830.94584939818,51464.70820624149,44462.299766348704]","[47155.740255550074,51085.71687300107,44652.73351766737]","[46311.274799555154,52071.09433942618,44549.605764238826]","[46830.94584939818,51464.70820624149,44502.2997663487]",76.0,1280,720,974685,52b1a209398fe6b73b20e6d39854e4664b23a06efabfc6e93754042fb1600802,frames/window-0021-reverse-00001.png,NATIVE_LOADING_AND_MIPS_READY,UNREVIEWED
window-0021-reverse-00002,1265,VIAL_TR70190001272-1-interval-31-tile-0,reverse,58.795814105063094,39.1972094033754,"[45178.17748377932,52484.65255647843,44564.301245690796]","[45628.877236520144,52269.68298534207,44758.653314686395]","[44457.05787939399,52828.60387029662,44645.33793529784]","[45178.17748377932,52484.65255647843,44604.301245690796]",76.0,1280,720,949035,a5dc17642ce3974f95ee8b66fd3b3c87051bc1d54688f081662c1f7329e8aa87,frames/window-0021-reverse-00002.png,NATIVE_LOADING_AND_MIPS_READY,UNREVIEWED
window-0021-reverse-00003,1266,VIAL_TR70190001272-1-interval-31-tile-0,reverse,39.197209403375396,58.7958141050631,"[43411.5980254612,53327.25525587509,44665.45032455914]","[43862.23213839521,53112.316992829175,44858.423683277215]","[42690.58344476678,53671.15647674855,44748.692950610224]","[43411.5980254612,53327.25525587509,44705.45032455914]",76.0,1280,720,1041766,50a90abf7a1a7782e32bb4476b73dfe5a2d35116cf3f8d02829e3d22889abe36,frames/window-0021-reverse-00003.png,NATIVE_LOADING_AND_MIPS_READY,UNREVIEWED
window-0021-reverse-00004,1267,VIAL_TR70190001272-1-interval-31-tile-0,reverse,19.598604701687698,78.39441880675079,"[41822.06908414583,54420.85591580247,44808.34129060626]","[42079.37261956427,53994.21110256432,44986.28069148846]","[41410.383427476314,55103.487616983526,44915.63824919473]","[41822.06908414583,54420.85591580247,44848.34129060625]",76.0,1280,720,1134798,7a2cd6571e1c71c22161dd7e702710e7bd462a3501fdb71a1bd693772167a899,frames/window-0021-reverse-00004.png,NATIVE_LOADING_AND_MIPS_READY,UNREVIEWED
window-0021-reverse-00005,1268,VIAL_TR70190001272-1-interval-31-tile-0,reverse,0.0,97.9930235084385,"[42696.00749458186,55353.157973475754,44970.41871123672]","[42252.17678531841,55580.99102294856,45157.15607329834]","[43406.136629403394,54988.625094319264,45063.63893193813]","[42696.00749458186,55353.157973475754,45010.41871123672]",76.0,1280,720,1160243,3ae0a24357b6e35fc2d487ce0d23acda2519b2eea25af26043a82e67720cc9c1,frames/window-0021-reverse-00005.png,NATIVE_LOADING_AND_MIPS_READY,UNREVIEWED
window-0020-reverse-00000,1269,VIAL_TR70190001272-1-interval-3-tile-0,reverse,7.006811760721356,0.0,"[99810.08570491686,27570.543531142175,54685.21312267565]","[100268.72967951931,27768.822683333667,54887.0174537655]","[99076.25534555293,27253.296887635788,54754.326192931876]","[99810.08570491686,27570.543531142175,54725.21312267565]",76.0,1280,720,829545,05a6edaca50befdd9573fa42f8786499ae7035f5974cb50467b96cdbb67f17fb,frames/window-0020-reverse-00000.png,NATIVE_LOADING_AND_MIPS_READY,UNREVIEWED
window-0020-reverse-00001,1270,VIAL_TR70190001272-1-interval-3-tile-0,reverse,0.0,7.006811760721356,"[99167.60682952008,27292.789597809315,54717.034981483695]","[99625.90184280991,27490.91789038463,54910.3730146608]","[98434.33480825636,26975.78432968881,54799.69412840033]","[99167.60682952008,27292.789597809315,54757.034981483695]",76.0,1280,720,829684,af523e84d740c2651edec47bd430b2e6dd3c40529b43bb147a6352a1458a103a,frames/window-0020-reverse-00001.png,NATIVE_LOADING_AND_MIPS_READY,UNREVIEWED
window-0019-reverse-00000,1271,VIAL_TR70190001272-1-interval-29-tile-0,reverse,13.52882340038861,0.0,"[45718.256601836765,53930.01568671316,45187.583669965155]","[45246.071415370825,54091.19016427107,45374.96561566918]","[46473.75290018228,53672.13652262049,45279.77255683871]","[45718.256601836765,53930.01568671316,45227.58366996515]",76.0,1280,720,1336693,8f51741de9348c520f1c740fc4ea77eb8c9192e849554cd9f73dd9f8588adc28,frames/window-0019-reverse-00000.png,NATIVE_LOADING_AND_MIPS_READY,UNREVIEWED
window-0019-reverse-00001,1272,VIAL_TR70190001272-1-interval-29-tile-0,reverse,0.0,13.52882340038861,"[46995.78210635227,53493.94841790199,45277.368461667465]","[46523.74386307301,53655.072737301416,45462.456421052564]","[47751.0432955991,53236.14950686291,45373.2277266513]","[46995.78210635227,53493.94841790199,45317.368461667465]",76.0,1280,720,1345003,397668987e6b471b1b72b9f9241d9c15699ec19d4887fa6790a3b58e28e83ee8,frames/window-0019-reverse-00001.png,NATIVE_LOADING_AND_MIPS_READY,UNREVIEWED
window-0018-reverse-00000,1273,VIAL_TR70190001272-1-interval-27-tile-0,reverse,2.002844608499734,0.0,"[48320.626786130015,53041.74636537209,45373.359034048175]","[47848.308607590065,53201.54034291519,45556.19153532063]","[49076.335871793926,52786.07600130314,45472.82703201224]","[48320.626786130015,53041.74636537209,45413.35903404817]",76.0,1280,720,1393355,f8d483104d2455c61926802fda1cdd7f7d35f20efb73da5272cbe27f9b3ed425,frames/window-0018-reverse-00000.png,NATIVE_LOADING_AND_MIPS_READY,UNREVIEWED
window-0018-reverse-00001,1274,VIAL_TR70190001272-1-interval-27-tile-0,reverse,0.0,2.002844608499734,"[48510.436580266105,52979.681797046214,45388.55848660513]","[48034.662524918655,53128.49306869948,45569.90290890689]","[49271.67506882202,52741.583762401,45490.40741092229]","[48510.436580266105,52979.681797046214,45428.55848660512]",76.0,1280,720,1390463,adb673e12da90afee4f47d0374105e0ca1b965193ed983c88afe18d0dd0fb34b,frames/window-0018-reverse-00001.png,NATIVE_LOADING_AND_MIPS_READY,UNREVIEWED
window-0017-reverse-00000,1275,VIAL_TR70190001272-1-interval-25-tile-0,reverse,75.82905126459174,0.0,"[52428.7317757844,52540.89767578989,45675.614099759165]","[51932.3289169527,52589.69145735629,45860.924495780935]","[53222.97634991511,52462.82762528367,45771.117466124335]","[52428.7317757844,52540.89767578989,45715.614099759165]",76.0,1280,720,1262703,5cea8cdfb9fc9838a11723a8460cffbc45b6a542604736aa0620a81cac542b75,frames/window-0017-reverse-00000.png,NATIVE_LOADING_AND_MIPS_READY,UNREVIEWED
window-0017-reverse-00001,1276,VIAL_TR70190001272-1-interval-25-tile-0,reverse,56.87178844844381,18.95726281614793,"[54299.89140057807,52269.11184938421,45804.707785463725]","[53807.480973499456,52349.61699816182,45992.290316028906]","[55087.74808390383,52140.30361134003,45896.57573655943]","[54299.89140057807,52269.11184938421,45844.707785463725]",76.0,1280,720,1278311,dd69652189d652bd77b1f47c9997bb90df2d45928d803418e9ce2d79d9f1b53b,frames/window-0017-reverse-00001.png,NATIVE_LOADING_AND_MIPS_READY,UNREVIEWED
window-0017-reverse-00002,1277,VIAL_TR70190001272-1-interval-25-tile-0,reverse,37.91452563229587,37.91452563229587,"[56158.01982684318,51925.326661665466,45939.49266756055]","[55679.94032868436,52066.26161188005,46119.77701260912]","[56922.9470238973,51699.83074132213,46043.037715482846]","[56158.01982684318,51925.326661665466,45979.49266756055]",76.0,1280,720,1317922,cfed74dca2832dc3821a37ea504a3872416b3f6b400f9a8557e786addd967b2a,frames/window-0017-reverse-00002.png,NATIVE_LOADING_AND_MIPS_READY,UNREVIEWED
window-0017-reverse-00003,1278,VIAL_TR70190001272-1-interval-25-tile-0,reverse,18.957262816147935,56.87178844844381,"[57902.1441243199,51217.93000170047,46109.09585756532]","[57477.68042666828,51477.04784462833,46277.244986286954]","[58581.286040562496,50803.3414530159,46232.05725161069]","[57902.1441243199,51217.93000170047,46149.09585756532]",76.0,1280,720,1415498,f72597128c40806130e7b9aae210b69ad3cdf1d6fda3d6cb0a8d7cee5d1ccd03,frames/window-0017-reverse-00003.png,NATIVE_LOADING_AND_MIPS_READY,UNREVIEWED
window-0017-reverse-00004,1279,VIAL_TR70190001272-1-interval-25-tile-0,reverse,0.0,75.82905126459174,"[59654.38921522582,50894.989153929055,46302.399243347245]","[59246.91888838724,50608.314258689745,46480.144809430916]","[60306.341738167546,51353.66898631196,46410.00633761338]","[59654.38921522582,50894.989153929055,46342.399243347245]",76.0,1280,720,741282,8d8ab0d4c0d7192f90ca95a0a1cb0a24f65dc00e0044aa745105b5d284927be9,frames/window-0017-reverse-00004.png,NATIVE_LOADING_AND_MIPS_READY,UNREVIEWED
window-0016-reverse-00000,1280,VIAL_TR70190001272-1-interval-21-tile-0,reverse,2.483573160831433,0.0,"[51158.85260803625,56028.56250507757,47153.74047127297]","[50660.742679480565,56002.99852641611,47338.62662686301]","[51955.82849372535,56069.46487093593,47249.9226223289]","[51158.85260803625,56028.56250507757,47193.74047127297]",76.0,1280,720,978903,9ed8cdaac011279aa1eb04d2fda45e7aded44460368c20cd71ad98ef2c18b215,frames/window-0016-reverse-00000.png,NATIVE_LOADING_AND_MIPS_READY,UNREVIEWED
window-0016-reverse-00001,1281,VIAL_TR70190001272-1-interval-21-tile-0,reverse,0.0,2.483573160831433,"[51406.43179289182,56030.51025411114,47171.7542234806]","[50908.126238018514,56048.136611336966,47354.59395554084]","[52203.720680689104,56002.30808254984,47271.21065218423]","[51406.43179289182,56030.51025411114,47211.7542234806]",76.0,1280,720,1034563,840833934853fa7b59cd55e608eb7472230acfcd3a3a2effdcaaa1aee0fb644b,frames/window-0016-reverse-00001.png,NATIVE_LOADING_AND_MIPS_READY,UNREVIEWED
window-0015-reverse-00000,1282,VIAL_TR70190001272-1-interval-19-tile-0,reverse,53.657424785773244,0.0,"[63102.619538182626,52201.738168206066,48104.55874464872]","[62613.99346099036,52300.50839654539,48285.97119897013]","[63884.42126169025,52043.70580286316,48206.29881773444]","[63102.619538182626,52201.738168206066,48144.55874464871]",76.0,1280,720,1290619,c1adb8316dfd00ee7ddd96bbcb050fc75dd13b213c5340ee6dbc412d4ebe1054,frames/window-0015-reverse-00000.png,NATIVE_LOADING_AND_MIPS_READY,UNREVIEWED
window-0015-reverse-00001,1283,VIAL_TR70190001272-1-interval-19-tile-0,reverse,35.77161652384883,17.885808261924417,"[64849.91997100622,51848.69051143244,48250.43449396717]","[64361.84819681896,51947.30577465732,48425.036552375095]","[65630.83480970582,51690.90609027262,48363.07120051449]","[64849.91997100622,51848.69051143244,48290.43449396717]",76.0,1280,720,1255377,1ac4271fd8dc746a3cdd248809850c6b92a9c7db997f7bd112103da25fd29e1a,frames/window-0015-reverse-00001.png,NATIVE_LOADING_AND_MIPS_READY,UNREVIEWED
window-0015-reverse-00002,1284,VIAL_TR70190001272-1-interval-19-tile-0,reverse,17.885808261924414,35.771616523848834,"[66597.45629636181,51495.59950168707,48392.72825800421]","[66108.48141591296,51594.39723818881,48578.926282438086]","[67379.81610507995,51337.52312328428,48486.81141891001]","[66597.45629636181,51495.59950168707,48432.72825800421]",76.0,1280,720,1218096,f976dfebc7289052475f3af1f9af749bbf7610b3de27a0dc49d8fd118388d4e1,frames/window-0015-reverse-00002.png,NATIVE_LOADING_AND_MIPS_READY,UNREVIEWED
window-0015-reverse-00003,1285,VIAL_TR70190001272-1-interval-19-tile-0,reverse,0.0,53.657424785773244,"[68346.25271370169,51142.253889422864,48518.46337894147]","[67857.5778173849,51240.99101484911,48700.413073130156]","[69128.13254780855,50984.274488740855,48619.34386823958]","[68346.25271370169,51142.253889422864,48558.463378941466]",76.0,1280,720,1193481,a88a3760fc08cb797e023a0d70c2d998e646c8b740a7a0868dcab54655f3a9cb,frames/window-0015-reverse-00003.png,NATIVE_LOADING_AND_MIPS_READY,UNREVIEWED
window-0014-reverse-00000,1286,VIAL_TR70190001272-1-interval-17-tile-0,reverse,26.521248095498283,0.0,"[71912.39042279776,50915.28295101598,48796.84489292609]","[71413.77073514972,50893.093643751534,48987.07843978]","[72710.18192303462,50950.78584263909,48884.47121795984]","[71912.39042279776,50915.28295101598,48836.84489292609]",76.0,1280,720,1021880,5b304d5bdcfc0da4aa525c86a75a14ae76f0dd4afcfb04e9a1be6f8892b68384,frames/window-0014-reverse-00000.png,NATIVE_LOADING_AND_MIPS_READY,UNREVIEWED
window-0014-reverse-00001,1287,VIAL_TR70190001272-1-interval-17-tile-0,reverse,13.260624047749141,13.260624047749141,"[73234.67201794044,50974.12642161522,48877.55342529955]","[72736.50291248795,50951.95716591919,49061.00118221453]","[74031.74258666443,51009.59723072885,48976.037014235575]","[73234.67201794044,50974.12642161522,48917.55342529955]",76.0,1280,720,948141,590e5915578b3e6d78588fe3d2b341c081cfd625b5fac31d28aa127e1bbbae8a,frames/window-0014-reverse-00001.png,NATIVE_LOADING_AND_MIPS_READY,UNREVIEWED
window-0014-reverse-00002,1288,VIAL_TR70190001272-1-interval-17-tile-0,reverse,0.0,26.521248095498283,"[74539.56977239577,50824.01951653883,48975.36453008968]","[74054.35647383271,50940.280547739756,49162.93880694209]","[75315.91105009668,50638.00186661734,49067.24568712583]","[74539.56977239577,50824.01951653883,49015.36453008968]",76.0,1280,720,971512,ad5a1e041ca4196ffd94e64bea3259f08adba3f6aa7b48fad35c8ddfdab28fd5,frames/window-0014-reverse-00002.png,NATIVE_LOADING_AND_MIPS_READY,UNREVIEWED
window-0013-reverse-00000,1289,VIAL_TR70190001272-1-interval-15-tile-1,reverse,88.12397809967598,0.0,"[80759.01319182594,40021.032250951976,49989.05942925836]","[80610.36743699695,40496.078950966024,50161.78287717289]","[80996.84639955232,39260.9575309295,50104.701912595105]","[80759.01319182594,40021.032250951976,50029.059429258356]",76.0,1280,720,1142910,f99f075909b89a8c1047d87d77d79bdbe28fa9c951d65dee18a27cf8c8b81294,frames/window-0013-reverse-00000.png,NATIVE_LOADING_AND_MIPS_READY,UNREVIEWED
window-0013-reverse-00001,1290,VIAL_TR70190001272-1-interval-15-tile-1,reverse,70.49918247974078,17.6247956199352,"[81342.74006297138,38367.368764868,50159.20607076461]","[81132.44345080246,38818.28060413871,50329.66973949379]","[81679.21464244167,37645.90982203486,50278.46420079792]","[81342.74006297138,38367.368764868,50199.20607076461]",76.0,1280,720,1281541,5bab4a9263cfe86097171e1bdf3305329fd0463795f009e5f86ab38182cead05,frames/window-0013-reverse-00001.png,NATIVE_LOADING_AND_MIPS_READY,UNREVIEWED
window-0013-reverse-00002,1291,VIAL_TR70190001272-1-interval-15-tile-1,reverse,52.87438685980559,35.24959123987039,"[82692.54505524831,37337.04877079382,50317.38236107308]","[82209.3780281962,37458.47085225945,50494.88174811079]","[83465.6122985317,37142.773440448815,50425.38334181275]","[82692.54505524831,37337.04877079382,50357.38236107308]",76.0,1280,720,1135106,5ab8adb81a9bb0c2ab765391dca7c16c65ee153bb42688750a4bfaf9e1590b3f,frames/window-0013-reverse-00002.png,NATIVE_LOADING_AND_MIPS_READY,UNREVIEWED
window-0013-reverse-00003,1292,VIAL_TR70190001272-1-interval-15-tile-1,reverse,35.24959123987039,52.87438685980559,"[84421.15483176603,37039.88234586634,50488.04496525]","[83930.60580778078,37121.655362942205,50656.32621869296]","[85206.03327014243,36909.045518544954,50610.794959741266]","[84421.15483176603,37039.88234586634,50528.04496525]",76.0,1280,720,1109865,c162584a7e023276a747656bf06864774584b6283f69dc19c3d2f7202438f7d5,frames/window-0013-reverse-00003.png,NATIVE_LOADING_AND_MIPS_READY,UNREVIEWED
window-0013-reverse-00004,1293,VIAL_TR70190001272-1-interval-15-tile-1,reverse,17.624795619935195,70.49918247974078,"[86151.20273136384,36751.48867098956,50661.377070375274]","[85660.10083878812,36833.353848664556,50835.36594353864]","[86936.96575948501,36620.50438670955,50774.99487331387]","[86151.20273136384,36751.48867098956,50701.37707037527]",76.0,1280,720,1074349,c8d3d2a9b98e2831c7419fb11671372f6a8e3f4cadd54f420b97d8ecda7101bb,frames/window-0013-reverse-00004.png,NATIVE_LOADING_AND_MIPS_READY,UNREVIEWED
window-0013-reverse-00005,1294,VIAL_TR70190001272-1-interval-15-tile-1,reverse,0.0,88.12397809967598,"[87881.92082213354,36462.96299044043,50827.74179464515]","[87390.82474885814,36544.991859603186,51001.96066930554]","[88667.67453937419,36331.71679978001,50940.99159518853]","[87881.92082213354,36462.96299044043,50867.74179464515]",76.0,1280,720,1043849,c1462419e2f25e1efe00491de42f7c560e49497b75cf7e734db3a308240f371f,frames/window-0013-reverse-00005.png,NATIVE_LOADING_AND_MIPS_READY,UNREVIEWED
window-0012-reverse-00000,1295,VIAL_TR70190001272-1-interval-15-tile-0,reverse,100.25237501024849,0.0,"[87881.92082213354,36462.96299044043,50827.74179464515]","[87390.88224437293,36545.20662688105,51001.72984602467]","[88667.58254655053,36331.37317213543,50941.36091243792]","[87881.92082213354,36462.96299044043,50867.74179464515]",76.0,1280,720,1044894,3b698bf4cf6065489f3f20a95621a7fffb8832f1794ea55a0236b53dcb99922e,frames/window-0012-reverse-00000.png,NATIVE_LOADING_AND_MIPS_READY,UNREVIEWED
window-0012-reverse-00001,1296,VIAL_TR70190001272-1-interval-15-tile-0,reverse,83.54364584187374,16.708729168374745,"[89498.1024842973,36077.643396479885,50987.244151882565]","[89019.15894366599,36213.83835216858,51161.812676752466]","[90264.4121493074,35859.73146737798,51099.934512090724]","[89498.1024842973,36077.643396479885,51027.244151882565]",76.0,1280,720,1038649,ae486dabf93e2315ad72d9b131716b75c37a33a68eba6a648047df4d9f3e286f,frames/window-0012-reverse-00001.png,NATIVE_LOADING_AND_MIPS_READY,UNREVIEWED
window-0012-reverse-00002,1297,VIAL_TR70190001272-1-interval-15-tile-0,reverse,66.834916673499,33.41745833674949,"[91097.44718882981,35620.57448554002,51145.13933403208]","[90622.02213669913,35768.979736888745,51321.01563089352]","[91858.1272722389,35383.12608338205,51255.73725905377]","[91097.44718882981,35620.57448554002,51185.13933403208]",76.0,1280,720,1009071,186e8439dcd39f0da2052d7416d9cc9e3e797358ca7fa6f5150140297ad0580a,frames/window-0012-reverse-00002.png,NATIVE_LOADING_AND_MIPS_READY,UNREVIEWED
window-0012-reverse-00003,1298,VIAL_TR70190001272-1-interval-15-tile-0,reverse,50.12618750512424,50.12618750512424,"[92534.146810415,34793.574268377735,51260.64797918736]","[92156.28258711219,35118.73814796541,51442.085300866594]","[93138.72956769947,34273.31206103746,51362.348264500564]","[92534.146810415,34793.574268377735,51300.64797918735]",76.0,1280,720,978509,b9a559875d8fbf519c8ecceff5e244fcba4f2164eec1a26223d4d456cac0ffc5,frames/window-0012-reverse-00003.png,NATIVE_LOADING_AND_MIPS_READY,UNREVIEWED
window-0012-reverse-00004,1299,VIAL_TR70190001272-1-interval-15-tile-0,reverse,33.4174583367495,66.83491667349898,"[93680.01424968234,33587.40865391281,51408.42858775743]","[93341.44468394824,33952.4154583858,51582.16108461493]","[94221.7255548569,33003.39776675603,51522.456592785435]","[93680.01424968234,33587.40865391281,51448.42858775743]",76.0,1280,720,935477,f022e6bbbee0932c0e0566bc202c266f80a1c11ddd4143d4a588a9c90023d602,frames/window-0012-reverse-00004.png,NATIVE_LOADING_AND_MIPS_READY,UNREVIEWED
window-0012-reverse-00005,1300,VIAL_TR70190001272-1-interval-15-tile-0,reverse,16.70872916837475,83.54364584187374,"[94810.80197836056,32368.323253809092,51572.52158588666]","[94472.65265477174,32732.877000560195,51740.027770192275]","[95351.84089610267,31785.037259007328,51696.51169099768]","[94810.80197836056,32368.323253809092,51612.52158588666]",76.0,1280,720,850611,75a0f355737a7a3a124f5b9686f3292ec20c2262ea1726f49c9e341e63fb9eef,frames/window-0012-reverse-00005.png,NATIVE_LOADING_AND_MIPS_READY,UNREVIEWED
window-0012-reverse-00006,1301,VIAL_TR70190001272-1-interval-15-tile-0,reverse,0.0,100.25237501024849,"[96061.71122828382,31295.900154858828,51757.58792812541]","[95624.85263670921,31532.798438689962,51922.50822146937]","[96760.68497480318,30916.86290072901,51885.71545877506]","[96061.71122828382,31295.900154858828,51797.5879281254]",76.0,1280,720,759388,b153c468013a90df1a71aab183792946ebdc3ece991c7a7b43663e3fdf858176,frames/window-0012-reverse-00006.png,NATIVE_LOADING_AND_MIPS_READY,UNREVIEWED
window-0011-reverse-00000,1302,VIAL_TR70190001272-1-interval-13-tile-0,reverse,20.68469109768168,0.0,"[99971.6211549472,35509.977394901216,52205.18737581298]","[100010.4335778086,35011.68780443955,52411.00711244546]","[99909.521278369,36307.24073963989,52267.875797201006]","[99971.6211549472,35509.977394901216,52245.18737581297]",76.0,1280,720,849597,a9a60b7f84145a8413a5aefb53c8d0a4e7f08ef78f0b9bd4cc2b1018d6e79e3c,frames/window-0011-reverse-00000.png,NATIVE_LOADING_AND_MIPS_READY,UNREVIEWED
window-0011-reverse-00001,1303,VIAL_TR70190001272-1-interval-13-tile-0,reverse,10.34234554884084,10.34234554884084,"[99638.76728832591,36482.07419835884,52240.36243425437]","[99847.2850205933,36028.43036976289,52433.387777502765]","[99305.13891669805,37207.90432411235,52323.52188505695]","[99638.76728832591,36482.07419835884,52280.36243425437]",76.0,1280,720,817236,b1ef9820123afb488b539a87c2eabbe7e1dcb0158f7676543d44e910109e53df,frames/window-0011-reverse-00001.png,NATIVE_LOADING_AND_MIPS_READY,UNREVIEWED
window-0011-reverse-00002,1304,VIAL_TR70190001272-1-interval-13-tile-0,reverse,0.0,20.68469109768168,"[98966.27199735958,37237.53838595003,52324.67676733204]","[99386.5470917766,36970.63724140282,52498.49642462919]","[98293.83184629235,37664.58021722556,52438.56531565658]","[98966.27199735958,37237.53838595003,52364.676767332036]",76.0,1280,720,778137,4d3a8bba2fd26cb058a2f969406406350b8da323595668fc610786dc20645c19,frames/window-0011-reverse-00002.png,NATIVE_LOADING_AND_MIPS_READY,UNREVIEWED
window-0010-reverse-00000,1305,VIAL_TR70190001272-1-interval-11-tile-0,reverse,12.439699543962403,0.0,"[96894.50262092287,37331.35452121496,52491.31100761337]","[97381.20433746124,37439.41939063782,52673.31859896074]","[96115.77987446148,37158.450730138386,52592.098861457576]","[96894.50262092287,37331.35452121496,52531.31100761336]",76.0,1280,720,852985,97950b9cc5341dc09301e51e210ea2d67b203dfbb6327321f76a79ccd314d7d6,frames/window-0010-reverse-00000.png,NATIVE_LOADING_AND_MIPS_READY,UNREVIEWED
window-0010-reverse-00001,1306,VIAL_TR70190001272-1-interval-11-tile-0,reverse,0.0,12.439699543962403,"[95675.24538019206,37151.684168260545,52586.801602517065]","[96167.66108843939,37073.95205074427,52768.27254623844]","[94887.38024699636,37276.055556286585,52688.44809256286]","[95675.24538019206,37151.684168260545,52626.80160251706]",76.0,1280,720,685129,dfdf3e979e1c2536b578d6ebdcd4ac92a410a3e6fd7ff3a72306e6f3b7d36a06,frames/window-0010-reverse-00001.png,NATIVE_LOADING_AND_MIPS_READY,UNREVIEWED
window-0009-reverse-00000,1307,VIAL_TR70190001272-1-interval-1-tile-0,reverse,65.13460398672954,0.0,"[95404.51627362054,25665.94513077289,54935.813964196335]","[95862.98123999184,25864.146895813385,55132.88069262455]","[94670.97232742644,25348.8223067081,55012.5071987112]","[95404.51627362054,25665.94513077289,54975.813964196335]",76.0,1280,720,901681,dc8777aa528332685352436e0a5f2f9a0a5aa53fe48a46018b7798e55f9edeeb,frames/window-0009-reverse-00000.png,NATIVE_LOADING_AND_MIPS_READY,UNREVIEWED
window-0009-reverse-00001,1308,VIAL_TR70190001272-1-interval-1-tile-0,reverse,48.85095299004716,16.283650996682383,"[93911.41747438867,25020.45454696266,55010.443626426095]","[94369.8711544483,25218.65143277456,55207.24410715825]","[93177.89158629329,24703.339529663626,55087.56285725465]","[93911.41747438867,25020.45454696266,55050.44362642609]",76.0,1280,720,896176,c501b5d2996d9d6e4da52b550f5a87a04bb83ed78cbd09b907a9d6bb428facaf,frames/window-0009-reverse-00001.png,NATIVE_LOADING_AND_MIPS_READY,UNREVIEWED
window-0009-reverse-00002,1309,VIAL_TR70190001272-1-interval-1-tile-0,reverse,32.56730199336477,32.56730199336477,"[92418.75705101804,24375.15347997432,55094.62087338609]","[92876.92826770159,24573.228252309018,55285.54303358897]","[91685.68310432434,24058.233844238806,55181.14541706149]","[92418.75705101804,24375.15347997432,55134.620873386084]",76.0,1280,720,888390,60524c2516f3d51c3ae376c5230b807d86914ea37561c582e77cc4c303ccf45b,frames/window-0009-reverse-00002.png,NATIVE_LOADING_AND_MIPS_READY,UNREVIEWED
window-0009-reverse-00003,1310,VIAL_TR70190001272-1-interval-1-tile-0,reverse,16.283650996682386,48.85095299004716,"[90928.48833532429,23729.121260712698,55209.05578574596]","[91380.21561288813,23939.173993425786,55386.39062215172]","[90205.72469122215,23393.036888371753,55317.32004749675]","[90928.48833532429,23729.121260712698,55249.05578574595]",76.0,1280,720,862982,16624db0fac35790bf77d7d99b49583d56b7e68e197073f4e46cfe5185984ba3,frames/window-0009-reverse-00003.png,NATIVE_LOADING_AND_MIPS_READY,UNREVIEWED
window-0009-reverse-00004,1311,VIAL_TR70190001272-1-interval-1-tile-0,reverse,0.0,65.13460398672954,"[90029.30882942164,22494.751889724284,55360.129416097676]","[90011.66272079486,22992.151926599054,55532.36103568438]","[90057.54260322449,21698.91183072465,55476.55882475895]","[90029.30882942164,22494.751889724284,55400.129416097676]",76.0,1280,720,711762,12068de08167fa90d0df3ff77339ab3291abff1df6ab885ece55c62145d6216d,frames/window-0009-reverse-00004.png,NATIVE_LOADING_AND_MIPS_READY,UNREVIEWED
window-0008-reverse-00000,1312,VIAL_TR70190001272-0-interval-6-tile-0,reverse,15.195333713152603,0.0,"[123853.28739076504,57814.50466690585,65316.05304240164]","[123356.20189473605,57792.637277054586,65486.78005894516]","[124648.62418441141,57849.492490667864,65434.88981593202]","[123853.28739076504,57814.50466690585,65356.05304240164]",76.0,1280,720,827520,4b1d9d7829be9ef43b279fb12b56d22bb79c8355237ef91d1f6990580727ef2d,frames/window-0008-reverse-00000.png,NATIVE_LOADING_AND_MIPS_READY,UNREVIEWED
window-0008-reverse-00001,1313,VIAL_TR70190001272-0-interval-6-tile-0,reverse,0.0,15.195333713152603,"[125039.57027997822,57023.971292655915,65462.796573218555]","[124782.62202673432,57450.30516595477,65635.71129279143]","[125450.68748516847,56341.83709537774,65578.13302190196]","[125039.57027997822,57023.971292655915,65502.796573218555]",76.0,1280,720,938358,5cd558857b29ee5d15aeecc82672ccad96ef1b4dcc404c1aa4dc56176b77ec7a,frames/window-0008-reverse-00001.png,NATIVE_LOADING_AND_MIPS_READY,UNREVIEWED
window-0007-reverse-00000,1314,VIAL_TR70190001272-0-interval-4-tile-0,reverse,5.501676936184013,0.0,"[125766.76040917519,55064.27188878879,65645.13390383824]","[125647.08455689174,55548.21408862428,65826.69385182697]","[125958.24177282868,54289.96436905202,65746.63798705628]","[125766.76040917519,55064.27188878879,65685.13390383824]",76.0,1280,720,954683,bc38b1783949e99261566ef44aacb9e56b23d5f039a1af9ddac031b67157e6e0,frames/window-0007-reverse-00000.png,NATIVE_LOADING_AND_MIPS_READY,UNREVIEWED
window-0007-reverse-00001,1315,VIAL_TR70190001272-0-interval-4-tile-0,reverse,0.0,5.501676936184013,"[125857.39198164083,54523.60409060493,65686.5801512171]","[125793.66404100765,55018.09495308487,65868.92996520833]","[125959.35668665393,53732.41871063702,65786.82044883116]","[125857.39198164083,54523.60409060493,65726.5801512171]",76.0,1280,720,994271,0805894b346da7211c7b6c0a0562e3d7f51e4b5b2c92e8de1781fc40c15257dc,frames/window-0007-reverse-00001.png,NATIVE_LOADING_AND_MIPS_READY,UNREVIEWED
window-0006-reverse-00000,1316,VIAL_TR70190001272-0-interval-2-tile-0,reverse,15.016938706165634,0.0,"[124433.5985778016,46887.77288654819,66131.85231325921]","[124567.13640623787,47369.102887356996,66329.7371895217]","[124219.9380523036,46117.64488525411,66207.23651123924]","[124433.5985778016,46887.77288654819,66171.85231325921]",76.0,1280,720,997190,2863bfae21e78f0196999f0dfc28c3e978dbea58654485ef49a28a184f464928,frames/window-0006-reverse-00000.png,NATIVE_LOADING_AND_MIPS_READY,UNREVIEWED
window-0006-reverse-00001,1317,VIAL_TR70190001272-0-interval-2-tile-0,reverse,0.0,15.016938706165634,"[124032.63826234615,45442.53275496885,66206.51131943287]","[124166.11731942033,45923.6509171095,66399.89073752721]","[123819.07177102749,44672.74369554382,66289.10425048195]","[124032.63826234615,45442.53275496885,66246.51131943287]",76.0,1280,720,968517,144612eafa1e83a6a0078722f54c7b90c63ec099be192a66953bee53375a59d9,frames/window-0006-reverse-00001.png,NATIVE_LOADING_AND_MIPS_READY,UNREVIEWED
window-0005-reverse-00000,1318,VIAL_TR70190001272-0-interval-18-tile-0,reverse,46.73931821589722,0.0,"[108361.03968274547,63246.773094218224,61427.97294085467]","[108801.75004588527,63478.91814002717,61604.5787761832]","[107655.90310172176,62875.34102092391,61537.40360432902]","[108361.03968274547,63246.773094218224,61467.97294085467]",76.0,1280,720,926602,46af66cc397b2228aebb7cb46aa64b02617785442e8b61b78dd0c60ced2293e6,frames/window-0005-reverse-00000.png,NATIVE_LOADING_AND_MIPS_READY,UNREVIEWED
window-0005-reverse-00001,1319,VIAL_TR70190001272-0-interval-18-tile-0,reverse,31.159545477264814,15.579772738632407,"[106988.28379188656,62523.66957955977,61569.19439524675]","[107428.66336978,62755.641556247574,61741.70935122296]","[106283.67646725703,62152.51441685929,61685.170465684816]","[106988.28379188656,62523.66957955977,61609.19439524674]",76.0,1280,720,876582,68626a54b695d41aebb188a4215a8c15106832f9628ca67d1c0b029f2efde185,frames/window-0005-reverse-00001.png,NATIVE_LOADING_AND_MIPS_READY,UNREVIEWED
window-0005-reverse-00002,1320,VIAL_TR70190001272-0-interval-18-tile-0,reverse,15.579772738632407,31.159545477264814,"[105617.02464569174,61801.35249087749,61727.847677199876]","[106056.76169401161,62032.98601205324,61893.28358458715]","[104913.44536837994,61430.738856996286,61855.15022538024]","[105617.02464569174,61801.35249087749,61767.84767719987]",76.0,1280,720,767785,4c888ae4625994119b258ec6ea0d203b71a14aab0881ad4aaed2f6260d7666a2,frames/window-0005-reverse-00002.png,NATIVE_LOADING_AND_MIPS_READY,UNREVIEWED
window-0005-reverse-00003,1321,VIAL_TR70190001272-0-interval-18-tile-0,reverse,0.0,46.73931821589722,"[104292.61607936933,61916.91881176084,61921.04592084607]","[104477.26605978952,61457.266914428,62073.04211206198]","[103997.17611069702,62652.36184749339,62069.85201490061]","[104292.61607936933,61916.91881176084,61961.04592084606]",76.0,1280,720,669805,376d6532eaa41f91d74c690cbe4124941282ce9b9a4a48560c4b8efe113250bf,frames/window-0005-reverse-00003.png,NATIVE_LOADING_AND_MIPS_READY,UNREVIEWED
window-0004-reverse-00000,1322,VIAL_TR70190001272-0-interval-16-tile-0,reverse,42.66901616739666,0.0,"[104537.20322008594,62703.45165608451,62033.556185182235]","[104173.41055451997,62364.407848272946,62201.55433074369]","[105119.27148499149,63245.92174858301,62156.759152283914]","[104537.20322008594,62703.45165608451,62073.556185182235]",76.0,1280,720,997760,76e3aba3cf986653b51a65b0556f5fe69e6007cc07da91c93c116ce37dee927f,frames/window-0004-reverse-00000.png,NATIVE_LOADING_AND_MIPS_READY,UNREVIEWED
window-0004-reverse-00001,1323,VIAL_TR70190001272-0-interval-16-tile-0,reverse,28.44601077826444,14.223005389132222,"[105663.80429565231,63559.56926076132,62172.75720956816]","[105264.43489788787,63262.73320897091,62343.84460907762]","[106302.79533207543,64034.506943625966,62291.01737035303]","[105663.80429565231,63559.56926076132,62212.75720956815]",76.0,1280,720,1048180,435fec62772bacb4a70b9e6531cd2cab92b7757399633170508cb3e9479a510f,frames/window-0004-reverse-00001.png,NATIVE_LOADING_AND_MIPS_READY,UNREVIEWED
window-0004-reverse-00002,1324,VIAL_TR70190001272-0-interval-16-tile-0,reverse,14.22300538913222,28.446010778264444,"[106799.86465606061,64403.959625980664,62311.714631309624]","[106400.43854456274,64107.08142090457,62483.526325627914]","[107438.94643445723,64878.96475410241,62428.815920400346]","[106799.86465606061,64403.959625980664,62351.71463130962]",76.0,1280,720,1022884,41f00e06234396b1436f13e69011a0578f7085d52ab354610ed14b759229cf83,frames/window-0004-reverse-00002.png,NATIVE_LOADING_AND_MIPS_READY,UNREVIEWED
window-0004-reverse-00003,1325,VIAL_TR70190001272-0-interval-16-tile-0,reverse,0.0,42.66901616739666,"[107936.4467692445,65248.73779024929,62443.84321949242]","[107536.81199378964,64951.70449320692,62618.42002392815]","[108575.8624099723,65723.99106551708,62556.520332395245]","[107936.4467692445,65248.73779024929,62483.84321949242]",76.0,1280,720,995534,2a7f6c1fb2f053be2e9176f2e079ba4234afa2d68ffbe64c33f98d0970694d3f,frames/window-0004-reverse-00003.png,NATIVE_LOADING_AND_MIPS_READY,UNREVIEWED
window-0003-reverse-00000,1326,VIAL_TR70190001272-0-interval-14-tile-0,reverse,68.94684454224118,0.0,"[110865.93729016604,68189.08002711833,62856.59827576194]","[110574.50472173958,67785.92206352897,63026.29206884043]","[111332.2293996484,68834.1327688613,62977.08820683636]","[110865.93729016604,68189.08002711833,62896.598275761935]",76.0,1280,720,816965,80d9ecd4b64a346fc1f7f43acf0ba269b8e85071f1aa28b95fa024a33566f633,frames/window-0003-reverse-00000.png,NATIVE_LOADING_AND_MIPS_READY,UNREVIEWED
window-0003-reverse-00001,1327,VIAL_TR70190001272-0-interval-14-tile-0,reverse,51.71013340668088,17.2367111355603,"[112087.9337210654,69326.95081075521,63042.56003835004]","[111624.24737609972,69148.86395086814,63205.28837146374]","[112829.8318730105,69611.88978657454,63174.19470536811]","[112087.9337210654,69326.95081075521,63082.56003835004]",76.0,1280,720,747066,0fb1cebabe97dc199a7566db0347282df9e4cf4294895b2533720d4cf1ff77f0,frames/window-0003-reverse-00001.png,NATIVE_LOADING_AND_MIPS_READY,UNREVIEWED
window-0003-reverse-00002,1328,VIAL_TR70190001272-0-interval-14-tile-0,reverse,34.47342227112059,34.47342227112059,"[113753.01344412394,69271.45620045648,63254.136324477404]","[113297.37067895415,69468.22471128125,63413.540749587664]","[114482.04186839562,68956.62658313682,63391.089244300994]","[113753.01344412394,69271.45620045648,63294.136324477404]",76.0,1280,720,878630,349851d7758ed1c6b6f5772ed42082cd8dfe819bc2eae55b1ede4179cc80cba3,frames/window-0003-reverse-00002.png,NATIVE_LOADING_AND_MIPS_READY,UNREVIEWED
window-0003-reverse-00003,1329,VIAL_TR70190001272-0-interval-14-tile-0,reverse,17.236711135560295,51.71013340668088,"[115279.28063834402,68493.35974505777,63441.92347441207]","[114831.88487727525,68711.62524361511,63615.04911983296]","[115995.11385605404,68144.134947366,63556.92244173864]","[115279.28063834402,68493.35974505777,63481.92347441206]",76.0,1280,720,864697,7db560b9aa809bdc4736bf1cff2a3b446d51ddf0f0eb6dd49cd2bfc7bfd8f69c,frames/window-0003-reverse-00003.png,NATIVE_LOADING_AND_MIPS_READY,UNREVIEWED
window-0003-reverse-00004,1330,VIAL_TR70190001272-0-interval-14-tile-0,reverse,0.0,68.94684454224118,"[116885.89237115812,67892.16924710199,63600.72827737175]","[116416.40121631588,68058.12381075138,63775.593608559015]","[117637.0782189057,67626.64194526298,63712.94374747214]","[116885.89237115812,67892.16924710199,63640.72827737175]",76.0,1280,720,817591,dd33dbf61fa4618625cb3f075e677aba3f6e6c6ab3b93426b74f6d387d1be00d,frames/window-0003-reverse-00004.png,NATIVE_LOADING_AND_MIPS_READY,UNREVIEWED
window-0002-reverse-00000,1331,VIAL_TR70190001272-0-interval-12-tile-0,reverse,19.333795513449427,0.0,"[117767.71652621683,67552.83350739628,63687.34117131037]","[117346.80274709026,67818.6272974788,63860.594495546604]","[118441.17857281934,67127.56344326425,63802.135852532396]","[117767.71652621683,67552.83350739628,63727.34117131036]",76.0,1280,720,802034,db3ff50126a8e88cb52344c09c34c7d30456a8ab179d40d263226e73538ea94f,frames/window-0002-reverse-00000.png,NATIVE_LOADING_AND_MIPS_READY,UNREVIEWED
window-0002-reverse-00001,1332,VIAL_TR70190001272-0-interval-12-tile-0,reverse,0.0,19.333795513449427,"[118794.10194011289,65988.55009879917,63860.304732674944]","[118663.61983346751,66468.88109429837,64032.80152638167]","[119002.87331074549,65220.02050600047,63976.30986274418]","[118794.10194011289,65988.55009879917,63900.304732674944]",76.0,1280,720,853856,a9a75c05cc6f42cebb0967e100e8b14c72fb26e62db5ee94feadf6624e06e8f0,frames/window-0002-reverse-00001.png,NATIVE_LOADING_AND_MIPS_READY,UNREVIEWED
window-0001-reverse-00000,1333,VIAL_TR70190001272-0-interval-10-tile-0,reverse,5.424665483667665,0.0,"[117632.05964895315,57770.777442492545,64749.86814951798]","[117643.29918036053,58267.85511201647,64917.07171597926]","[117614.07639870133,56975.45317125427,64874.34244317992]","[117632.05964895315,57770.777442492545,64789.86814951798]",76.0,1280,720,868378,64d0752d9e711f086d973efe4238950ceee24d3e8a20cc7dff29e818c5855ab5,frames/window-0001-reverse-00000.png,NATIVE_LOADING_AND_MIPS_READY,UNREVIEWED
window-0001-reverse-00001,1334,VIAL_TR70190001272-0-interval-10-tile-0,reverse,0.0,5.424665483667665,"[117691.7618415493,57238.5975250043,64806.900735798066]","[117524.05918473791,57706.76568313253,64974.99317745419]","[117960.08609244753,56489.52847199913,64929.952829148286]","[117691.7618415493,57238.5975250043,64846.900735798066]",76.0,1280,720,972545,f3f0c3281f52804e807123baa1e462eea3d1449323974abd2af4e4d5ede9944a,frames/window-0001-reverse-00001.png,NATIVE_LOADING_AND_MIPS_READY,UNREVIEWED
window-0000-reverse-00000,1335,VIAL_TR70190001272-0-interval-0-tile-0,reverse,20.939714129783663,0.0,"[123404.7070148983,41926.068574842066,66406.61500929281]","[123339.55558931443,42420.88954050935,66596.49020754267]","[123508.94929583248,41134.355029774415,66494.81469209306]","[123404.7070148983,41926.068574842066,66446.61500929281]",76.0,1280,720,890474,7c1e2418c03b00004a9c5d3e5a76afffe34a282eddf8015ca84b8a05e92002a3,frames/window-0000-reverse-00000.png,NATIVE_LOADING_AND_MIPS_READY,UNREVIEWED
window-0000-reverse-00001,1336,VIAL_TR70190001272-0-interval-0-tile-0,reverse,10.469857064891832,10.469857064891832,"[123636.8117092714,40908.459053447164,66480.60936585558]","[123513.16540734486,41391.14217660396,66659.03299468753]","[123834.64579235383,40136.16605639631,66587.13155972445]","[123636.8117092714,40908.459053447164,66520.60936585556]",76.0,1280,720,796478,02c68da8bbe708aeb96988856348085b11756b9af356d770384cb7cb6f06c249,frames/window-0000-reverse-00001.png,NATIVE_LOADING_AND_MIPS_READY,UNREVIEWED
window-0000-reverse-00002,1337,VIAL_TR70190001272-0-interval-0-tile-0,reverse,0.0,20.939714129783663,"[124072.65351248789,39968.71810853481,66568.38460983036]","[123791.40111691265,40380.15083880404,66748.13292109061]","[124522.65734540824,39310.425740104045,66672.78731181398]","[124072.65351248789,39968.71810853481,66608.38460983036]",76.0,1280,720,757643,7fa97ec90c1ab0be5bdfd8e597d687d60a91fea504a98bb12e722e6ad2a9af45,frames/window-0000-reverse-00002.png,NATIVE_LOADING_AND_MIPS_READY,UNREVIEWED
