window_id,local_station_m,forward_frame,reverse_frame,review_status,surface_id,surface_priority,review_tags,evidence_reason,evidence_frame,screen_fraction,visible_duration_s,silhouette_issue,geometry_issue,material_issue,natural_boundary,other_access_route,reviewer,notes
VIAL_TR70190001272-0-interval-0-tile-0,0.0,frames/window-0000-forward-00000.png,frames/window-0000-reverse-00002.png,UNREVIEWED,,UNASSIGNED,,,,,,,,,,,,
VIAL_TR70190001272-0-interval-0-tile-0,10.469857064891832,frames/window-0000-forward-00001.png,frames/window-0000-reverse-00001.png,UNREVIEWED,,UNASSIGNED,,,,,,,,,,,,
VIAL_TR70190001272-0-interval-0-tile-0,20.939714129783663,frames/window-0000-forward-00002.png,frames/window-0000-reverse-00000.png,UNREVIEWED,,UNASSIGNED,,,,,,,,,,,,
VIAL_TR70190001272-0-interval-10-tile-0,0.0,frames/window-0001-forward-00000.png,frames/window-0001-reverse-00001.png,UNREVIEWED,,UNASSIGNED,,,,,,,,,,,,
VIAL_TR70190001272-0-interval-10-tile-0,5.424665483667665,frames/window-0001-forward-00001.png,frames/window-0001-reverse-00000.png,UNREVIEWED,,UNASSIGNED,,,,,,,,,,,,
VIAL_TR70190001272-0-interval-12-tile-0,0.0,frames/window-0002-forward-00000.png,frames/window-0002-reverse-00001.png,UNREVIEWED,,UNASSIGNED,,,,,,,,,,,,
VIAL_TR70190001272-0-interval-12-tile-0,19.333795513449427,frames/window-0002-forward-00001.png,frames/window-0002-reverse-00000.png,UNREVIEWED,,UNASSIGNED,,,,,,,,,,,,
VIAL_TR70190001272-0-interval-14-tile-0,0.0,frames/window-0003-forward-00000.png,frames/window-0003-reverse-00004.png,UNREVIEWED,,UNASSIGNED,,,,,,,,,,,,
VIAL_TR70190001272-0-interval-14-tile-0,17.236711135560295,frames/window-0003-forward-00001.png,frames/window-0003-reverse-00003.png,UNREVIEWED,,UNASSIGNED,,,,,,,,,,,,
VIAL_TR70190001272-0-interval-14-tile-0,34.47342227112059,frames/window-0003-forward-00002.png,frames/window-0003-reverse-00002.png,UNREVIEWED,,UNASSIGNED,,,,,,,,,,,,
VIAL_TR70190001272-0-interval-14-tile-0,51.71013340668088,frames/window-0003-forward-00003.png,frames/window-0003-reverse-00001.png,UNREVIEWED,,UNASSIGNED,,,,,,,,,,,,
VIAL_TR70190001272-0-interval-14-tile-0,68.94684454224118,frames/window-0003-forward-00004.png,frames/window-0003-reverse-00000.png,UNREVIEWED,,UNASSIGNED,,,,,,,,,,,,
VIAL_TR70190001272-0-interval-16-tile-0,0.0,frames/window-0004-forward-00000.png,frames/window-0004-reverse-00003.png,UNREVIEWED,,UNASSIGNED,,,,,,,,,,,,
VIAL_TR70190001272-0-interval-16-tile-0,14.22300538913222,frames/window-0004-forward-00001.png,frames/window-0004-reverse-00002.png,UNREVIEWED,,UNASSIGNED,,,,,,,,,,,,
VIAL_TR70190001272-0-interval-16-tile-0,28.44601077826444,frames/window-0004-forward-00002.png,frames/window-0004-reverse-00001.png,UNREVIEWED,,UNASSIGNED,,,,,,,,,,,,
VIAL_TR70190001272-0-interval-16-tile-0,42.66901616739666,frames/window-0004-forward-00003.png,frames/window-0004-reverse-00000.png,UNREVIEWED,,UNASSIGNED,,,,,,,,,,,,
VIAL_TR70190001272-0-interval-18-tile-0,0.0,frames/window-0005-forward-00000.png,frames/window-0005-reverse-00003.png,UNREVIEWED,,UNASSIGNED,,,,,,,,,,,,
VIAL_TR70190001272-0-interval-18-tile-0,15.579772738632407,frames/window-0005-forward-00001.png,frames/window-0005-reverse-00002.png,UNREVIEWED,,UNASSIGNED,,,,,,,,,,,,
VIAL_TR70190001272-0-interval-18-tile-0,31.159545477264814,frames/window-0005-forward-00002.png,frames/window-0005-reverse-00001.png,UNREVIEWED,,UNASSIGNED,,,,,,,,,,,,
VIAL_TR70190001272-0-interval-18-tile-0,46.73931821589722,frames/window-0005-forward-00003.png,frames/window-0005-reverse-00000.png,UNREVIEWED,,UNASSIGNED,,,,,,,,,,,,
VIAL_TR70190001272-0-interval-2-tile-0,0.0,frames/window-0006-forward-00000.png,frames/window-0006-reverse-00001.png,UNREVIEWED,,UNASSIGNED,,,,,,,,,,,,
VIAL_TR70190001272-0-interval-2-tile-0,15.016938706165634,frames/window-0006-forward-00001.png,frames/window-0006-reverse-00000.png,UNREVIEWED,,UNASSIGNED,,,,,,,,,,,,
VIAL_TR70190001272-0-interval-4-tile-0,0.0,frames/window-0007-forward-00000.png,frames/window-0007-reverse-00001.png,UNREVIEWED,,UNASSIGNED,,,,,,,,,,,,
VIAL_TR70190001272-0-interval-4-tile-0,5.501676936184013,frames/window-0007-forward-00001.png,frames/window-0007-reverse-00000.png,UNREVIEWED,,UNASSIGNED,,,,,,,,,,,,
VIAL_TR70190001272-0-interval-6-tile-0,0.0,frames/window-0008-forward-00000.png,frames/window-0008-reverse-00001.png,UNREVIEWED,,UNASSIGNED,,,,,,,,,,,,
VIAL_TR70190001272-0-interval-6-tile-0,15.195333713152603,frames/window-0008-forward-00001.png,frames/window-0008-reverse-00000.png,UNREVIEWED,,UNASSIGNED,,,,,,,,,,,,
VIAL_TR70190001272-1-interval-1-tile-0,0.0,frames/window-0009-forward-00000.png,frames/window-0009-reverse-00004.png,UNREVIEWED,,UNASSIGNED,,,,,,,,,,,,
VIAL_TR70190001272-1-interval-1-tile-0,16.283650996682386,frames/window-0009-forward-00001.png,frames/window-0009-reverse-00003.png,UNREVIEWED,,UNASSIGNED,,,,,,,,,,,,
VIAL_TR70190001272-1-interval-1-tile-0,32.56730199336477,frames/window-0009-forward-00002.png,frames/window-0009-reverse-00002.png,UNREVIEWED,,UNASSIGNED,,,,,,,,,,,,
VIAL_TR70190001272-1-interval-1-tile-0,48.85095299004716,frames/window-0009-forward-00003.png,frames/window-0009-reverse-00001.png,UNREVIEWED,,UNASSIGNED,,,,,,,,,,,,
VIAL_TR70190001272-1-interval-1-tile-0,65.13460398672954,frames/window-0009-forward-00004.png,frames/window-0009-reverse-00000.png,UNREVIEWED,,UNASSIGNED,,,,,,,,,,,,
VIAL_TR70190001272-1-interval-11-tile-0,0.0,frames/window-0010-forward-00000.png,frames/window-0010-reverse-00001.png,UNREVIEWED,,UNASSIGNED,,,,,,,,,,,,
VIAL_TR70190001272-1-interval-11-tile-0,12.439699543962403,frames/window-0010-forward-00001.png,frames/window-0010-reverse-00000.png,UNREVIEWED,,UNASSIGNED,,,,,,,,,,,,
VIAL_TR70190001272-1-interval-13-tile-0,0.0,frames/window-0011-forward-00000.png,frames/window-0011-reverse-00002.png,UNREVIEWED,,UNASSIGNED,,,,,,,,,,,,
VIAL_TR70190001272-1-interval-13-tile-0,10.34234554884084,frames/window-0011-forward-00001.png,frames/window-0011-reverse-00001.png,UNREVIEWED,,UNASSIGNED,,,,,,,,,,,,
VIAL_TR70190001272-1-interval-13-tile-0,20.68469109768168,frames/window-0011-forward-00002.png,frames/window-0011-reverse-00000.png,UNREVIEWED,,UNASSIGNED,,,,,,,,,,,,
VIAL_TR70190001272-1-interval-15-tile-0,0.0,frames/window-0012-forward-00000.png,frames/window-0012-reverse-00006.png,UNREVIEWED,,UNASSIGNED,,,,,,,,,,,,
VIAL_TR70190001272-1-interval-15-tile-0,16.70872916837475,frames/window-0012-forward-00001.png,frames/window-0012-reverse-00005.png,UNREVIEWED,,UNASSIGNED,,,,,,,,,,,,
VIAL_TR70190001272-1-interval-15-tile-0,33.4174583367495,frames/window-0012-forward-00002.png,frames/window-0012-reverse-00004.png,UNREVIEWED,,UNASSIGNED,,,,,,,,,,,,
VIAL_TR70190001272-1-interval-15-tile-0,50.12618750512424,frames/window-0012-forward-00003.png,frames/window-0012-reverse-00003.png,UNREVIEWED,,UNASSIGNED,,,,,,,,,,,,
VIAL_TR70190001272-1-interval-15-tile-0,66.834916673499,frames/window-0012-forward-00004.png,frames/window-0012-reverse-00002.png,UNREVIEWED,,UNASSIGNED,,,,,,,,,,,,
VIAL_TR70190001272-1-interval-15-tile-0,83.54364584187374,frames/window-0012-forward-00005.png,frames/window-0012-reverse-00001.png,UNREVIEWED,,UNASSIGNED,,,,,,,,,,,,
VIAL_TR70190001272-1-interval-15-tile-0,100.25237501024849,frames/window-0012-forward-00006.png,frames/window-0012-reverse-00000.png,UNREVIEWED,,UNASSIGNED,,,,,,,,,,,,
VIAL_TR70190001272-1-interval-15-tile-1,0.0,frames/window-0013-forward-00000.png,frames/window-0013-reverse-00005.png,UNREVIEWED,,UNASSIGNED,,,,,,,,,,,,
VIAL_TR70190001272-1-interval-15-tile-1,17.624795619935195,frames/window-0013-forward-00001.png,frames/window-0013-reverse-00004.png,UNREVIEWED,,UNASSIGNED,,,,,,,,,,,,
VIAL_TR70190001272-1-interval-15-tile-1,35.24959123987039,frames/window-0013-forward-00002.png,frames/window-0013-reverse-00003.png,UNREVIEWED,,UNASSIGNED,,,,,,,,,,,,
VIAL_TR70190001272-1-interval-15-tile-1,52.87438685980559,frames/window-0013-forward-00003.png,frames/window-0013-reverse-00002.png,UNREVIEWED,,UNASSIGNED,,,,,,,,,,,,
VIAL_TR70190001272-1-interval-15-tile-1,70.49918247974078,frames/window-0013-forward-00004.png,frames/window-0013-reverse-00001.png,UNREVIEWED,,UNASSIGNED,,,,,,,,,,,,
VIAL_TR70190001272-1-interval-15-tile-1,88.12397809967598,frames/window-0013-forward-00005.png,frames/window-0013-reverse-00000.png,UNREVIEWED,,UNASSIGNED,,,,,,,,,,,,
VIAL_TR70190001272-1-interval-17-tile-0,0.0,frames/window-0014-forward-00000.png,frames/window-0014-reverse-00002.png,UNREVIEWED,,UNASSIGNED,,,,,,,,,,,,
VIAL_TR70190001272-1-interval-17-tile-0,13.260624047749141,frames/window-0014-forward-00001.png,frames/window-0014-reverse-00001.png,UNREVIEWED,,UNASSIGNED,,,,,,,,,,,,
VIAL_TR70190001272-1-interval-17-tile-0,26.521248095498283,frames/window-0014-forward-00002.png,frames/window-0014-reverse-00000.png,UNREVIEWED,,UNASSIGNED,,,,,,,,,,,,
VIAL_TR70190001272-1-interval-19-tile-0,0.0,frames/window-0015-forward-00000.png,frames/window-0015-reverse-00003.png,UNREVIEWED,,UNASSIGNED,,,,,,,,,,,,
VIAL_TR70190001272-1-interval-19-tile-0,17.885808261924414,frames/window-0015-forward-00001.png,frames/window-0015-reverse-00002.png,UNREVIEWED,,UNASSIGNED,,,,,,,,,,,,
VIAL_TR70190001272-1-interval-19-tile-0,35.77161652384883,frames/window-0015-forward-00002.png,frames/window-0015-reverse-00001.png,UNREVIEWED,,UNASSIGNED,,,,,,,,,,,,
VIAL_TR70190001272-1-interval-19-tile-0,53.657424785773244,frames/window-0015-forward-00003.png,frames/window-0015-reverse-00000.png,UNREVIEWED,,UNASSIGNED,,,,,,,,,,,,
VIAL_TR70190001272-1-interval-21-tile-0,0.0,frames/window-0016-forward-00000.png,frames/window-0016-reverse-00001.png,UNREVIEWED,,UNASSIGNED,,,,,,,,,,,,
VIAL_TR70190001272-1-interval-21-tile-0,2.483573160831433,frames/window-0016-forward-00001.png,frames/window-0016-reverse-00000.png,UNREVIEWED,,UNASSIGNED,,,,,,,,,,,,
VIAL_TR70190001272-1-interval-25-tile-0,0.0,frames/window-0017-forward-00000.png,frames/window-0017-reverse-00004.png,UNREVIEWED,,UNASSIGNED,,,,,,,,,,,,
VIAL_TR70190001272-1-interval-25-tile-0,18.957262816147935,frames/window-0017-forward-00001.png,frames/window-0017-reverse-00003.png,UNREVIEWED,,UNASSIGNED,,,,,,,,,,,,
VIAL_TR70190001272-1-interval-25-tile-0,37.91452563229587,frames/window-0017-forward-00002.png,frames/window-0017-reverse-00002.png,UNREVIEWED,,UNASSIGNED,,,,,,,,,,,,
VIAL_TR70190001272-1-interval-25-tile-0,56.87178844844381,frames/window-0017-forward-00003.png,frames/window-0017-reverse-00001.png,UNREVIEWED,,UNASSIGNED,,,,,,,,,,,,
VIAL_TR70190001272-1-interval-25-tile-0,75.82905126459174,frames/window-0017-forward-00004.png,frames/window-0017-reverse-00000.png,UNREVIEWED,,UNASSIGNED,,,,,,,,,,,,
VIAL_TR70190001272-1-interval-27-tile-0,0.0,frames/window-0018-forward-00000.png,frames/window-0018-reverse-00001.png,UNREVIEWED,,UNASSIGNED,,,,,,,,,,,,
VIAL_TR70190001272-1-interval-27-tile-0,2.002844608499734,frames/window-0018-forward-00001.png,frames/window-0018-reverse-00000.png,UNREVIEWED,,UNASSIGNED,,,,,,,,,,,,
VIAL_TR70190001272-1-interval-29-tile-0,0.0,frames/window-0019-forward-00000.png,frames/window-0019-reverse-00001.png,UNREVIEWED,,UNASSIGNED,,,,,,,,,,,,
VIAL_TR70190001272-1-interval-29-tile-0,13.52882340038861,frames/window-0019-forward-00001.png,frames/window-0019-reverse-00000.png,UNREVIEWED,,UNASSIGNED,,,,,,,,,,,,
VIAL_TR70190001272-1-interval-3-tile-0,0.0,frames/window-0020-forward-00000.png,frames/window-0020-reverse-00001.png,UNREVIEWED,,UNASSIGNED,,,,,,,,,,,,
VIAL_TR70190001272-1-interval-3-tile-0,7.006811760721356,frames/window-0020-forward-00001.png,frames/window-0020-reverse-00000.png,UNREVIEWED,,UNASSIGNED,,,,,,,,,,,,
VIAL_TR70190001272-1-interval-31-tile-0,0.0,frames/window-0021-forward-00000.png,frames/window-0021-reverse-00005.png,UNREVIEWED,,UNASSIGNED,,,,,,,,,,,,
VIAL_TR70190001272-1-interval-31-tile-0,19.598604701687698,frames/window-0021-forward-00001.png,frames/window-0021-reverse-00004.png,UNREVIEWED,,UNASSIGNED,,,,,,,,,,,,
VIAL_TR70190001272-1-interval-31-tile-0,39.197209403375396,frames/window-0021-forward-00002.png,frames/window-0021-reverse-00003.png,UNREVIEWED,,UNASSIGNED,,,,,,,,,,,,
VIAL_TR70190001272-1-interval-31-tile-0,58.795814105063094,frames/window-0021-forward-00003.png,frames/window-0021-reverse-00002.png,UNREVIEWED,,UNASSIGNED,,,,,,,,,,,,
VIAL_TR70190001272-1-interval-31-tile-0,78.39441880675079,frames/window-0021-forward-00004.png,frames/window-0021-reverse-00001.png,UNREVIEWED,,UNASSIGNED,,,,,,,,,,,,
VIAL_TR70190001272-1-interval-31-tile-0,97.9930235084385,frames/window-0021-forward-00005.png,frames/window-0021-reverse-00000.png,UNREVIEWED,,UNASSIGNED,,,,,,,,,,,,
VIAL_TR70190001272-1-interval-31-tile-1,0.0,frames/window-0022-forward-00000.png,frames/window-0022-reverse-00002.png,UNREVIEWED,,UNASSIGNED,,,,,,,,,,,,
VIAL_TR70190001272-1-interval-31-tile-1,12.698855923642828,frames/window-0022-forward-00001.png,frames/window-0022-reverse-00001.png,UNREVIEWED,,UNASSIGNED,,,,,,,,,,,,
VIAL_TR70190001272-1-interval-31-tile-1,25.397711847285656,frames/window-0022-forward-00002.png,frames/window-0022-reverse-00000.png,UNREVIEWED,,UNASSIGNED,,,,,,,,,,,,
VIAL_TR70190001272-1-interval-33-tile-0,0.0,frames/window-0023-forward-00000.png,frames/window-0023-reverse-00004.png,UNREVIEWED,,UNASSIGNED,,,,,,,,,,,,
VIAL_TR70190001272-1-interval-33-tile-0,15.437701241287321,frames/window-0023-forward-00001.png,frames/window-0023-reverse-00003.png,UNREVIEWED,,UNASSIGNED,,,,,,,,,,,,
VIAL_TR70190001272-1-interval-33-tile-0,30.875402482574643,frames/window-0023-forward-00002.png,frames/window-0023-reverse-00002.png,UNREVIEWED,,UNASSIGNED,,,,,,,,,,,,
VIAL_TR70190001272-1-interval-33-tile-0,46.313103723861964,frames/window-0023-forward-00003.png,frames/window-0023-reverse-00001.png,UNREVIEWED,,UNASSIGNED,,,,,,,,,,,,
VIAL_TR70190001272-1-interval-33-tile-0,61.750804965149285,frames/window-0023-forward-00004.png,frames/window-0023-reverse-00000.png,UNREVIEWED,,UNASSIGNED,,,,,,,,,,,,
VIAL_TR70190001272-1-interval-35-tile-0,0.0,frames/window-0024-forward-00000.png,frames/window-0024-reverse-00001.png,UNREVIEWED,,UNASSIGNED,,,,,,,,,,,,
VIAL_TR70190001272-1-interval-35-tile-0,11.520731865107223,frames/window-0024-forward-00001.png,frames/window-0024-reverse-00000.png,UNREVIEWED,,UNASSIGNED,,,,,,,,,,,,
VIAL_TR70190001272-1-interval-37-tile-0,0.0,frames/window-0025-forward-00000.png,frames/window-0025-reverse-00002.png,UNREVIEWED,,UNASSIGNED,,,,,,,,,,,,
VIAL_TR70190001272-1-interval-37-tile-0,16.001533693617034,frames/window-0025-forward-00001.png,frames/window-0025-reverse-00001.png,UNREVIEWED,,UNASSIGNED,,,,,,,,,,,,
VIAL_TR70190001272-1-interval-37-tile-0,32.00306738723407,frames/window-0025-forward-00002.png,frames/window-0025-reverse-00000.png,UNREVIEWED,,UNASSIGNED,,,,,,,,,,,,
VIAL_TR70190001272-1-interval-39-tile-0,0.0,frames/window-0026-forward-00000.png,frames/window-0026-reverse-00002.png,UNREVIEWED,,UNASSIGNED,,,,,,,,,,,,
VIAL_TR70190001272-1-interval-39-tile-0,19.261181815320096,frames/window-0026-forward-00001.png,frames/window-0026-reverse-00001.png,UNREVIEWED,,UNASSIGNED,,,,,,,,,,,,
VIAL_TR70190001272-1-interval-39-tile-0,38.52236363064019,frames/window-0026-forward-00002.png,frames/window-0026-reverse-00000.png,UNREVIEWED,,UNASSIGNED,,,,,,,,,,,,
VIAL_TR70190001272-1-interval-41-tile-0,0.0,frames/window-0027-forward-00000.png,frames/window-0027-reverse-00003.png,UNREVIEWED,,UNASSIGNED,,,,,,,,,,,,
VIAL_TR70190001272-1-interval-41-tile-0,15.715520433327717,frames/window-0027-forward-00001.png,frames/window-0027-reverse-00002.png,UNREVIEWED,,UNASSIGNED,,,,,,,,,,,,
VIAL_TR70190001272-1-interval-41-tile-0,31.431040866655433,frames/window-0027-forward-00002.png,frames/window-0027-reverse-00001.png,UNREVIEWED,,UNASSIGNED,,,,,,,,,,,,
VIAL_TR70190001272-1-interval-41-tile-0,47.14656129998315,frames/window-0027-forward-00003.png,frames/window-0027-reverse-00000.png,UNREVIEWED,,UNASSIGNED,,,,,,,,,,,,
VIAL_TR70190001272-1-interval-43-tile-0,0.0,frames/window-0028-forward-00000.png,frames/window-0028-reverse-00001.png,UNREVIEWED,,UNASSIGNED,,,,,,,,,,,,
VIAL_TR70190001272-1-interval-43-tile-0,3.5028220150864193,frames/window-0028-forward-00001.png,frames/window-0028-reverse-00000.png,UNREVIEWED,,UNASSIGNED,,,,,,,,,,,,
VIAL_TR70190001272-1-interval-45-tile-0,0.0,frames/window-0029-forward-00000.png,frames/window-0029-reverse-00001.png,UNREVIEWED,,UNASSIGNED,,,,,,,,,,,,
VIAL_TR70190001272-1-interval-45-tile-0,3.9799907064344713,frames/window-0029-forward-00001.png,frames/window-0029-reverse-00000.png,UNREVIEWED,,UNASSIGNED,,,,,,,,,,,,
VIAL_TR70190001272-1-interval-47-tile-0,0.0,frames/window-0030-forward-00000.png,frames/window-0030-reverse-00002.png,UNREVIEWED,,UNASSIGNED,,,,,,,,,,,,
VIAL_TR70190001272-1-interval-47-tile-0,10.638642656930555,frames/window-0030-forward-00001.png,frames/window-0030-reverse-00001.png,UNREVIEWED,,UNASSIGNED,,,,,,,,,,,,
VIAL_TR70190001272-1-interval-47-tile-0,21.27728531386111,frames/window-0030-forward-00002.png,frames/window-0030-reverse-00000.png,UNREVIEWED,,UNASSIGNED,,,,,,,,,,,,
VIAL_TR70190001272-1-interval-49-tile-0,0.0,frames/window-0031-forward-00000.png,frames/window-0031-reverse-00001.png,UNREVIEWED,,UNASSIGNED,,,,,,,,,,,,
VIAL_TR70190001272-1-interval-49-tile-0,2.5077556588746033,frames/window-0031-forward-00001.png,frames/window-0031-reverse-00000.png,UNREVIEWED,,UNASSIGNED,,,,,,,,,,,,
VIAL_TR70190001272-1-interval-5-tile-0,0.0,frames/window-0032-forward-00000.png,frames/window-0032-reverse-00001.png,UNREVIEWED,,UNASSIGNED,,,,,,,,,,,,
VIAL_TR70190001272-1-interval-5-tile-0,6.50775022199538,frames/window-0032-forward-00001.png,frames/window-0032-reverse-00000.png,UNREVIEWED,,UNASSIGNED,,,,,,,,,,,,
VIAL_TR70190001272-1-interval-51-tile-0,0.0,frames/window-0033-forward-00000.png,frames/window-0033-reverse-00001.png,UNREVIEWED,,UNASSIGNED,,,,,,,,,,,,
VIAL_TR70190001272-1-interval-51-tile-0,1.5031599991372548,frames/window-0033-forward-00001.png,frames/window-0033-reverse-00000.png,UNREVIEWED,,UNASSIGNED,,,,,,,,,,,,
VIAL_TR70190001272-1-interval-53-tile-0,0.0,frames/window-0034-forward-00000.png,frames/window-0034-reverse-00001.png,UNREVIEWED,,UNASSIGNED,,,,,,,,,,,,
VIAL_TR70190001272-1-interval-53-tile-0,16.05155271004756,frames/window-0034-forward-00001.png,frames/window-0034-reverse-00000.png,UNREVIEWED,,UNASSIGNED,,,,,,,,,,,,
VIAL_TR70190001272-1-interval-55-tile-0,0.0,frames/window-0035-forward-00000.png,frames/window-0035-reverse-00005.png,UNREVIEWED,,UNASSIGNED,,,,,,,,,,,,
VIAL_TR70190001272-1-interval-55-tile-0,16.796759963411624,frames/window-0035-forward-00001.png,frames/window-0035-reverse-00004.png,UNREVIEWED,,UNASSIGNED,,,,,,,,,,,,
VIAL_TR70190001272-1-interval-55-tile-0,33.59351992682325,frames/window-0035-forward-00002.png,frames/window-0035-reverse-00003.png,UNREVIEWED,,UNASSIGNED,,,,,,,,,,,,
VIAL_TR70190001272-1-interval-55-tile-0,50.39027989023488,frames/window-0035-forward-00003.png,frames/window-0035-reverse-00002.png,UNREVIEWED,,UNASSIGNED,,,,,,,,,,,,
VIAL_TR70190001272-1-interval-55-tile-0,67.1870398536465,frames/window-0035-forward-00004.png,frames/window-0035-reverse-00001.png,UNREVIEWED,,UNASSIGNED,,,,,,,,,,,,
VIAL_TR70190001272-1-interval-55-tile-0,83.98379981705813,frames/window-0035-forward-00005.png,frames/window-0035-reverse-00000.png,UNREVIEWED,,UNASSIGNED,,,,,,,,,,,,
VIAL_TR70190001272-1-interval-57-tile-0,0.0,frames/window-0036-forward-00000.png,frames/window-0036-reverse-00001.png,UNREVIEWED,,UNASSIGNED,,,,,,,,,,,,
VIAL_TR70190001272-1-interval-57-tile-0,10.533514763700765,frames/window-0036-forward-00001.png,frames/window-0036-reverse-00000.png,UNREVIEWED,,UNASSIGNED,,,,,,,,,,,,
VIAL_TR70190001272-1-interval-59-tile-0,0.0,frames/window-0037-forward-00000.png,frames/window-0037-reverse-00001.png,UNREVIEWED,,UNASSIGNED,,,,,,,,,,,,
VIAL_TR70190001272-1-interval-59-tile-0,11.014166934871934,frames/window-0037-forward-00001.png,frames/window-0037-reverse-00000.png,UNREVIEWED,,UNASSIGNED,,,,,,,,,,,,
VIAL_TR70190001272-1-interval-7-tile-0,0.0,frames/window-0038-forward-00000.png,frames/window-0038-reverse-00001.png,UNREVIEWED,,UNASSIGNED,,,,,,,,,,,,
VIAL_TR70190001272-1-interval-7-tile-0,0.9975497896807735,frames/window-0038-forward-00001.png,frames/window-0038-reverse-00000.png,UNREVIEWED,,UNASSIGNED,,,,,,,,,,,,
VIAL_TR70190001272-1-interval-9-tile-0,0.0,frames/window-0039-forward-00000.png,frames/window-0039-reverse-00005.png,UNREVIEWED,,UNASSIGNED,,,,,,,,,,,,
VIAL_TR70190001272-1-interval-9-tile-0,19.93895874522992,frames/window-0039-forward-00001.png,frames/window-0039-reverse-00004.png,UNREVIEWED,,UNASSIGNED,,,,,,,,,,,,
VIAL_TR70190001272-1-interval-9-tile-0,39.87791749045984,frames/window-0039-forward-00002.png,frames/window-0039-reverse-00003.png,UNREVIEWED,,UNASSIGNED,,,,,,,,,,,,
VIAL_TR70190001272-1-interval-9-tile-0,59.81687623568977,frames/window-0039-forward-00003.png,frames/window-0039-reverse-00002.png,UNREVIEWED,,UNASSIGNED,,,,,,,,,,,,
VIAL_TR70190001272-1-interval-9-tile-0,79.75583498091969,frames/window-0039-forward-00004.png,frames/window-0039-reverse-00001.png,UNREVIEWED,,UNASSIGNED,,,,,,,,,,,,
VIAL_TR70190001272-1-interval-9-tile-0,99.69479372614961,frames/window-0039-forward-00005.png,frames/window-0039-reverse-00000.png,UNREVIEWED,,UNASSIGNED,,,,,,,,,,,,
VIAL_TR70190001272-1-interval-9-tile-1,0.0,frames/window-0040-forward-00000.png,frames/window-0040-reverse-00001.png,UNREVIEWED,,UNASSIGNED,,,,,,,,,,,,
VIAL_TR70190001272-1-interval-9-tile-1,17.01402043013124,frames/window-0040-forward-00001.png,frames/window-0040-reverse-00000.png,UNREVIEWED,,UNASSIGNED,,,,,,,,,,,,
VIAL_TR70190001272-2-interval-1-tile-0,0.0,frames/window-0041-forward-00000.png,frames/window-0041-reverse-00002.png,UNREVIEWED,,UNASSIGNED,,,,,,,,,,,,
VIAL_TR70190001272-2-interval-1-tile-0,10.765940785246112,frames/window-0041-forward-00001.png,frames/window-0041-reverse-00001.png,UNREVIEWED,,UNASSIGNED,,,,,,,,,,,,
VIAL_TR70190001272-2-interval-1-tile-0,21.531881570492224,frames/window-0041-forward-00002.png,frames/window-0041-reverse-00000.png,UNREVIEWED,,UNASSIGNED,,,,,,,,,,,,
VIAL_TR70190001272-2-interval-3-tile-0,0.0,frames/window-0042-forward-00000.png,frames/window-0042-reverse-00005.png,UNREVIEWED,,UNASSIGNED,,,,,,,,,,,,
VIAL_TR70190001272-2-interval-3-tile-0,16.929437214735362,frames/window-0042-forward-00001.png,frames/window-0042-reverse-00004.png,UNREVIEWED,,UNASSIGNED,,,,,,,,,,,,
VIAL_TR70190001272-2-interval-3-tile-0,33.858874429470724,frames/window-0042-forward-00002.png,frames/window-0042-reverse-00003.png,UNREVIEWED,,UNASSIGNED,,,,,,,,,,,,
VIAL_TR70190001272-2-interval-3-tile-0,50.78831164420608,frames/window-0042-forward-00003.png,frames/window-0042-reverse-00002.png,UNREVIEWED,,UNASSIGNED,,,,,,,,,,,,
VIAL_TR70190001272-2-interval-3-tile-0,67.71774885894145,frames/window-0042-forward-00004.png,frames/window-0042-reverse-00001.png,UNREVIEWED,,UNASSIGNED,,,,,,,,,,,,
VIAL_TR70190001272-2-interval-3-tile-0,84.6471860736768,frames/window-0042-forward-00005.png,frames/window-0042-reverse-00000.png,UNREVIEWED,,UNASSIGNED,,,,,,,,,,,,
VIAL_TR70190001272-2-interval-5-tile-0,0.0,frames/window-0043-forward-00000.png,frames/window-0043-reverse-00002.png,UNREVIEWED,,UNASSIGNED,,,,,,,,,,,,
VIAL_TR70190001272-2-interval-5-tile-0,14.363900783646791,frames/window-0043-forward-00001.png,frames/window-0043-reverse-00001.png,UNREVIEWED,,UNASSIGNED,,,,,,,,,,,,
VIAL_TR70190001272-2-interval-5-tile-0,28.727801567293582,frames/window-0043-forward-00002.png,frames/window-0043-reverse-00000.png,UNREVIEWED,,UNASSIGNED,,,,,,,,,,,,
VIAL_TR70190001272-2-interval-7-tile-0,0.0,frames/window-0044-forward-00000.png,frames/window-0044-reverse-00003.png,UNREVIEWED,,UNASSIGNED,,,,,,,,,,,,
VIAL_TR70190001272-2-interval-7-tile-0,19.885648778289042,frames/window-0044-forward-00001.png,frames/window-0044-reverse-00002.png,UNREVIEWED,,UNASSIGNED,,,,,,,,,,,,
VIAL_TR70190001272-2-interval-7-tile-0,39.771297556578084,frames/window-0044-forward-00002.png,frames/window-0044-reverse-00001.png,UNREVIEWED,,UNASSIGNED,,,,,,,,,,,,
VIAL_TR70190001272-2-interval-7-tile-0,59.65694633486712,frames/window-0044-forward-00003.png,frames/window-0044-reverse-00000.png,UNREVIEWED,,UNASSIGNED,,,,,,,,,,,,
VIAL_TR70190001272-2-interval-9-tile-0,0.0,frames/window-0045-forward-00000.png,frames/window-0045-reverse-00002.png,UNREVIEWED,,UNASSIGNED,,,,,,,,,,,,
VIAL_TR70190001272-2-interval-9-tile-0,12.799260699070105,frames/window-0045-forward-00001.png,frames/window-0045-reverse-00001.png,UNREVIEWED,,UNASSIGNED,,,,,,,,,,,,
VIAL_TR70190001272-2-interval-9-tile-0,25.59852139814021,frames/window-0045-forward-00002.png,frames/window-0045-reverse-00000.png,UNREVIEWED,,UNASSIGNED,,,,,,,,,,,,
VIAL_TR70190001287-0-interval-1-tile-0,0.0,frames/window-0046-forward-00000.png,frames/window-0046-reverse-00001.png,UNREVIEWED,,UNASSIGNED,,,,,,,,,,,,
VIAL_TR70190001287-0-interval-1-tile-0,5.000205382983909,frames/window-0046-forward-00001.png,frames/window-0046-reverse-00000.png,UNREVIEWED,,UNASSIGNED,,,,,,,,,,,,
VIAL_TR70190001287-0-interval-11-tile-0,0.0,frames/window-0047-forward-00000.png,frames/window-0047-reverse-00001.png,UNREVIEWED,,UNASSIGNED,,,,,,,,,,,,
VIAL_TR70190001287-0-interval-11-tile-0,7.521390318398691,frames/window-0047-forward-00001.png,frames/window-0047-reverse-00000.png,UNREVIEWED,,UNASSIGNED,,,,,,,,,,,,
VIAL_TR70190001287-0-interval-13-tile-0,0.0,frames/window-0048-forward-00000.png,frames/window-0048-reverse-00001.png,UNREVIEWED,,UNASSIGNED,,,,,,,,,,,,
VIAL_TR70190001287-0-interval-13-tile-0,5.018287947010396,frames/window-0048-forward-00001.png,frames/window-0048-reverse-00000.png,UNREVIEWED,,UNASSIGNED,,,,,,,,,,,,
VIAL_TR70190001287-0-interval-15-tile-0,0.0,frames/window-0049-forward-00000.png,frames/window-0049-reverse-00005.png,UNREVIEWED,,UNASSIGNED,,,,,,,,,,,,
VIAL_TR70190001287-0-interval-15-tile-0,19.95120090109214,frames/window-0049-forward-00001.png,frames/window-0049-reverse-00004.png,UNREVIEWED,,UNASSIGNED,,,,,,,,,,,,
VIAL_TR70190001287-0-interval-15-tile-0,39.90240180218428,frames/window-0049-forward-00002.png,frames/window-0049-reverse-00003.png,UNREVIEWED,,UNASSIGNED,,,,,,,,,,,,
VIAL_TR70190001287-0-interval-15-tile-0,59.85360270327642,frames/window-0049-forward-00003.png,frames/window-0049-reverse-00002.png,UNREVIEWED,,UNASSIGNED,,,,,,,,,,,,
VIAL_TR70190001287-0-interval-15-tile-0,79.80480360436856,frames/window-0049-forward-00004.png,frames/window-0049-reverse-00001.png,UNREVIEWED,,UNASSIGNED,,,,,,,,,,,,
VIAL_TR70190001287-0-interval-15-tile-0,99.7560045054607,frames/window-0049-forward-00005.png,frames/window-0049-reverse-00000.png,UNREVIEWED,,UNASSIGNED,,,,,,,,,,,,
VIAL_TR70190001287-0-interval-15-tile-1,0.0,frames/window-0050-forward-00000.png,frames/window-0050-reverse-00003.png,UNREVIEWED,,UNASSIGNED,,,,,,,,,,,,
VIAL_TR70190001287-0-interval-15-tile-1,16.04319769288104,frames/window-0050-forward-00001.png,frames/window-0050-reverse-00002.png,UNREVIEWED,,UNASSIGNED,,,,,,,,,,,,
VIAL_TR70190001287-0-interval-15-tile-1,32.08639538576208,frames/window-0050-forward-00002.png,frames/window-0050-reverse-00001.png,UNREVIEWED,,UNASSIGNED,,,,,,,,,,,,
VIAL_TR70190001287-0-interval-15-tile-1,48.129593078643126,frames/window-0050-forward-00003.png,frames/window-0050-reverse-00000.png,UNREVIEWED,,UNASSIGNED,,,,,,,,,,,,
VIAL_TR70190001287-0-interval-17-tile-0,0.0,frames/window-0051-forward-00000.png,frames/window-0051-reverse-00002.png,UNREVIEWED,,UNASSIGNED,,,,,,,,,,,,
VIAL_TR70190001287-0-interval-17-tile-0,18.627504656106666,frames/window-0051-forward-00001.png,frames/window-0051-reverse-00001.png,UNREVIEWED,,UNASSIGNED,,,,,,,,,,,,
VIAL_TR70190001287-0-interval-17-tile-0,37.25500931221333,frames/window-0051-forward-00002.png,frames/window-0051-reverse-00000.png,UNREVIEWED,,UNASSIGNED,,,,,,,,,,,,
VIAL_TR70190001287-0-interval-19-tile-0,0.0,frames/window-0052-forward-00000.png,frames/window-0052-reverse-00001.png,UNREVIEWED,,UNASSIGNED,,,,,,,,,,,,
VIAL_TR70190001287-0-interval-19-tile-0,2.006272206774,frames/window-0052-forward-00001.png,frames/window-0052-reverse-00000.png,UNREVIEWED,,UNASSIGNED,,,,,,,,,,,,
VIAL_TR70190001287-0-interval-21-tile-0,0.0,frames/window-0053-forward-00000.png,frames/window-0053-reverse-00006.png,UNREVIEWED,,UNASSIGNED,,,,,,,,,,,,
VIAL_TR70190001287-0-interval-21-tile-0,16.69848208528831,frames/window-0053-forward-00001.png,frames/window-0053-reverse-00005.png,UNREVIEWED,,UNASSIGNED,,,,,,,,,,,,
VIAL_TR70190001287-0-interval-21-tile-0,33.39696417057662,frames/window-0053-forward-00002.png,frames/window-0053-reverse-00004.png,UNREVIEWED,,UNASSIGNED,,,,,,,,,,,,
VIAL_TR70190001287-0-interval-21-tile-0,50.09544625586492,frames/window-0053-forward-00003.png,frames/window-0053-reverse-00003.png,UNREVIEWED,,UNASSIGNED,,,,,,,,,,,,
VIAL_TR70190001287-0-interval-21-tile-0,66.79392834115323,frames/window-0053-forward-00004.png,frames/window-0053-reverse-00002.png,UNREVIEWED,,UNASSIGNED,,,,,,,,,,,,
VIAL_TR70190001287-0-interval-21-tile-0,83.49241042644154,frames/window-0053-forward-00005.png,frames/window-0053-reverse-00001.png,UNREVIEWED,,UNASSIGNED,,,,,,,,,,,,
VIAL_TR70190001287-0-interval-21-tile-0,100.19089251172984,frames/window-0053-forward-00006.png,frames/window-0053-reverse-00000.png,UNREVIEWED,,UNASSIGNED,,,,,,,,,,,,
VIAL_TR70190001287-0-interval-21-tile-1,0.0,frames/window-0054-forward-00000.png,frames/window-0054-reverse-00003.png,UNREVIEWED,,UNASSIGNED,,,,,,,,,,,,
VIAL_TR70190001287-0-interval-21-tile-1,18.957134898572505,frames/window-0054-forward-00001.png,frames/window-0054-reverse-00002.png,UNREVIEWED,,UNASSIGNED,,,,,,,,,,,,
VIAL_TR70190001287-0-interval-21-tile-1,37.91426979714501,frames/window-0054-forward-00002.png,frames/window-0054-reverse-00001.png,UNREVIEWED,,UNASSIGNED,,,,,,,,,,,,
VIAL_TR70190001287-0-interval-21-tile-1,56.871404695717516,frames/window-0054-forward-00003.png,frames/window-0054-reverse-00000.png,UNREVIEWED,,UNASSIGNED,,,,,,,,,,,,
VIAL_TR70190001287-0-interval-23-tile-0,0.0,frames/window-0055-forward-00000.png,frames/window-0055-reverse-00004.png,UNREVIEWED,,UNASSIGNED,,,,,,,,,,,,
VIAL_TR70190001287-0-interval-23-tile-0,16.77283002268133,frames/window-0055-forward-00001.png,frames/window-0055-reverse-00003.png,UNREVIEWED,,UNASSIGNED,,,,,,,,,,,,
VIAL_TR70190001287-0-interval-23-tile-0,33.54566004536266,frames/window-0055-forward-00002.png,frames/window-0055-reverse-00002.png,UNREVIEWED,,UNASSIGNED,,,,,,,,,,,,
VIAL_TR70190001287-0-interval-23-tile-0,50.318490068043985,frames/window-0055-forward-00003.png,frames/window-0055-reverse-00001.png,UNREVIEWED,,UNASSIGNED,,,,,,,,,,,,
VIAL_TR70190001287-0-interval-23-tile-0,67.09132009072532,frames/window-0055-forward-00004.png,frames/window-0055-reverse-00000.png,UNREVIEWED,,UNASSIGNED,,,,,,,,,,,,
VIAL_TR70190001287-0-interval-25-tile-0,0.0,frames/window-0056-forward-00000.png,frames/window-0056-reverse-00005.png,UNREVIEWED,,UNASSIGNED,,,,,,,,,,,,
VIAL_TR70190001287-0-interval-25-tile-0,19.796394119745788,frames/window-0056-forward-00001.png,frames/window-0056-reverse-00004.png,UNREVIEWED,,UNASSIGNED,,,,,,,,,,,,
VIAL_TR70190001287-0-interval-25-tile-0,39.592788239491576,frames/window-0056-forward-00002.png,frames/window-0056-reverse-00003.png,UNREVIEWED,,UNASSIGNED,,,,,,,,,,,,
VIAL_TR70190001287-0-interval-25-tile-0,59.38918235923736,frames/window-0056-forward-00003.png,frames/window-0056-reverse-00002.png,UNREVIEWED,,UNASSIGNED,,,,,,,,,,,,
VIAL_TR70190001287-0-interval-25-tile-0,79.18557647898315,frames/window-0056-forward-00004.png,frames/window-0056-reverse-00001.png,UNREVIEWED,,UNASSIGNED,,,,,,,,,,,,
VIAL_TR70190001287-0-interval-25-tile-0,98.98197059872894,frames/window-0056-forward-00005.png,frames/window-0056-reverse-00000.png,UNREVIEWED,,UNASSIGNED,,,,,,,,,,,,
VIAL_TR70190001287-0-interval-25-tile-1,0.0,frames/window-0057-forward-00000.png,frames/window-0057-reverse-00001.png,UNREVIEWED,,UNASSIGNED,,,,,,,,,,,,
VIAL_TR70190001287-0-interval-25-tile-1,2.5092359701594895,frames/window-0057-forward-00001.png,frames/window-0057-reverse-00000.png,UNREVIEWED,,UNASSIGNED,,,,,,,,,,,,
VIAL_TR70190001287-0-interval-27-tile-0,0.0,frames/window-0058-forward-00000.png,frames/window-0058-reverse-00001.png,UNREVIEWED,,UNASSIGNED,,,,,,,,,,,,
VIAL_TR70190001287-0-interval-27-tile-0,6.018776515957896,frames/window-0058-forward-00001.png,frames/window-0058-reverse-00000.png,UNREVIEWED,,UNASSIGNED,,,,,,,,,,,,
VIAL_TR70190001287-0-interval-29-tile-0,0.0,frames/window-0059-forward-00000.png,frames/window-0059-reverse-00003.png,UNREVIEWED,,UNASSIGNED,,,,,,,,,,,,
VIAL_TR70190001287-0-interval-29-tile-0,14.044462736693283,frames/window-0059-forward-00001.png,frames/window-0059-reverse-00002.png,UNREVIEWED,,UNASSIGNED,,,,,,,,,,,,
VIAL_TR70190001287-0-interval-29-tile-0,28.088925473386567,frames/window-0059-forward-00002.png,frames/window-0059-reverse-00001.png,UNREVIEWED,,UNASSIGNED,,,,,,,,,,,,
VIAL_TR70190001287-0-interval-29-tile-0,42.13338821007985,frames/window-0059-forward-00003.png,frames/window-0059-reverse-00000.png,UNREVIEWED,,UNASSIGNED,,,,,,,,,,,,
VIAL_TR70190001287-0-interval-3-tile-0,0.0,frames/window-0060-forward-00000.png,frames/window-0060-reverse-00004.png,UNREVIEWED,,UNASSIGNED,,,,,,,,,,,,
VIAL_TR70190001287-0-interval-3-tile-0,16.759879897240975,frames/window-0060-forward-00001.png,frames/window-0060-reverse-00003.png,UNREVIEWED,,UNASSIGNED,,,,,,,,,,,,
VIAL_TR70190001287-0-interval-3-tile-0,33.51975979448195,frames/window-0060-forward-00002.png,frames/window-0060-reverse-00002.png,UNREVIEWED,,UNASSIGNED,,,,,,,,,,,,
VIAL_TR70190001287-0-interval-3-tile-0,50.27963969172292,frames/window-0060-forward-00003.png,frames/window-0060-reverse-00001.png,UNREVIEWED,,UNASSIGNED,,,,,,,,,,,,
VIAL_TR70190001287-0-interval-3-tile-0,67.0395195889639,frames/window-0060-forward-00004.png,frames/window-0060-reverse-00000.png,UNREVIEWED,,UNASSIGNED,,,,,,,,,,,,
VIAL_TR70190001287-0-interval-31-tile-0,0.0,frames/window-0061-forward-00000.png,frames/window-0061-reverse-00001.png,UNREVIEWED,,UNASSIGNED,,,,,,,,,,,,
VIAL_TR70190001287-0-interval-31-tile-0,3.49569394782859,frames/window-0061-forward-00001.png,frames/window-0061-reverse-00000.png,UNREVIEWED,,UNASSIGNED,,,,,,,,,,,,
VIAL_TR70190001287-0-interval-33-tile-0,0.0,frames/window-0062-forward-00000.png,frames/window-0062-reverse-00003.png,UNREVIEWED,,UNASSIGNED,,,,,,,,,,,,
VIAL_TR70190001287-0-interval-33-tile-0,16.10956661453577,frames/window-0062-forward-00001.png,frames/window-0062-reverse-00002.png,UNREVIEWED,,UNASSIGNED,,,,,,,,,,,,
VIAL_TR70190001287-0-interval-33-tile-0,32.21913322907154,frames/window-0062-forward-00002.png,frames/window-0062-reverse-00001.png,UNREVIEWED,,UNASSIGNED,,,,,,,,,,,,
VIAL_TR70190001287-0-interval-33-tile-0,48.32869984360731,frames/window-0062-forward-00003.png,frames/window-0062-reverse-00000.png,UNREVIEWED,,UNASSIGNED,,,,,,,,,,,,
VIAL_TR70190001287-0-interval-35-tile-0,0.0,frames/window-0063-forward-00000.png,frames/window-0063-reverse-00001.png,UNREVIEWED,,UNASSIGNED,,,,,,,,,,,,
VIAL_TR70190001287-0-interval-35-tile-0,0.9954225953047601,frames/window-0063-forward-00001.png,frames/window-0063-reverse-00000.png,UNREVIEWED,,UNASSIGNED,,,,,,,,,,,,
VIAL_TR70190001287-0-interval-37-tile-0,0.0,frames/window-0064-forward-00000.png,frames/window-0064-reverse-00001.png,UNREVIEWED,,UNASSIGNED,,,,,,,,,,,,
VIAL_TR70190001287-0-interval-37-tile-0,17.54824313344447,frames/window-0064-forward-00001.png,frames/window-0064-reverse-00000.png,UNREVIEWED,,UNASSIGNED,,,,,,,,,,,,
VIAL_TR70190001287-0-interval-39-tile-0,0.0,frames/window-0065-forward-00000.png,frames/window-0065-reverse-00001.png,UNREVIEWED,,UNASSIGNED,,,,,,,,,,,,
VIAL_TR70190001287-0-interval-39-tile-0,17.947030527694285,frames/window-0065-forward-00001.png,frames/window-0065-reverse-00000.png,UNREVIEWED,,UNASSIGNED,,,,,,,,,,,,
VIAL_TR70190001287-0-interval-41-tile-0,0.0,frames/window-0066-forward-00000.png,frames/window-0066-reverse-00001.png,UNREVIEWED,,UNASSIGNED,,,,,,,,,,,,
VIAL_TR70190001287-0-interval-41-tile-0,4.514611922230764,frames/window-0066-forward-00001.png,frames/window-0066-reverse-00000.png,UNREVIEWED,,UNASSIGNED,,,,,,,,,,,,
VIAL_TR70190001287-0-interval-43-tile-0,0.0,frames/window-0067-forward-00000.png,frames/window-0067-reverse-00004.png,UNREVIEWED,,UNASSIGNED,,,,,,,,,,,,
VIAL_TR70190001287-0-interval-43-tile-0,19.67381499928448,frames/window-0067-forward-00001.png,frames/window-0067-reverse-00003.png,UNREVIEWED,,UNASSIGNED,,,,,,,,,,,,
VIAL_TR70190001287-0-interval-43-tile-0,39.34762999856896,frames/window-0067-forward-00002.png,frames/window-0067-reverse-00002.png,UNREVIEWED,,UNASSIGNED,,,,,,,,,,,,
VIAL_TR70190001287-0-interval-43-tile-0,59.02144499785344,frames/window-0067-forward-00003.png,frames/window-0067-reverse-00001.png,UNREVIEWED,,UNASSIGNED,,,,,,,,,,,,
VIAL_TR70190001287-0-interval-43-tile-0,78.69525999713792,frames/window-0067-forward-00004.png,frames/window-0067-reverse-00000.png,UNREVIEWED,,UNASSIGNED,,,,,,,,,,,,
VIAL_TR70190001287-0-interval-45-tile-0,0.0,frames/window-0068-forward-00000.png,frames/window-0068-reverse-00003.png,UNREVIEWED,,UNASSIGNED,,,,,,,,,,,,
VIAL_TR70190001287-0-interval-45-tile-0,14.296267508247448,frames/window-0068-forward-00001.png,frames/window-0068-reverse-00002.png,UNREVIEWED,,UNASSIGNED,,,,,,,,,,,,
VIAL_TR70190001287-0-interval-45-tile-0,28.592535016494896,frames/window-0068-forward-00002.png,frames/window-0068-reverse-00001.png,UNREVIEWED,,UNASSIGNED,,,,,,,,,,,,
VIAL_TR70190001287-0-interval-45-tile-0,42.888802524742346,frames/window-0068-forward-00003.png,frames/window-0068-reverse-00000.png,UNREVIEWED,,UNASSIGNED,,,,,,,,,,,,
VIAL_TR70190001287-0-interval-49-tile-0,0.0,frames/window-0069-forward-00000.png,frames/window-0069-reverse-00001.png,UNREVIEWED,,UNASSIGNED,,,,,,,,,,,,
VIAL_TR70190001287-0-interval-49-tile-0,8.007245404481887,frames/window-0069-forward-00001.png,frames/window-0069-reverse-00000.png,UNREVIEWED,,UNASSIGNED,,,,,,,,,,,,
VIAL_TR70190001287-0-interval-5-tile-0,0.0,frames/window-0070-forward-00000.png,frames/window-0070-reverse-00002.png,UNREVIEWED,,UNASSIGNED,,,,,,,,,,,,
VIAL_TR70190001287-0-interval-5-tile-0,19.5361811525329,frames/window-0070-forward-00001.png,frames/window-0070-reverse-00001.png,UNREVIEWED,,UNASSIGNED,,,,,,,,,,,,
VIAL_TR70190001287-0-interval-5-tile-0,39.0723623050658,frames/window-0070-forward-00002.png,frames/window-0070-reverse-00000.png,UNREVIEWED,,UNASSIGNED,,,,,,,,,,,,
VIAL_TR70190001287-0-interval-51-tile-0,0.0,frames/window-0071-forward-00000.png,frames/window-0071-reverse-00003.png,UNREVIEWED,,UNASSIGNED,,,,,,,,,,,,
VIAL_TR70190001287-0-interval-51-tile-0,14.199530671953752,frames/window-0071-forward-00001.png,frames/window-0071-reverse-00002.png,UNREVIEWED,,UNASSIGNED,,,,,,,,,,,,
VIAL_TR70190001287-0-interval-51-tile-0,28.399061343907505,frames/window-0071-forward-00002.png,frames/window-0071-reverse-00001.png,UNREVIEWED,,UNASSIGNED,,,,,,,,,,,,
VIAL_TR70190001287-0-interval-51-tile-0,42.59859201586126,frames/window-0071-forward-00003.png,frames/window-0071-reverse-00000.png,UNREVIEWED,,UNASSIGNED,,,,,,,,,,,,
VIAL_TR70190001287-0-interval-53-tile-0,0.0,frames/window-0072-forward-00000.png,frames/window-0072-reverse-00001.png,UNREVIEWED,,UNASSIGNED,,,,,,,,,,,,
VIAL_TR70190001287-0-interval-53-tile-0,1.501348316170724,frames/window-0072-forward-00001.png,frames/window-0072-reverse-00000.png,UNREVIEWED,,UNASSIGNED,,,,,,,,,,,,
VIAL_TR70190001287-0-interval-55-tile-0,0.0,frames/window-0073-forward-00000.png,frames/window-0073-reverse-00001.png,UNREVIEWED,,UNASSIGNED,,,,,,,,,,,,
VIAL_TR70190001287-0-interval-55-tile-0,10.525139418884903,frames/window-0073-forward-00001.png,frames/window-0073-reverse-00000.png,UNREVIEWED,,UNASSIGNED,,,,,,,,,,,,
VIAL_TR70190001287-0-interval-57-tile-0,0.0,frames/window-0074-forward-00000.png,frames/window-0074-reverse-00001.png,UNREVIEWED,,UNASSIGNED,,,,,,,,,,,,
VIAL_TR70190001287-0-interval-57-tile-0,13.507865733311261,frames/window-0074-forward-00001.png,frames/window-0074-reverse-00000.png,UNREVIEWED,,UNASSIGNED,,,,,,,,,,,,
VIAL_TR70190001287-0-interval-59-tile-0,0.0,frames/window-0075-forward-00000.png,frames/window-0075-reverse-00001.png,UNREVIEWED,,UNASSIGNED,,,,,,,,,,,,
VIAL_TR70190001287-0-interval-59-tile-0,7.015279324676928,frames/window-0075-forward-00001.png,frames/window-0075-reverse-00000.png,UNREVIEWED,,UNASSIGNED,,,,,,,,,,,,
VIAL_TR70190001287-0-interval-61-tile-0,0.0,frames/window-0076-forward-00000.png,frames/window-0076-reverse-00001.png,UNREVIEWED,,UNASSIGNED,,,,,,,,,,,,
VIAL_TR70190001287-0-interval-61-tile-0,18.51108189403071,frames/window-0076-forward-00001.png,frames/window-0076-reverse-00000.png,UNREVIEWED,,UNASSIGNED,,,,,,,,,,,,
VIAL_TR70190001287-0-interval-63-tile-0,0.0,frames/window-0077-forward-00000.png,frames/window-0077-reverse-00002.png,UNREVIEWED,,UNASSIGNED,,,,,,,,,,,,
VIAL_TR70190001287-0-interval-63-tile-0,12.681985732170666,frames/window-0077-forward-00001.png,frames/window-0077-reverse-00001.png,UNREVIEWED,,UNASSIGNED,,,,,,,,,,,,
VIAL_TR70190001287-0-interval-63-tile-0,25.363971464341333,frames/window-0077-forward-00002.png,frames/window-0077-reverse-00000.png,UNREVIEWED,,UNASSIGNED,,,,,,,,,,,,
VIAL_TR70190001287-0-interval-65-tile-0,0.0,frames/window-0078-forward-00000.png,frames/window-0078-reverse-00004.png,UNREVIEWED,,UNASSIGNED,,,,,,,,,,,,
VIAL_TR70190001287-0-interval-65-tile-0,17.200766711950592,frames/window-0078-forward-00001.png,frames/window-0078-reverse-00003.png,UNREVIEWED,,UNASSIGNED,,,,,,,,,,,,
VIAL_TR70190001287-0-interval-65-tile-0,34.401533423901185,frames/window-0078-forward-00002.png,frames/window-0078-reverse-00002.png,UNREVIEWED,,UNASSIGNED,,,,,,,,,,,,
VIAL_TR70190001287-0-interval-65-tile-0,51.60230013585178,frames/window-0078-forward-00003.png,frames/window-0078-reverse-00001.png,UNREVIEWED,,UNASSIGNED,,,,,,,,,,,,
VIAL_TR70190001287-0-interval-65-tile-0,68.80306684780237,frames/window-0078-forward-00004.png,frames/window-0078-reverse-00000.png,UNREVIEWED,,UNASSIGNED,,,,,,,,,,,,
VIAL_TR70190001287-0-interval-7-tile-0,0.0,frames/window-0079-forward-00000.png,frames/window-0079-reverse-00001.png,UNREVIEWED,,UNASSIGNED,,,,,,,,,,,,
VIAL_TR70190001287-0-interval-7-tile-0,3.5123148983298496,frames/window-0079-forward-00001.png,frames/window-0079-reverse-00000.png,UNREVIEWED,,UNASSIGNED,,,,,,,,,,,,
VIAL_TR70190001287-0-interval-9-tile-0,0.0,frames/window-0080-forward-00000.png,frames/window-0080-reverse-00001.png,UNREVIEWED,,UNASSIGNED,,,,,,,,,,,,
VIAL_TR70190001287-0-interval-9-tile-0,14.043755011587294,frames/window-0080-forward-00001.png,frames/window-0080-reverse-00000.png,UNREVIEWED,,UNASSIGNED,,,,,,,,,,,,
accepted-hairpin,0.0,frames/window-0081-forward-00000.png,frames/window-0081-reverse-00016.png,UNREVIEWED,,UNASSIGNED,,,,,,,,,,,,
accepted-hairpin,19.233173558240427,frames/window-0081-forward-00001.png,frames/window-0081-reverse-00015.png,UNREVIEWED,,UNASSIGNED,,,,,,,,,,,,
accepted-hairpin,38.466347116480854,frames/window-0081-forward-00002.png,frames/window-0081-reverse-00014.png,UNREVIEWED,,UNASSIGNED,,,,,,,,,,,,
accepted-hairpin,57.699520674721285,frames/window-0081-forward-00003.png,frames/window-0081-reverse-00013.png,UNREVIEWED,,UNASSIGNED,,,,,,,,,,,,
accepted-hairpin,76.93269423296171,frames/window-0081-forward-00004.png,frames/window-0081-reverse-00012.png,UNREVIEWED,,UNASSIGNED,,,,,,,,,,,,
accepted-hairpin,96.16586779120213,frames/window-0081-forward-00005.png,frames/window-0081-reverse-00011.png,UNREVIEWED,,UNASSIGNED,,,,,,,,,,,,
accepted-hairpin,115.39904134944257,frames/window-0081-forward-00006.png,frames/window-0081-reverse-00010.png,UNREVIEWED,,UNASSIGNED,,,,,,,,,,,,
accepted-hairpin,134.632214907683,frames/window-0081-forward-00007.png,frames/window-0081-reverse-00009.png,UNREVIEWED,,UNASSIGNED,,,,,,,,,,,,
accepted-hairpin,153.86538846592342,frames/window-0081-forward-00008.png,frames/window-0081-reverse-00008.png,UNREVIEWED,,UNASSIGNED,,,,,,,,,,,,
accepted-hairpin,173.09856202416384,frames/window-0081-forward-00009.png,frames/window-0081-reverse-00007.png,UNREVIEWED,,UNASSIGNED,,,,,,,,,,,,
accepted-hairpin,192.33173558240426,frames/window-0081-forward-00010.png,frames/window-0081-reverse-00006.png,UNREVIEWED,,UNASSIGNED,,,,,,,,,,,,
accepted-hairpin,211.5649091406447,frames/window-0081-forward-00011.png,frames/window-0081-reverse-00005.png,UNREVIEWED,,UNASSIGNED,,,,,,,,,,,,
accepted-hairpin,230.79808269888514,frames/window-0081-forward-00012.png,frames/window-0081-reverse-00004.png,UNREVIEWED,,UNASSIGNED,,,,,,,,,,,,
accepted-hairpin,250.03125625712556,frames/window-0081-forward-00013.png,frames/window-0081-reverse-00003.png,UNREVIEWED,,UNASSIGNED,,,,,,,,,,,,
accepted-hairpin,269.264429815366,frames/window-0081-forward-00014.png,frames/window-0081-reverse-00002.png,UNREVIEWED,,UNASSIGNED,,,,,,,,,,,,
accepted-hairpin,288.4976033736064,frames/window-0081-forward-00015.png,frames/window-0081-reverse-00001.png,UNREVIEWED,,UNASSIGNED,,,,,,,,,,,,
accepted-hairpin,307.73077693184683,frames/window-0081-forward-00016.png,frames/window-0081-reverse-00000.png,UNREVIEWED,,UNASSIGNED,,,,,,,,,,,,
nudo-0,0.0,frames/window-0082-forward-00000.png,frames/window-0082-reverse-00005.png,UNREVIEWED,,UNASSIGNED,,,,,,,,,,,,
nudo-0,19.971871098370716,frames/window-0082-forward-00001.png,frames/window-0082-reverse-00004.png,UNREVIEWED,,UNASSIGNED,,,,,,,,,,,,
nudo-0,39.94374219674143,frames/window-0082-forward-00002.png,frames/window-0082-reverse-00003.png,UNREVIEWED,,UNASSIGNED,,,,,,,,,,,,
nudo-0,59.915613295112145,frames/window-0082-forward-00003.png,frames/window-0082-reverse-00002.png,UNREVIEWED,,UNASSIGNED,,,,,,,,,,,,
nudo-0,79.88748439348286,frames/window-0082-forward-00004.png,frames/window-0082-reverse-00001.png,UNREVIEWED,,UNASSIGNED,,,,,,,,,,,,
nudo-0,99.85935549185358,frames/window-0082-forward-00005.png,frames/window-0082-reverse-00000.png,UNREVIEWED,,UNASSIGNED,,,,,,,,,,,,
nudo-1,0.0,frames/window-0083-forward-00000.png,frames/window-0083-reverse-00005.png,UNREVIEWED,,UNASSIGNED,,,,,,,,,,,,
nudo-1,19.98827599827228,frames/window-0083-forward-00001.png,frames/window-0083-reverse-00004.png,UNREVIEWED,,UNASSIGNED,,,,,,,,,,,,
nudo-1,39.97655199654456,frames/window-0083-forward-00002.png,frames/window-0083-reverse-00003.png,UNREVIEWED,,UNASSIGNED,,,,,,,,,,,,
nudo-1,59.964827994816844,frames/window-0083-forward-00003.png,frames/window-0083-reverse-00002.png,UNREVIEWED,,UNASSIGNED,,,,,,,,,,,,
nudo-1,79.95310399308912,frames/window-0083-forward-00004.png,frames/window-0083-reverse-00001.png,UNREVIEWED,,UNASSIGNED,,,,,,,,,,,,
nudo-1,99.9413799913614,frames/window-0083-forward-00005.png,frames/window-0083-reverse-00000.png,UNREVIEWED,,UNASSIGNED,,,,,,,,,,,,
nudo-2,0.0,frames/window-0084-forward-00000.png,frames/window-0084-reverse-00001.png,UNREVIEWED,,UNASSIGNED,,,,,,,,,,,,
nudo-2,8.00647613474558,frames/window-0084-forward-00001.png,frames/window-0084-reverse-00000.png,UNREVIEWED,,UNASSIGNED,,,,,,,,,,,,
reviewed-VIAL_TR70190001272-0-interval-1-0,0.0,frames/window-0085-forward-00000.png,frames/window-0085-reverse-00002.png,UNREVIEWED,,UNASSIGNED,,,,,,,,,,,,
reviewed-VIAL_TR70190001272-0-interval-1-0,17.985934891401584,frames/window-0085-forward-00001.png,frames/window-0085-reverse-00001.png,UNREVIEWED,,UNASSIGNED,,,,,,,,,,,,
reviewed-VIAL_TR70190001272-0-interval-1-0,35.97186978280317,frames/window-0085-forward-00002.png,frames/window-0085-reverse-00000.png,UNREVIEWED,,UNASSIGNED,,,,,,,,,,,,
reviewed-VIAL_TR70190001272-0-interval-11-0,0.0,frames/window-0086-forward-00000.png,frames/window-0086-reverse-00005.png,UNREVIEWED,,UNASSIGNED,,,,,,,,,,,,
reviewed-VIAL_TR70190001272-0-interval-11-0,16.772398492755435,frames/window-0086-forward-00001.png,frames/window-0086-reverse-00004.png,UNREVIEWED,,UNASSIGNED,,,,,,,,,,,,
reviewed-VIAL_TR70190001272-0-interval-11-0,33.54479698551087,frames/window-0086-forward-00002.png,frames/window-0086-reverse-00003.png,UNREVIEWED,,UNASSIGNED,,,,,,,,,,,,
reviewed-VIAL_TR70190001272-0-interval-11-0,50.31719547826631,frames/window-0086-forward-00003.png,frames/window-0086-reverse-00002.png,UNREVIEWED,,UNASSIGNED,,,,,,,,,,,,
reviewed-VIAL_TR70190001272-0-interval-11-0,67.08959397102174,frames/window-0086-forward-00004.png,frames/window-0086-reverse-00001.png,UNREVIEWED,,UNASSIGNED,,,,,,,,,,,,
reviewed-VIAL_TR70190001272-0-interval-11-0,83.86199246377718,frames/window-0086-forward-00005.png,frames/window-0086-reverse-00000.png,UNREVIEWED,,UNASSIGNED,,,,,,,,,,,,
reviewed-VIAL_TR70190001272-0-interval-13-0,0.0,frames/window-0087-forward-00000.png,frames/window-0087-reverse-00001.png,UNREVIEWED,,UNASSIGNED,,,,,,,,,,,,
reviewed-VIAL_TR70190001272-0-interval-13-0,9.500004144955234,frames/window-0087-forward-00001.png,frames/window-0087-reverse-00000.png,UNREVIEWED,,UNASSIGNED,,,,,,,,,,,,
reviewed-VIAL_TR70190001272-0-interval-15-0,0.0,frames/window-0088-forward-00000.png,frames/window-0088-reverse-00003.png,UNREVIEWED,,UNASSIGNED,,,,,,,,,,,,
reviewed-VIAL_TR70190001272-0-interval-15-0,14.046319597515614,frames/window-0088-forward-00001.png,frames/window-0088-reverse-00002.png,UNREVIEWED,,UNASSIGNED,,,,,,,,,,,,
reviewed-VIAL_TR70190001272-0-interval-15-0,28.09263919503123,frames/window-0088-forward-00002.png,frames/window-0088-reverse-00001.png,UNREVIEWED,,UNASSIGNED,,,,,,,,,,,,
reviewed-VIAL_TR70190001272-0-interval-15-0,42.138958792546845,frames/window-0088-forward-00003.png,frames/window-0088-reverse-00000.png,UNREVIEWED,,UNASSIGNED,,,,,,,,,,,,
reviewed-VIAL_TR70190001272-0-interval-17-0,0.0,frames/window-0089-forward-00000.png,frames/window-0089-reverse-00001.png,UNREVIEWED,,UNASSIGNED,,,,,,,,,,,,
reviewed-VIAL_TR70190001272-0-interval-17-0,8.822214145234808,frames/window-0089-forward-00001.png,frames/window-0089-reverse-00000.png,UNREVIEWED,,UNASSIGNED,,,,,,,,,,,,
reviewed-VIAL_TR70190001272-0-interval-19-0,0.0,frames/window-0090-forward-00000.png,frames/window-0090-reverse-00003.png,UNREVIEWED,,UNASSIGNED,,,,,,,,,,,,
reviewed-VIAL_TR70190001272-0-interval-19-0,14.38001335076111,frames/window-0090-forward-00001.png,frames/window-0090-reverse-00002.png,UNREVIEWED,,UNASSIGNED,,,,,,,,,,,,
reviewed-VIAL_TR70190001272-0-interval-19-0,28.76002670152222,frames/window-0090-forward-00002.png,frames/window-0090-reverse-00001.png,UNREVIEWED,,UNASSIGNED,,,,,,,,,,,,
reviewed-VIAL_TR70190001272-0-interval-19-0,43.14004005228333,frames/window-0090-forward-00003.png,frames/window-0090-reverse-00000.png,UNREVIEWED,,UNASSIGNED,,,,,,,,,,,,
reviewed-VIAL_TR70190001272-0-interval-3-0,0.0,frames/window-0091-forward-00000.png,frames/window-0091-reverse-00004.png,UNREVIEWED,,UNASSIGNED,,,,,,,,,,,,
reviewed-VIAL_TR70190001272-0-interval-3-0,19.64178762854608,frames/window-0091-forward-00001.png,frames/window-0091-reverse-00003.png,UNREVIEWED,,UNASSIGNED,,,,,,,,,,,,
reviewed-VIAL_TR70190001272-0-interval-3-0,39.28357525709216,frames/window-0091-forward-00002.png,frames/window-0091-reverse-00002.png,UNREVIEWED,,UNASSIGNED,,,,,,,,,,,,
reviewed-VIAL_TR70190001272-0-interval-3-0,58.925362885638236,frames/window-0091-forward-00003.png,frames/window-0091-reverse-00001.png,UNREVIEWED,,UNASSIGNED,,,,,,,,,,,,
reviewed-VIAL_TR70190001272-0-interval-3-0,78.56715051418432,frames/window-0091-forward-00004.png,frames/window-0091-reverse-00000.png,UNREVIEWED,,UNASSIGNED,,,,,,,,,,,,
reviewed-VIAL_TR70190001272-0-interval-5-0,0.0,frames/window-0092-forward-00000.png,frames/window-0092-reverse-00002.png,UNREVIEWED,,UNASSIGNED,,,,,,,,,,,,
reviewed-VIAL_TR70190001272-0-interval-5-0,10.515353692724588,frames/window-0092-forward-00001.png,frames/window-0092-reverse-00001.png,UNREVIEWED,,UNASSIGNED,,,,,,,,,,,,
reviewed-VIAL_TR70190001272-0-interval-5-0,21.030707385449176,frames/window-0092-forward-00002.png,frames/window-0092-reverse-00000.png,UNREVIEWED,,UNASSIGNED,,,,,,,,,,,,
reviewed-VIAL_TR70190001272-0-interval-7-0,0.0,frames/window-0093-forward-00000.png,frames/window-0093-reverse-00001.png,UNREVIEWED,,UNASSIGNED,,,,,,,,,,,,
reviewed-VIAL_TR70190001272-0-interval-7-0,9.92637831632227,frames/window-0093-forward-00001.png,frames/window-0093-reverse-00000.png,UNREVIEWED,,UNASSIGNED,,,,,,,,,,,,
reviewed-VIAL_TR70190001272-0-interval-8-0,0.0,frames/window-0094-forward-00000.png,frames/window-0094-reverse-00003.png,UNREVIEWED,,UNASSIGNED,,,,,,,,,,,,
reviewed-VIAL_TR70190001272-0-interval-8-0,16.462933324393717,frames/window-0094-forward-00001.png,frames/window-0094-reverse-00002.png,UNREVIEWED,,UNASSIGNED,,,,,,,,,,,,
reviewed-VIAL_TR70190001272-0-interval-8-0,32.925866648787434,frames/window-0094-forward-00002.png,frames/window-0094-reverse-00001.png,UNREVIEWED,,UNASSIGNED,,,,,,,,,,,,
reviewed-VIAL_TR70190001272-0-interval-8-0,49.38879997318115,frames/window-0094-forward-00003.png,frames/window-0094-reverse-00000.png,UNREVIEWED,,UNASSIGNED,,,,,,,,,,,,
reviewed-VIAL_TR70190001272-0-interval-9-0,0.0,frames/window-0095-forward-00000.png,frames/window-0095-reverse-00001.png,UNREVIEWED,,UNASSIGNED,,,,,,,,,,,,
reviewed-VIAL_TR70190001272-0-interval-9-0,9.772599728842348,frames/window-0095-forward-00001.png,frames/window-0095-reverse-00000.png,UNREVIEWED,,UNASSIGNED,,,,,,,,,,,,
reviewed-VIAL_TR70190001272-1-interval-0-0,0.0,frames/window-0096-forward-00000.png,frames/window-0096-reverse-00006.png,UNREVIEWED,,UNASSIGNED,,,,,,,,,,,,
reviewed-VIAL_TR70190001272-1-interval-0-0,16.676918534223,frames/window-0096-forward-00001.png,frames/window-0096-reverse-00005.png,UNREVIEWED,,UNASSIGNED,,,,,,,,,,,,
reviewed-VIAL_TR70190001272-1-interval-0-0,33.353837068446,frames/window-0096-forward-00002.png,frames/window-0096-reverse-00004.png,UNREVIEWED,,UNASSIGNED,,,,,,,,,,,,
reviewed-VIAL_TR70190001272-1-interval-0-0,50.030755602669,frames/window-0096-forward-00003.png,frames/window-0096-reverse-00003.png,UNREVIEWED,,UNASSIGNED,,,,,,,,,,,,
reviewed-VIAL_TR70190001272-1-interval-0-0,66.707674136892,frames/window-0096-forward-00004.png,frames/window-0096-reverse-00002.png,UNREVIEWED,,UNASSIGNED,,,,,,,,,,,,
reviewed-VIAL_TR70190001272-1-interval-0-0,83.38459267111499,frames/window-0096-forward-00005.png,frames/window-0096-reverse-00001.png,UNREVIEWED,,UNASSIGNED,,,,,,,,,,,,
reviewed-VIAL_TR70190001272-1-interval-0-0,100.061511205338,frames/window-0096-forward-00006.png,frames/window-0096-reverse-00000.png,UNREVIEWED,,UNASSIGNED,,,,,,,,,,,,
reviewed-VIAL_TR70190001272-1-interval-0-1,0.0,frames/window-0097-forward-00000.png,frames/window-0097-reverse-00006.png,UNREVIEWED,,UNASSIGNED,,,,,,,,,,,,
reviewed-VIAL_TR70190001272-1-interval-0-1,16.697069213749966,frames/window-0097-forward-00001.png,frames/window-0097-reverse-00005.png,UNREVIEWED,,UNASSIGNED,,,,,,,,,,,,
reviewed-VIAL_TR70190001272-1-interval-0-1,33.39413842749993,frames/window-0097-forward-00002.png,frames/window-0097-reverse-00004.png,UNREVIEWED,,UNASSIGNED,,,,,,,,,,,,
reviewed-VIAL_TR70190001272-1-interval-0-1,50.091207641249895,frames/window-0097-forward-00003.png,frames/window-0097-reverse-00003.png,UNREVIEWED,,UNASSIGNED,,,,,,,,,,,,
reviewed-VIAL_TR70190001272-1-interval-0-1,66.78827685499986,frames/window-0097-forward-00004.png,frames/window-0097-reverse-00002.png,UNREVIEWED,,UNASSIGNED,,,,,,,,,,,,
reviewed-VIAL_TR70190001272-1-interval-0-1,83.48534606874982,frames/window-0097-forward-00005.png,frames/window-0097-reverse-00001.png,UNREVIEWED,,UNASSIGNED,,,,,,,,,,,,
reviewed-VIAL_TR70190001272-1-interval-0-1,100.18241528249979,frames/window-0097-forward-00006.png,frames/window-0097-reverse-00000.png,UNREVIEWED,,UNASSIGNED,,,,,,,,,,,,
reviewed-VIAL_TR70190001272-1-interval-0-2,0.0,frames/window-0098-forward-00000.png,frames/window-0098-reverse-00006.png,UNREVIEWED,,UNASSIGNED,,,,,,,,,,,,
reviewed-VIAL_TR70190001272-1-interval-0-2,16.673661879536297,frames/window-0098-forward-00001.png,frames/window-0098-reverse-00005.png,UNREVIEWED,,UNASSIGNED,,,,,,,,,,,,
reviewed-VIAL_TR70190001272-1-interval-0-2,33.347323759072594,frames/window-0098-forward-00002.png,frames/window-0098-reverse-00004.png,UNREVIEWED,,UNASSIGNED,,,,,,,,,,,,
reviewed-VIAL_TR70190001272-1-interval-0-2,50.02098563860889,frames/window-0098-forward-00003.png,frames/window-0098-reverse-00003.png,UNREVIEWED,,UNASSIGNED,,,,,,,,,,,,
reviewed-VIAL_TR70190001272-1-interval-0-2,66.69464751814519,frames/window-0098-forward-00004.png,frames/window-0098-reverse-00002.png,UNREVIEWED,,UNASSIGNED,,,,,,,,,,,,
reviewed-VIAL_TR70190001272-1-interval-0-2,83.36830939768149,frames/window-0098-forward-00005.png,frames/window-0098-reverse-00001.png,UNREVIEWED,,UNASSIGNED,,,,,,,,,,,,
reviewed-VIAL_TR70190001272-1-interval-0-2,100.04197127721778,frames/window-0098-forward-00006.png,frames/window-0098-reverse-00000.png,UNREVIEWED,,UNASSIGNED,,,,,,,,,,,,
reviewed-VIAL_TR70190001272-1-interval-0-3,0.0,frames/window-0099-forward-00000.png,frames/window-0099-reverse-00006.png,UNREVIEWED,,UNASSIGNED,,,,,,,,,,,,
reviewed-VIAL_TR70190001272-1-interval-0-3,16.700003308655848,frames/window-0099-forward-00001.png,frames/window-0099-reverse-00005.png,UNREVIEWED,,UNASSIGNED,,,,,,,,,,,,
reviewed-VIAL_TR70190001272-1-interval-0-3,33.400006617311696,frames/window-0099-forward-00002.png,frames/window-0099-reverse-00004.png,UNREVIEWED,,UNASSIGNED,,,,,,,,,,,,
reviewed-VIAL_TR70190001272-1-interval-0-3,50.10000992596755,frames/window-0099-forward-00003.png,frames/window-0099-reverse-00003.png,UNREVIEWED,,UNASSIGNED,,,,,,,,,,,,
reviewed-VIAL_TR70190001272-1-interval-0-3,66.80001323462339,frames/window-0099-forward-00004.png,frames/window-0099-reverse-00002.png,UNREVIEWED,,UNASSIGNED,,,,,,,,,,,,
reviewed-VIAL_TR70190001272-1-interval-0-3,83.50001654327923,frames/window-0099-forward-00005.png,frames/window-0099-reverse-00001.png,UNREVIEWED,,UNASSIGNED,,,,,,,,,,,,
reviewed-VIAL_TR70190001272-1-interval-0-3,100.20001985193508,frames/window-0099-forward-00006.png,frames/window-0099-reverse-00000.png,UNREVIEWED,,UNASSIGNED,,,,,,,,,,,,
reviewed-VIAL_TR70190001272-1-interval-0-4,0.0,frames/window-0100-forward-00000.png,frames/window-0100-reverse-00003.png,UNREVIEWED,,UNASSIGNED,,,,,,,,,,,,
reviewed-VIAL_TR70190001272-1-interval-0-4,14.929570744425169,frames/window-0100-forward-00001.png,frames/window-0100-reverse-00002.png,UNREVIEWED,,UNASSIGNED,,,,,,,,,,,,
reviewed-VIAL_TR70190001272-1-interval-0-4,29.859141488850337,frames/window-0100-forward-00002.png,frames/window-0100-reverse-00001.png,UNREVIEWED,,UNASSIGNED,,,,,,,,,,,,
reviewed-VIAL_TR70190001272-1-interval-0-4,44.788712233275504,frames/window-0100-forward-00003.png,frames/window-0100-reverse-00000.png,UNREVIEWED,,UNASSIGNED,,,,,,,,,,,,
reviewed-VIAL_TR70190001272-1-interval-10-0,0.0,frames/window-0101-forward-00000.png,frames/window-0101-reverse-00002.png,UNREVIEWED,,UNASSIGNED,,,,,,,,,,,,
reviewed-VIAL_TR70190001272-1-interval-10-0,16.812409367848723,frames/window-0101-forward-00001.png,frames/window-0101-reverse-00001.png,UNREVIEWED,,UNASSIGNED,,,,,,,,,,,,
reviewed-VIAL_TR70190001272-1-interval-10-0,33.624818735697446,frames/window-0101-forward-00002.png,frames/window-0101-reverse-00000.png,UNREVIEWED,,UNASSIGNED,,,,,,,,,,,,
reviewed-VIAL_TR70190001272-1-interval-12-0,0.0,frames/window-0102-forward-00000.png,frames/window-0102-reverse-00002.png,UNREVIEWED,,UNASSIGNED,,,,,,,,,,,,
reviewed-VIAL_TR70190001272-1-interval-12-0,10.683879591561666,frames/window-0102-forward-00001.png,frames/window-0102-reverse-00001.png,UNREVIEWED,,UNASSIGNED,,,,,,,,,,,,
reviewed-VIAL_TR70190001272-1-interval-12-0,21.367759183123333,frames/window-0102-forward-00002.png,frames/window-0102-reverse-00000.png,UNREVIEWED,,UNASSIGNED,,,,,,,,,,,,
reviewed-VIAL_TR70190001272-1-interval-14-0,0.0,frames/window-0103-forward-00000.png,frames/window-0103-reverse-00004.png,UNREVIEWED,,UNASSIGNED,,,,,,,,,,,,
reviewed-VIAL_TR70190001272-1-interval-14-0,17.273510200685553,frames/window-0103-forward-00001.png,frames/window-0103-reverse-00003.png,UNREVIEWED,,UNASSIGNED,,,,,,,,,,,,
reviewed-VIAL_TR70190001272-1-interval-14-0,34.54702040137111,frames/window-0103-forward-00002.png,frames/window-0103-reverse-00002.png,UNREVIEWED,,UNASSIGNED,,,,,,,,,,,,
reviewed-VIAL_TR70190001272-1-interval-14-0,51.820530602056664,frames/window-0103-forward-00003.png,frames/window-0103-reverse-00001.png,UNREVIEWED,,UNASSIGNED,,,,,,,,,,,,
reviewed-VIAL_TR70190001272-1-interval-14-0,69.09404080274221,frames/window-0103-forward-00004.png,frames/window-0103-reverse-00000.png,UNREVIEWED,,UNASSIGNED,,,,,,,,,,,,
reviewed-VIAL_TR70190001272-1-interval-16-0,0.0,frames/window-0104-forward-00000.png,frames/window-0104-reverse-00006.png,UNREVIEWED,,UNASSIGNED,,,,,,,,,,,,
reviewed-VIAL_TR70190001272-1-interval-16-0,16.714287331004304,frames/window-0104-forward-00001.png,frames/window-0104-reverse-00005.png,UNREVIEWED,,UNASSIGNED,,,,,,,,,,,,
reviewed-VIAL_TR70190001272-1-interval-16-0,33.42857466200861,frames/window-0104-forward-00002.png,frames/window-0104-reverse-00004.png,UNREVIEWED,,UNASSIGNED,,,,,,,,,,,,
reviewed-VIAL_TR70190001272-1-interval-16-0,50.14286199301292,frames/window-0104-forward-00003.png,frames/window-0104-reverse-00003.png,UNREVIEWED,,UNASSIGNED,,,,,,,,,,,,
reviewed-VIAL_TR70190001272-1-interval-16-0,66.85714932401721,frames/window-0104-forward-00004.png,frames/window-0104-reverse-00002.png,UNREVIEWED,,UNASSIGNED,,,,,,,,,,,,
reviewed-VIAL_TR70190001272-1-interval-16-0,83.57143665502151,frames/window-0104-forward-00005.png,frames/window-0104-reverse-00001.png,UNREVIEWED,,UNASSIGNED,,,,,,,,,,,,
reviewed-VIAL_TR70190001272-1-interval-16-0,100.28572398602583,frames/window-0104-forward-00006.png,frames/window-0104-reverse-00000.png,UNREVIEWED,,UNASSIGNED,,,,,,,,,,,,
reviewed-VIAL_TR70190001272-1-interval-16-1,0.0,frames/window-0105-forward-00000.png,frames/window-0105-reverse-00002.png,UNREVIEWED,,UNASSIGNED,,,,,,,,,,,,
reviewed-VIAL_TR70190001272-1-interval-16-1,14.720061794469924,frames/window-0105-forward-00001.png,frames/window-0105-reverse-00001.png,UNREVIEWED,,UNASSIGNED,,,,,,,,,,,,
reviewed-VIAL_TR70190001272-1-interval-16-1,29.440123588939848,frames/window-0105-forward-00002.png,frames/window-0105-reverse-00000.png,UNREVIEWED,,UNASSIGNED,,,,,,,,,,,,
reviewed-VIAL_TR70190001272-1-interval-18-0,0.0,frames/window-0106-forward-00000.png,frames/window-0106-reverse-00002.png,UNREVIEWED,,UNASSIGNED,,,,,,,,,,,,
reviewed-VIAL_TR70190001272-1-interval-18-0,18.032500677208002,frames/window-0106-forward-00001.png,frames/window-0106-reverse-00001.png,UNREVIEWED,,UNASSIGNED,,,,,,,,,,,,
reviewed-VIAL_TR70190001272-1-interval-18-0,36.065001354416005,frames/window-0106-forward-00002.png,frames/window-0106-reverse-00000.png,UNREVIEWED,,UNASSIGNED,,,,,,,,,,,,
reviewed-VIAL_TR70190001272-1-interval-2-0,0.0,frames/window-0107-forward-00000.png,frames/window-0107-reverse-00003.png,UNREVIEWED,,UNASSIGNED,,,,,,,,,,,,
reviewed-VIAL_TR70190001272-1-interval-2-0,13.685252765603112,frames/window-0107-forward-00001.png,frames/window-0107-reverse-00002.png,UNREVIEWED,,UNASSIGNED,,,,,,,,,,,,
reviewed-VIAL_TR70190001272-1-interval-2-0,27.370505531206224,frames/window-0107-forward-00002.png,frames/window-0107-reverse-00001.png,UNREVIEWED,,UNASSIGNED,,,,,,,,,,,,
reviewed-VIAL_TR70190001272-1-interval-2-0,41.05575829680934,frames/window-0107-forward-00003.png,frames/window-0107-reverse-00000.png,UNREVIEWED,,UNASSIGNED,,,,,,,,,,,,
reviewed-VIAL_TR70190001272-1-interval-20-0,0.0,frames/window-0108-forward-00000.png,frames/window-0108-reverse-00006.png,UNREVIEWED,,UNASSIGNED,,,,,,,,,,,,
reviewed-VIAL_TR70190001272-1-interval-20-0,16.702665252925026,frames/window-0108-forward-00001.png,frames/window-0108-reverse-00005.png,UNREVIEWED,,UNASSIGNED,,,,,,,,,,,,
reviewed-VIAL_TR70190001272-1-interval-20-0,33.40533050585005,frames/window-0108-forward-00002.png,frames/window-0108-reverse-00004.png,UNREVIEWED,,UNASSIGNED,,,,,,,,,,,,
reviewed-VIAL_TR70190001272-1-interval-20-0,50.10799575877508,frames/window-0108-forward-00003.png,frames/window-0108-reverse-00003.png,UNREVIEWED,,UNASSIGNED,,,,,,,,,,,,
reviewed-VIAL_TR70190001272-1-interval-20-0,66.8106610117001,frames/window-0108-forward-00004.png,frames/window-0108-reverse-00002.png,UNREVIEWED,,UNASSIGNED,,,,,,,,,,,,
reviewed-VIAL_TR70190001272-1-interval-20-0,83.51332626462514,frames/window-0108-forward-00005.png,frames/window-0108-reverse-00001.png,UNREVIEWED,,UNASSIGNED,,,,,,,,,,,,
reviewed-VIAL_TR70190001272-1-interval-20-0,100.21599151755017,frames/window-0108-forward-00006.png,frames/window-0108-reverse-00000.png,UNREVIEWED,,UNASSIGNED,,,,,,,,,,,,
reviewed-VIAL_TR70190001272-1-interval-20-1,0.0,frames/window-0109-forward-00000.png,frames/window-0109-reverse-00002.png,UNREVIEWED,,UNASSIGNED,,,,,,,,,,,,
reviewed-VIAL_TR70190001272-1-interval-20-1,12.016845924254863,frames/window-0109-forward-00001.png,frames/window-0109-reverse-00001.png,UNREVIEWED,,UNASSIGNED,,,,,,,,,,,,
reviewed-VIAL_TR70190001272-1-interval-20-1,24.033691848509726,frames/window-0109-forward-00002.png,frames/window-0109-reverse-00000.png,UNREVIEWED,,UNASSIGNED,,,,,,,,,,,,
reviewed-VIAL_TR70190001272-1-interval-22-0,0.0,frames/window-0110-forward-00000.png,frames/window-0110-reverse-00001.png,UNREVIEWED,,UNASSIGNED,,,,,,,,,,,,
reviewed-VIAL_TR70190001272-1-interval-22-0,8.555908365569922,frames/window-0110-forward-00001.png,frames/window-0110-reverse-00000.png,UNREVIEWED,,UNASSIGNED,,,,,,,,,,,,
reviewed-VIAL_TR70190001272-1-interval-23-0,0.0,frames/window-0111-forward-00000.png,frames/window-0111-reverse-00003.png,UNREVIEWED,,UNASSIGNED,,,,,,,,,,,,
reviewed-VIAL_TR70190001272-1-interval-23-0,19.50209938337895,frames/window-0111-forward-00001.png,frames/window-0111-reverse-00002.png,UNREVIEWED,,UNASSIGNED,,,,,,,,,,,,
reviewed-VIAL_TR70190001272-1-interval-23-0,39.0041987667579,frames/window-0111-forward-00002.png,frames/window-0111-reverse-00001.png,UNREVIEWED,,UNASSIGNED,,,,,,,,,,,,
reviewed-VIAL_TR70190001272-1-interval-23-0,58.50629815013686,frames/window-0111-forward-00003.png,frames/window-0111-reverse-00000.png,UNREVIEWED,,UNASSIGNED,,,,,,,,,,,,
reviewed-VIAL_TR70190001272-1-interval-24-0,0.0,frames/window-0112-forward-00000.png,frames/window-0112-reverse-00003.png,UNREVIEWED,,UNASSIGNED,,,,,,,,,,,,
reviewed-VIAL_TR70190001272-1-interval-24-0,17.766589862030518,frames/window-0112-forward-00001.png,frames/window-0112-reverse-00002.png,UNREVIEWED,,UNASSIGNED,,,,,,,,,,,,
reviewed-VIAL_TR70190001272-1-interval-24-0,35.533179724061036,frames/window-0112-forward-00002.png,frames/window-0112-reverse-00001.png,UNREVIEWED,,UNASSIGNED,,,,,,,,,,,,
reviewed-VIAL_TR70190001272-1-interval-24-0,53.29976958609155,frames/window-0112-forward-00003.png,frames/window-0112-reverse-00000.png,UNREVIEWED,,UNASSIGNED,,,,,,,,,,,,
reviewed-VIAL_TR70190001272-1-interval-26-0,0.0,frames/window-0113-forward-00000.png,frames/window-0113-reverse-00002.png,UNREVIEWED,,UNASSIGNED,,,,,,,,,,,,
reviewed-VIAL_TR70190001272-1-interval-26-0,19.783638163058356,frames/window-0113-forward-00001.png,frames/window-0113-reverse-00001.png,UNREVIEWED,,UNASSIGNED,,,,,,,,,,,,
reviewed-VIAL_TR70190001272-1-interval-26-0,39.56727632611671,frames/window-0113-forward-00002.png,frames/window-0113-reverse-00000.png,UNREVIEWED,,UNASSIGNED,,,,,,,,,,,,
reviewed-VIAL_TR70190001272-1-interval-28-0,0.0,frames/window-0114-forward-00000.png,frames/window-0114-reverse-00001.png,UNREVIEWED,,UNASSIGNED,,,,,,,,,,,,
reviewed-VIAL_TR70190001272-1-interval-28-0,14.031842996536234,frames/window-0114-forward-00001.png,frames/window-0114-reverse-00000.png,UNREVIEWED,,UNASSIGNED,,,,,,,,,,,,
reviewed-VIAL_TR70190001272-1-interval-30-0,0.0,frames/window-0115-forward-00000.png,frames/window-0115-reverse-00002.png,UNREVIEWED,,UNASSIGNED,,,,,,,,,,,,
reviewed-VIAL_TR70190001272-1-interval-30-0,16.77417093945208,frames/window-0115-forward-00001.png,frames/window-0115-reverse-00001.png,UNREVIEWED,,UNASSIGNED,,,,,,,,,,,,
reviewed-VIAL_TR70190001272-1-interval-30-0,33.54834187890416,frames/window-0115-forward-00002.png,frames/window-0115-reverse-00000.png,UNREVIEWED,,UNASSIGNED,,,,,,,,,,,,
reviewed-VIAL_TR70190001272-1-interval-32-0,0.0,frames/window-0116-forward-00000.png,frames/window-0116-reverse-00001.png,UNREVIEWED,,UNASSIGNED,,,,,,,,,,,,
reviewed-VIAL_TR70190001272-1-interval-32-0,15.522912888496212,frames/window-0116-forward-00001.png,frames/window-0116-reverse-00000.png,UNREVIEWED,,UNASSIGNED,,,,,,,,,,,,
reviewed-VIAL_TR70190001272-1-interval-34-0,0.0,frames/window-0117-forward-00000.png,frames/window-0117-reverse-00002.png,UNREVIEWED,,UNASSIGNED,,,,,,,,,,,,
reviewed-VIAL_TR70190001272-1-interval-34-0,11.255390692987982,frames/window-0117-forward-00001.png,frames/window-0117-reverse-00001.png,UNREVIEWED,,UNASSIGNED,,,,,,,,,,,,
reviewed-VIAL_TR70190001272-1-interval-34-0,22.510781385975964,frames/window-0117-forward-00002.png,frames/window-0117-reverse-00000.png,UNREVIEWED,,UNASSIGNED,,,,,,,,,,,,
reviewed-VIAL_TR70190001272-1-interval-36-0,0.0,frames/window-0118-forward-00000.png,frames/window-0118-reverse-00003.png,UNREVIEWED,,UNASSIGNED,,,,,,,,,,,,
reviewed-VIAL_TR70190001272-1-interval-36-0,14.355511431076382,frames/window-0118-forward-00001.png,frames/window-0118-reverse-00002.png,UNREVIEWED,,UNASSIGNED,,,,,,,,,,,,
reviewed-VIAL_TR70190001272-1-interval-36-0,28.711022862152763,frames/window-0118-forward-00002.png,frames/window-0118-reverse-00001.png,UNREVIEWED,,UNASSIGNED,,,,,,,,,,,,
reviewed-VIAL_TR70190001272-1-interval-36-0,43.06653429322915,frames/window-0118-forward-00003.png,frames/window-0118-reverse-00000.png,UNREVIEWED,,UNASSIGNED,,,,,,,,,,,,
reviewed-VIAL_TR70190001272-1-interval-38-0,0.0,frames/window-0119-forward-00000.png,frames/window-0119-reverse-00005.png,UNREVIEWED,,UNASSIGNED,,,,,,,,,,,,
reviewed-VIAL_TR70190001272-1-interval-38-0,16.721393444218986,frames/window-0119-forward-00001.png,frames/window-0119-reverse-00004.png,UNREVIEWED,,UNASSIGNED,,,,,,,,,,,,
reviewed-VIAL_TR70190001272-1-interval-38-0,33.44278688843797,frames/window-0119-forward-00002.png,frames/window-0119-reverse-00003.png,UNREVIEWED,,UNASSIGNED,,,,,,,,,,,,
reviewed-VIAL_TR70190001272-1-interval-38-0,50.16418033265696,frames/window-0119-forward-00003.png,frames/window-0119-reverse-00002.png,UNREVIEWED,,UNASSIGNED,,,,,,,,,,,,
reviewed-VIAL_TR70190001272-1-interval-38-0,66.88557377687594,frames/window-0119-forward-00004.png,frames/window-0119-reverse-00001.png,UNREVIEWED,,UNASSIGNED,,,,,,,,,,,,
reviewed-VIAL_TR70190001272-1-interval-38-0,83.60696722109493,frames/window-0119-forward-00005.png,frames/window-0119-reverse-00000.png,UNREVIEWED,,UNASSIGNED,,,,,,,,,,,,
reviewed-VIAL_TR70190001272-1-interval-4-0,0.0,frames/window-0120-forward-00000.png,frames/window-0120-reverse-00006.png,UNREVIEWED,,UNASSIGNED,,,,,,,,,,,,
reviewed-VIAL_TR70190001272-1-interval-4-0,16.672492029891,frames/window-0120-forward-00001.png,frames/window-0120-reverse-00005.png,UNREVIEWED,,UNASSIGNED,,,,,,,,,,,,
reviewed-VIAL_TR70190001272-1-interval-4-0,33.344984059782,frames/window-0120-forward-00002.png,frames/window-0120-reverse-00004.png,UNREVIEWED,,UNASSIGNED,,,,,,,,,,,,
reviewed-VIAL_TR70190001272-1-interval-4-0,50.017476089673,frames/window-0120-forward-00003.png,frames/window-0120-reverse-00003.png,UNREVIEWED,,UNASSIGNED,,,,,,,,,,,,
reviewed-VIAL_TR70190001272-1-interval-4-0,66.689968119564,frames/window-0120-forward-00004.png,frames/window-0120-reverse-00002.png,UNREVIEWED,,UNASSIGNED,,,,,,,,,,,,
reviewed-VIAL_TR70190001272-1-interval-4-0,83.36246014945499,frames/window-0120-forward-00005.png,frames/window-0120-reverse-00001.png,UNREVIEWED,,UNASSIGNED,,,,,,,,,,,,
reviewed-VIAL_TR70190001272-1-interval-4-0,100.03495217934599,frames/window-0120-forward-00006.png,frames/window-0120-reverse-00000.png,UNREVIEWED,,UNASSIGNED,,,,,,,,,,,,
reviewed-VIAL_TR70190001272-1-interval-4-1,0.0,frames/window-0121-forward-00000.png,frames/window-0121-reverse-00003.png,UNREVIEWED,,UNASSIGNED,,,,,,,,,,,,
reviewed-VIAL_TR70190001272-1-interval-4-1,16.181519780803757,frames/window-0121-forward-00001.png,frames/window-0121-reverse-00002.png,UNREVIEWED,,UNASSIGNED,,,,,,,,,,,,
reviewed-VIAL_TR70190001272-1-interval-4-1,32.363039561607515,frames/window-0121-forward-00002.png,frames/window-0121-reverse-00001.png,UNREVIEWED,,UNASSIGNED,,,,,,,,,,,,
reviewed-VIAL_TR70190001272-1-interval-4-1,48.544559342411276,frames/window-0121-forward-00003.png,frames/window-0121-reverse-00000.png,UNREVIEWED,,UNASSIGNED,,,,,,,,,,,,
reviewed-VIAL_TR70190001272-1-interval-40-0,0.0,frames/window-0122-forward-00000.png,frames/window-0122-reverse-00002.png,UNREVIEWED,,UNASSIGNED,,,,,,,,,,,,
reviewed-VIAL_TR70190001272-1-interval-40-0,19.507784169168843,frames/window-0122-forward-00001.png,frames/window-0122-reverse-00001.png,UNREVIEWED,,UNASSIGNED,,,,,,,,,,,,
reviewed-VIAL_TR70190001272-1-interval-40-0,39.01556833833769,frames/window-0122-forward-00002.png,frames/window-0122-reverse-00000.png,UNREVIEWED,,UNASSIGNED,,,,,,,,,,,,
reviewed-VIAL_TR70190001272-1-interval-42-0,0.0,frames/window-0123-forward-00000.png,frames/window-0123-reverse-00003.png,UNREVIEWED,,UNASSIGNED,,,,,,,,,,,,
reviewed-VIAL_TR70190001272-1-interval-42-0,15.343275550239015,frames/window-0123-forward-00001.png,frames/window-0123-reverse-00002.png,UNREVIEWED,,UNASSIGNED,,,,,,,,,,,,
reviewed-VIAL_TR70190001272-1-interval-42-0,30.68655110047803,frames/window-0123-forward-00002.png,frames/window-0123-reverse-00001.png,UNREVIEWED,,UNASSIGNED,,,,,,,,,,,,
reviewed-VIAL_TR70190001272-1-interval-42-0,46.02982665071705,frames/window-0123-forward-00003.png,frames/window-0123-reverse-00000.png,UNREVIEWED,,UNASSIGNED,,,,,,,,,,,,
reviewed-VIAL_TR70190001272-1-interval-44-0,0.0,frames/window-0124-forward-00000.png,frames/window-0124-reverse-00006.png,UNREVIEWED,,UNASSIGNED,,,,,,,,,,,,
reviewed-VIAL_TR70190001272-1-interval-44-0,16.668518594077547,frames/window-0124-forward-00001.png,frames/window-0124-reverse-00005.png,UNREVIEWED,,UNASSIGNED,,,,,,,,,,,,
reviewed-VIAL_TR70190001272-1-interval-44-0,33.337037188155094,frames/window-0124-forward-00002.png,frames/window-0124-reverse-00004.png,UNREVIEWED,,UNASSIGNED,,,,,,,,,,,,
reviewed-VIAL_TR70190001272-1-interval-44-0,50.00555578223264,frames/window-0124-forward-00003.png,frames/window-0124-reverse-00003.png,UNREVIEWED,,UNASSIGNED,,,,,,,,,,,,
reviewed-VIAL_TR70190001272-1-interval-44-0,66.67407437631019,frames/window-0124-forward-00004.png,frames/window-0124-reverse-00002.png,UNREVIEWED,,UNASSIGNED,,,,,,,,,,,,
reviewed-VIAL_TR70190001272-1-interval-44-0,83.34259297038774,frames/window-0124-forward-00005.png,frames/window-0124-reverse-00001.png,UNREVIEWED,,UNASSIGNED,,,,,,,,,,,,
reviewed-VIAL_TR70190001272-1-interval-44-0,100.01111156446528,frames/window-0124-forward-00006.png,frames/window-0124-reverse-00000.png,UNREVIEWED,,UNASSIGNED,,,,,,,,,,,,
reviewed-VIAL_TR70190001272-1-interval-44-1,0.0,frames/window-0125-forward-00000.png,frames/window-0125-reverse-00005.png,UNREVIEWED,,UNASSIGNED,,,,,,,,,,,,
reviewed-VIAL_TR70190001272-1-interval-44-1,17.52040146894838,frames/window-0125-forward-00001.png,frames/window-0125-reverse-00004.png,UNREVIEWED,,UNASSIGNED,,,,,,,,,,,,
reviewed-VIAL_TR70190001272-1-interval-44-1,35.04080293789676,frames/window-0125-forward-00002.png,frames/window-0125-reverse-00003.png,UNREVIEWED,,UNASSIGNED,,,,,,,,,,,,
reviewed-VIAL_TR70190001272-1-interval-44-1,52.561204406845135,frames/window-0125-forward-00003.png,frames/window-0125-reverse-00002.png,UNREVIEWED,,UNASSIGNED,,,,,,,,,,,,
reviewed-VIAL_TR70190001272-1-interval-44-1,70.08160587579351,frames/window-0125-forward-00004.png,frames/window-0125-reverse-00001.png,UNREVIEWED,,UNASSIGNED,,,,,,,,,,,,
reviewed-VIAL_TR70190001272-1-interval-44-1,87.60200734474189,frames/window-0125-forward-00005.png,frames/window-0125-reverse-00000.png,UNREVIEWED,,UNASSIGNED,,,,,,,,,,,,
reviewed-VIAL_TR70190001272-1-interval-46-0,0.0,frames/window-0126-forward-00000.png,frames/window-0126-reverse-00001.png,UNREVIEWED,,UNASSIGNED,,,,,,,,,,,,
reviewed-VIAL_TR70190001272-1-interval-46-0,9.388061660668805,frames/window-0126-forward-00001.png,frames/window-0126-reverse-00000.png,UNREVIEWED,,UNASSIGNED,,,,,,,,,,,,
reviewed-VIAL_TR70190001272-1-interval-48-0,0.0,frames/window-0127-forward-00000.png,frames/window-0127-reverse-00005.png,UNREVIEWED,,UNASSIGNED,,,,,,,,,,,,
reviewed-VIAL_TR70190001272-1-interval-48-0,17.138256581648697,frames/window-0127-forward-00001.png,frames/window-0127-reverse-00004.png,UNREVIEWED,,UNASSIGNED,,,,,,,,,,,,
reviewed-VIAL_TR70190001272-1-interval-48-0,34.276513163297395,frames/window-0127-forward-00002.png,frames/window-0127-reverse-00003.png,UNREVIEWED,,UNASSIGNED,,,,,,,,,,,,
reviewed-VIAL_TR70190001272-1-interval-48-0,51.4147697449461,frames/window-0127-forward-00003.png,frames/window-0127-reverse-00002.png,UNREVIEWED,,UNASSIGNED,,,,,,,,,,,,
reviewed-VIAL_TR70190001272-1-interval-48-0,68.55302632659479,frames/window-0127-forward-00004.png,frames/window-0127-reverse-00001.png,UNREVIEWED,,UNASSIGNED,,,,,,,,,,,,
reviewed-VIAL_TR70190001272-1-interval-48-0,85.6912829082435,frames/window-0127-forward-00005.png,frames/window-0127-reverse-00000.png,UNREVIEWED,,UNASSIGNED,,,,,,,,,,,,
reviewed-VIAL_TR70190001272-1-interval-50-0,0.0,frames/window-0128-forward-00000.png,frames/window-0128-reverse-00005.png,UNREVIEWED,,UNASSIGNED,,,,,,,,,,,,
reviewed-VIAL_TR70190001272-1-interval-50-0,17.14086236578456,frames/window-0128-forward-00001.png,frames/window-0128-reverse-00004.png,UNREVIEWED,,UNASSIGNED,,,,,,,,,,,,
reviewed-VIAL_TR70190001272-1-interval-50-0,34.28172473156912,frames/window-0128-forward-00002.png,frames/window-0128-reverse-00003.png,UNREVIEWED,,UNASSIGNED,,,,,,,,,,,,
reviewed-VIAL_TR70190001272-1-interval-50-0,51.42258709735368,frames/window-0128-forward-00003.png,frames/window-0128-reverse-00002.png,UNREVIEWED,,UNASSIGNED,,,,,,,,,,,,
reviewed-VIAL_TR70190001272-1-interval-50-0,68.56344946313824,frames/window-0128-forward-00004.png,frames/window-0128-reverse-00001.png,UNREVIEWED,,UNASSIGNED,,,,,,,,,,,,
reviewed-VIAL_TR70190001272-1-interval-50-0,85.7043118289228,frames/window-0128-forward-00005.png,frames/window-0128-reverse-00000.png,UNREVIEWED,,UNASSIGNED,,,,,,,,,,,,
reviewed-VIAL_TR70190001272-1-interval-52-0,0.0,frames/window-0129-forward-00000.png,frames/window-0129-reverse-00003.png,UNREVIEWED,,UNASSIGNED,,,,,,,,,,,,
reviewed-VIAL_TR70190001272-1-interval-52-0,13.710029948158285,frames/window-0129-forward-00001.png,frames/window-0129-reverse-00002.png,UNREVIEWED,,UNASSIGNED,,,,,,,,,,,,
reviewed-VIAL_TR70190001272-1-interval-52-0,27.42005989631657,frames/window-0129-forward-00002.png,frames/window-0129-reverse-00001.png,UNREVIEWED,,UNASSIGNED,,,,,,,,,,,,
reviewed-VIAL_TR70190001272-1-interval-52-0,41.13008984447485,frames/window-0129-forward-00003.png,frames/window-0129-reverse-00000.png,UNREVIEWED,,UNASSIGNED,,,,,,,,,,,,
reviewed-VIAL_TR70190001272-1-interval-54-0,0.0,frames/window-0130-forward-00000.png,frames/window-0130-reverse-00005.png,UNREVIEWED,,UNASSIGNED,,,,,,,,,,,,
reviewed-VIAL_TR70190001272-1-interval-54-0,19.94249081625251,frames/window-0130-forward-00001.png,frames/window-0130-reverse-00004.png,UNREVIEWED,,UNASSIGNED,,,,,,,,,,,,
reviewed-VIAL_TR70190001272-1-interval-54-0,39.88498163250502,frames/window-0130-forward-00002.png,frames/window-0130-reverse-00003.png,UNREVIEWED,,UNASSIGNED,,,,,,,,,,,,
reviewed-VIAL_TR70190001272-1-interval-54-0,59.82747244875753,frames/window-0130-forward-00003.png,frames/window-0130-reverse-00002.png,UNREVIEWED,,UNASSIGNED,,,,,,,,,,,,
reviewed-VIAL_TR70190001272-1-interval-54-0,79.76996326501003,frames/window-0130-forward-00004.png,frames/window-0130-reverse-00001.png,UNREVIEWED,,UNASSIGNED,,,,,,,,,,,,
reviewed-VIAL_TR70190001272-1-interval-54-0,99.71245408126255,frames/window-0130-forward-00005.png,frames/window-0130-reverse-00000.png,UNREVIEWED,,UNASSIGNED,,,,,,,,,,,,
reviewed-VIAL_TR70190001272-1-interval-54-1,0.0,frames/window-0131-forward-00000.png,frames/window-0131-reverse-00001.png,UNREVIEWED,,UNASSIGNED,,,,,,,,,,,,
reviewed-VIAL_TR70190001272-1-interval-54-1,1.004152159917426,frames/window-0131-forward-00001.png,frames/window-0131-reverse-00000.png,UNREVIEWED,,UNASSIGNED,,,,,,,,,,,,
reviewed-VIAL_TR70190001272-1-interval-56-0,0.0,frames/window-0132-forward-00000.png,frames/window-0132-reverse-00006.png,UNREVIEWED,,UNASSIGNED,,,,,,,,,,,,
reviewed-VIAL_TR70190001272-1-interval-56-0,16.67613670358631,frames/window-0132-forward-00001.png,frames/window-0132-reverse-00005.png,UNREVIEWED,,UNASSIGNED,,,,,,,,,,,,
reviewed-VIAL_TR70190001272-1-interval-56-0,33.35227340717262,frames/window-0132-forward-00002.png,frames/window-0132-reverse-00004.png,UNREVIEWED,,UNASSIGNED,,,,,,,,,,,,
reviewed-VIAL_TR70190001272-1-interval-56-0,50.02841011075893,frames/window-0132-forward-00003.png,frames/window-0132-reverse-00003.png,UNREVIEWED,,UNASSIGNED,,,,,,,,,,,,
reviewed-VIAL_TR70190001272-1-interval-56-0,66.70454681434524,frames/window-0132-forward-00004.png,frames/window-0132-reverse-00002.png,UNREVIEWED,,UNASSIGNED,,,,,,,,,,,,
reviewed-VIAL_TR70190001272-1-interval-56-0,83.38068351793154,frames/window-0132-forward-00005.png,frames/window-0132-reverse-00001.png,UNREVIEWED,,UNASSIGNED,,,,,,,,,,,,
reviewed-VIAL_TR70190001272-1-interval-56-0,100.05682022151785,frames/window-0132-forward-00006.png,frames/window-0132-reverse-00000.png,UNREVIEWED,,UNASSIGNED,,,,,,,,,,,,
reviewed-VIAL_TR70190001272-1-interval-56-1,0.0,frames/window-0133-forward-00000.png,frames/window-0133-reverse-00003.png,UNREVIEWED,,UNASSIGNED,,,,,,,,,,,,
reviewed-VIAL_TR70190001272-1-interval-56-1,16.02051440147053,frames/window-0133-forward-00001.png,frames/window-0133-reverse-00002.png,UNREVIEWED,,UNASSIGNED,,,,,,,,,,,,
reviewed-VIAL_TR70190001272-1-interval-56-1,32.04102880294106,frames/window-0133-forward-00002.png,frames/window-0133-reverse-00001.png,UNREVIEWED,,UNASSIGNED,,,,,,,,,,,,
reviewed-VIAL_TR70190001272-1-interval-56-1,48.061543204411585,frames/window-0133-forward-00003.png,frames/window-0133-reverse-00000.png,UNREVIEWED,,UNASSIGNED,,,,,,,,,,,,
reviewed-VIAL_TR70190001272-1-interval-58-0,0.0,frames/window-0134-forward-00000.png,frames/window-0134-reverse-00003.png,UNREVIEWED,,UNASSIGNED,,,,,,,,,,,,
reviewed-VIAL_TR70190001272-1-interval-58-0,13.842272633052078,frames/window-0134-forward-00001.png,frames/window-0134-reverse-00002.png,UNREVIEWED,,UNASSIGNED,,,,,,,,,,,,
reviewed-VIAL_TR70190001272-1-interval-58-0,27.684545266104156,frames/window-0134-forward-00002.png,frames/window-0134-reverse-00001.png,UNREVIEWED,,UNASSIGNED,,,,,,,,,,,,
reviewed-VIAL_TR70190001272-1-interval-58-0,41.526817899156235,frames/window-0134-forward-00003.png,frames/window-0134-reverse-00000.png,UNREVIEWED,,UNASSIGNED,,,,,,,,,,,,
reviewed-VIAL_TR70190001272-1-interval-6-0,0.0,frames/window-0135-forward-00000.png,frames/window-0135-reverse-00001.png,UNREVIEWED,,UNASSIGNED,,,,,,,,,,,,
reviewed-VIAL_TR70190001272-1-interval-6-0,9.444819703710607,frames/window-0135-forward-00001.png,frames/window-0135-reverse-00000.png,UNREVIEWED,,UNASSIGNED,,,,,,,,,,,,
reviewed-VIAL_TR70190001272-1-interval-60-0,0.0,frames/window-0136-forward-00000.png,frames/window-0136-reverse-00001.png,UNREVIEWED,,UNASSIGNED,,,,,,,,,,,,
reviewed-VIAL_TR70190001272-1-interval-60-0,5.504780573259333,frames/window-0136-forward-00001.png,frames/window-0136-reverse-00000.png,UNREVIEWED,,UNASSIGNED,,,,,,,,,,,,
reviewed-VIAL_TR70190001272-1-interval-8-0,0.0,frames/window-0137-forward-00000.png,frames/window-0137-reverse-00001.png,UNREVIEWED,,UNASSIGNED,,,,,,,,,,,,
reviewed-VIAL_TR70190001272-1-interval-8-0,13.76236577902601,frames/window-0137-forward-00001.png,frames/window-0137-reverse-00000.png,UNREVIEWED,,UNASSIGNED,,,,,,,,,,,,
reviewed-VIAL_TR70190001272-2-interval-0-0,0.0,frames/window-0138-forward-00000.png,frames/window-0138-reverse-00004.png,UNREVIEWED,,UNASSIGNED,,,,,,,,,,,,
reviewed-VIAL_TR70190001272-2-interval-0-0,19.03237396767869,frames/window-0138-forward-00001.png,frames/window-0138-reverse-00003.png,UNREVIEWED,,UNASSIGNED,,,,,,,,,,,,
reviewed-VIAL_TR70190001272-2-interval-0-0,38.06474793535738,frames/window-0138-forward-00002.png,frames/window-0138-reverse-00002.png,UNREVIEWED,,UNASSIGNED,,,,,,,,,,,,
reviewed-VIAL_TR70190001272-2-interval-0-0,57.09712190303607,frames/window-0138-forward-00003.png,frames/window-0138-reverse-00001.png,UNREVIEWED,,UNASSIGNED,,,,,,,,,,,,
reviewed-VIAL_TR70190001272-2-interval-0-0,76.12949587071476,frames/window-0138-forward-00004.png,frames/window-0138-reverse-00000.png,UNREVIEWED,,UNASSIGNED,,,,,,,,,,,,
reviewed-VIAL_TR70190001272-2-interval-10-0,0.0,frames/window-0139-forward-00000.png,frames/window-0139-reverse-00001.png,UNREVIEWED,,UNASSIGNED,,,,,,,,,,,,
reviewed-VIAL_TR70190001272-2-interval-10-0,17.050380898296417,frames/window-0139-forward-00001.png,frames/window-0139-reverse-00000.png,UNREVIEWED,,UNASSIGNED,,,,,,,,,,,,
reviewed-VIAL_TR70190001272-2-interval-2-0,0.0,frames/window-0140-forward-00000.png,frames/window-0140-reverse-00001.png,UNREVIEWED,,UNASSIGNED,,,,,,,,,,,,
reviewed-VIAL_TR70190001272-2-interval-2-0,10.786661104308688,frames/window-0140-forward-00001.png,frames/window-0140-reverse-00000.png,UNREVIEWED,,UNASSIGNED,,,,,,,,,,,,
reviewed-VIAL_TR70190001272-2-interval-4-0,0.0,frames/window-0141-forward-00000.png,frames/window-0141-reverse-00004.png,UNREVIEWED,,UNASSIGNED,,,,,,,,,,,,
reviewed-VIAL_TR70190001272-2-interval-4-0,17.010185148799515,frames/window-0141-forward-00001.png,frames/window-0141-reverse-00003.png,UNREVIEWED,,UNASSIGNED,,,,,,,,,,,,
reviewed-VIAL_TR70190001272-2-interval-4-0,34.02037029759903,frames/window-0141-forward-00002.png,frames/window-0141-reverse-00002.png,UNREVIEWED,,UNASSIGNED,,,,,,,,,,,,
reviewed-VIAL_TR70190001272-2-interval-4-0,51.030555446398544,frames/window-0141-forward-00003.png,frames/window-0141-reverse-00001.png,UNREVIEWED,,UNASSIGNED,,,,,,,,,,,,
reviewed-VIAL_TR70190001272-2-interval-4-0,68.04074059519806,frames/window-0141-forward-00004.png,frames/window-0141-reverse-00000.png,UNREVIEWED,,UNASSIGNED,,,,,,,,,,,,
reviewed-VIAL_TR70190001272-2-interval-6-0,0.0,frames/window-0142-forward-00000.png,frames/window-0142-reverse-00002.png,UNREVIEWED,,UNASSIGNED,,,,,,,,,,,,
reviewed-VIAL_TR70190001272-2-interval-6-0,11.189068918384697,frames/window-0142-forward-00001.png,frames/window-0142-reverse-00001.png,UNREVIEWED,,UNASSIGNED,,,,,,,,,,,,
reviewed-VIAL_TR70190001272-2-interval-6-0,22.378137836769394,frames/window-0142-forward-00002.png,frames/window-0142-reverse-00000.png,UNREVIEWED,,UNASSIGNED,,,,,,,,,,,,
reviewed-VIAL_TR70190001272-2-interval-8-0,0.0,frames/window-0143-forward-00000.png,frames/window-0143-reverse-00003.png,UNREVIEWED,,UNASSIGNED,,,,,,,,,,,,
reviewed-VIAL_TR70190001272-2-interval-8-0,17.37627235597935,frames/window-0143-forward-00001.png,frames/window-0143-reverse-00002.png,UNREVIEWED,,UNASSIGNED,,,,,,,,,,,,
reviewed-VIAL_TR70190001272-2-interval-8-0,34.7525447119587,frames/window-0143-forward-00002.png,frames/window-0143-reverse-00001.png,UNREVIEWED,,UNASSIGNED,,,,,,,,,,,,
reviewed-VIAL_TR70190001272-2-interval-8-0,52.128817067938044,frames/window-0143-forward-00003.png,frames/window-0143-reverse-00000.png,UNREVIEWED,,UNASSIGNED,,,,,,,,,,,,
reviewed-VIAL_TR70190001287-0-interval-0-0,0.0,frames/window-0144-forward-00000.png,frames/window-0144-reverse-00001.png,UNREVIEWED,,UNASSIGNED,,,,,,,,,,,,
reviewed-VIAL_TR70190001287-0-interval-0-0,12.997773176743115,frames/window-0144-forward-00001.png,frames/window-0144-reverse-00000.png,UNREVIEWED,,UNASSIGNED,,,,,,,,,,,,
reviewed-VIAL_TR70190001287-0-interval-10-0,0.0,frames/window-0145-forward-00000.png,frames/window-0145-reverse-00001.png,UNREVIEWED,,UNASSIGNED,,,,,,,,,,,,
reviewed-VIAL_TR70190001287-0-interval-10-0,15.562952999781762,frames/window-0145-forward-00001.png,frames/window-0145-reverse-00000.png,UNREVIEWED,,UNASSIGNED,,,,,,,,,,,,
reviewed-VIAL_TR70190001287-0-interval-12-0,0.0,frames/window-0146-forward-00000.png,frames/window-0146-reverse-00003.png,UNREVIEWED,,UNASSIGNED,,,,,,,,,,,,
reviewed-VIAL_TR70190001287-0-interval-12-0,17.892193894971275,frames/window-0146-forward-00001.png,frames/window-0146-reverse-00002.png,UNREVIEWED,,UNASSIGNED,,,,,,,,,,,,
reviewed-VIAL_TR70190001287-0-interval-12-0,35.78438778994255,frames/window-0146-forward-00002.png,frames/window-0146-reverse-00001.png,UNREVIEWED,,UNASSIGNED,,,,,,,,,,,,
reviewed-VIAL_TR70190001287-0-interval-12-0,53.67658168491383,frames/window-0146-forward-00003.png,frames/window-0146-reverse-00000.png,UNREVIEWED,,UNASSIGNED,,,,,,,,,,,,
reviewed-VIAL_TR70190001287-0-interval-14-0,0.0,frames/window-0147-forward-00000.png,frames/window-0147-reverse-00002.png,UNREVIEWED,,UNASSIGNED,,,,,,,,,,,,
reviewed-VIAL_TR70190001287-0-interval-14-0,12.164875553097831,frames/window-0147-forward-00001.png,frames/window-0147-reverse-00001.png,UNREVIEWED,,UNASSIGNED,,,,,,,,,,,,
reviewed-VIAL_TR70190001287-0-interval-14-0,24.329751106195662,frames/window-0147-forward-00002.png,frames/window-0147-reverse-00000.png,UNREVIEWED,,UNASSIGNED,,,,,,,,,,,,
reviewed-VIAL_TR70190001287-0-interval-16-0,0.0,frames/window-0148-forward-00000.png,frames/window-0148-reverse-00001.png,UNREVIEWED,,UNASSIGNED,,,,,,,,,,,,
reviewed-VIAL_TR70190001287-0-interval-16-0,14.048838867907557,frames/window-0148-forward-00001.png,frames/window-0148-reverse-00000.png,UNREVIEWED,,UNASSIGNED,,,,,,,,,,,,
reviewed-VIAL_TR70190001287-0-interval-18-0,0.0,frames/window-0149-forward-00000.png,frames/window-0149-reverse-00004.png,UNREVIEWED,,UNASSIGNED,,,,,,,,,,,,
reviewed-VIAL_TR70190001287-0-interval-18-0,18.423844369944305,frames/window-0149-forward-00001.png,frames/window-0149-reverse-00003.png,UNREVIEWED,,UNASSIGNED,,,,,,,,,,,,
reviewed-VIAL_TR70190001287-0-interval-18-0,36.84768873988861,frames/window-0149-forward-00002.png,frames/window-0149-reverse-00002.png,UNREVIEWED,,UNASSIGNED,,,,,,,,,,,,
reviewed-VIAL_TR70190001287-0-interval-18-0,55.271533109832916,frames/window-0149-forward-00003.png,frames/window-0149-reverse-00001.png,UNREVIEWED,,UNASSIGNED,,,,,,,,,,,,
reviewed-VIAL_TR70190001287-0-interval-18-0,73.69537747977722,frames/window-0149-forward-00004.png,frames/window-0149-reverse-00000.png,UNREVIEWED,,UNASSIGNED,,,,,,,,,,,,
reviewed-VIAL_TR70190001287-0-interval-2-0,0.0,frames/window-0150-forward-00000.png,frames/window-0150-reverse-00003.png,UNREVIEWED,,UNASSIGNED,,,,,,,,,,,,
reviewed-VIAL_TR70190001287-0-interval-2-0,13.340926659907959,frames/window-0150-forward-00001.png,frames/window-0150-reverse-00002.png,UNREVIEWED,,UNASSIGNED,,,,,,,,,,,,
reviewed-VIAL_TR70190001287-0-interval-2-0,26.681853319815918,frames/window-0150-forward-00002.png,frames/window-0150-reverse-00001.png,UNREVIEWED,,UNASSIGNED,,,,,,,,,,,,
reviewed-VIAL_TR70190001287-0-interval-2-0,40.02277997972388,frames/window-0150-forward-00003.png,frames/window-0150-reverse-00000.png,UNREVIEWED,,UNASSIGNED,,,,,,,,,,,,
reviewed-VIAL_TR70190001287-0-interval-20-0,0.0,frames/window-0151-forward-00000.png,frames/window-0151-reverse-00001.png,UNREVIEWED,,UNASSIGNED,,,,,,,,,,,,
reviewed-VIAL_TR70190001287-0-interval-20-0,14.041397277818424,frames/window-0151-forward-00001.png,frames/window-0151-reverse-00000.png,UNREVIEWED,,UNASSIGNED,,,,,,,,,,,,
reviewed-VIAL_TR70190001287-0-interval-22-0,0.0,frames/window-0152-forward-00000.png,frames/window-0152-reverse-00001.png,UNREVIEWED,,UNASSIGNED,,,,,,,,,,,,
reviewed-VIAL_TR70190001287-0-interval-22-0,14.021346387054281,frames/window-0152-forward-00001.png,frames/window-0152-reverse-00000.png,UNREVIEWED,,UNASSIGNED,,,,,,,,,,,,
reviewed-VIAL_TR70190001287-0-interval-24-0,0.0,frames/window-0153-forward-00000.png,frames/window-0153-reverse-00001.png,UNREVIEWED,,UNASSIGNED,,,,,,,,,,,,
reviewed-VIAL_TR70190001287-0-interval-24-0,9.495763754991819,frames/window-0153-forward-00001.png,frames/window-0153-reverse-00000.png,UNREVIEWED,,UNASSIGNED,,,,,,,,,,,,
reviewed-VIAL_TR70190001287-0-interval-26-0,0.0,frames/window-0154-forward-00000.png,frames/window-0154-reverse-00002.png,UNREVIEWED,,UNASSIGNED,,,,,,,,,,,,
reviewed-VIAL_TR70190001287-0-interval-26-0,10.781818209349542,frames/window-0154-forward-00001.png,frames/window-0154-reverse-00001.png,UNREVIEWED,,UNASSIGNED,,,,,,,,,,,,
reviewed-VIAL_TR70190001287-0-interval-26-0,21.563636418699083,frames/window-0154-forward-00002.png,frames/window-0154-reverse-00000.png,UNREVIEWED,,UNASSIGNED,,,,,,,,,,,,
reviewed-VIAL_TR70190001287-0-interval-28-0,0.0,frames/window-0155-forward-00000.png,frames/window-0155-reverse-00001.png,UNREVIEWED,,UNASSIGNED,,,,,,,,,,,,
reviewed-VIAL_TR70190001287-0-interval-28-0,14.060965856780507,frames/window-0155-forward-00001.png,frames/window-0155-reverse-00000.png,UNREVIEWED,,UNASSIGNED,,,,,,,,,,,,
reviewed-VIAL_TR70190001287-0-interval-30-0,0.0,frames/window-0156-forward-00000.png,frames/window-0156-reverse-00001.png,UNREVIEWED,,UNASSIGNED,,,,,,,,,,,,
reviewed-VIAL_TR70190001287-0-interval-30-0,14.033544138496413,frames/window-0156-forward-00001.png,frames/window-0156-reverse-00000.png,UNREVIEWED,,UNASSIGNED,,,,,,,,,,,,
reviewed-VIAL_TR70190001287-0-interval-32-0,0.0,frames/window-0157-forward-00000.png,frames/window-0157-reverse-00002.png,UNREVIEWED,,UNASSIGNED,,,,,,,,,,,,
reviewed-VIAL_TR70190001287-0-interval-32-0,12.51179203446196,frames/window-0157-forward-00001.png,frames/window-0157-reverse-00001.png,UNREVIEWED,,UNASSIGNED,,,,,,,,,,,,
reviewed-VIAL_TR70190001287-0-interval-32-0,25.02358406892392,frames/window-0157-forward-00002.png,frames/window-0157-reverse-00000.png,UNREVIEWED,,UNASSIGNED,,,,,,,,,,,,
reviewed-VIAL_TR70190001287-0-interval-34-0,0.0,frames/window-0158-forward-00000.png,frames/window-0158-reverse-00002.png,UNREVIEWED,,UNASSIGNED,,,,,,,,,,,,
reviewed-VIAL_TR70190001287-0-interval-34-0,16.49222864571343,frames/window-0158-forward-00001.png,frames/window-0158-reverse-00001.png,UNREVIEWED,,UNASSIGNED,,,,,,,,,,,,
reviewed-VIAL_TR70190001287-0-interval-34-0,32.98445729142686,frames/window-0158-forward-00002.png,frames/window-0158-reverse-00000.png,UNREVIEWED,,UNASSIGNED,,,,,,,,,,,,
reviewed-VIAL_TR70190001287-0-interval-36-0,0.0,frames/window-0159-forward-00000.png,frames/window-0159-reverse-00003.png,UNREVIEWED,,UNASSIGNED,,,,,,,,,,,,
reviewed-VIAL_TR70190001287-0-interval-36-0,18.03939526387205,frames/window-0159-forward-00001.png,frames/window-0159-reverse-00002.png,UNREVIEWED,,UNASSIGNED,,,,,,,,,,,,
reviewed-VIAL_TR70190001287-0-interval-36-0,36.0787905277441,frames/window-0159-forward-00002.png,frames/window-0159-reverse-00001.png,UNREVIEWED,,UNASSIGNED,,,,,,,,,,,,
reviewed-VIAL_TR70190001287-0-interval-36-0,54.11818579161614,frames/window-0159-forward-00003.png,frames/window-0159-reverse-00000.png,UNREVIEWED,,UNASSIGNED,,,,,,,,,,,,
reviewed-VIAL_TR70190001287-0-interval-38-0,0.0,frames/window-0160-forward-00000.png,frames/window-0160-reverse-00002.png,UNREVIEWED,,UNASSIGNED,,,,,,,,,,,,
reviewed-VIAL_TR70190001287-0-interval-38-0,14.50399684667101,frames/window-0160-forward-00001.png,frames/window-0160-reverse-00001.png,UNREVIEWED,,UNASSIGNED,,,,,,,,,,,,
reviewed-VIAL_TR70190001287-0-interval-38-0,29.00799369334202,frames/window-0160-forward-00002.png,frames/window-0160-reverse-00000.png,UNREVIEWED,,UNASSIGNED,,,,,,,,,,,,
reviewed-VIAL_TR70190001287-0-interval-4-0,0.0,frames/window-0161-forward-00000.png,frames/window-0161-reverse-00004.png,UNREVIEWED,,UNASSIGNED,,,,,,,,,,,,
reviewed-VIAL_TR70190001287-0-interval-4-0,19.40347995886682,frames/window-0161-forward-00001.png,frames/window-0161-reverse-00003.png,UNREVIEWED,,UNASSIGNED,,,,,,,,,,,,
reviewed-VIAL_TR70190001287-0-interval-4-0,38.80695991773364,frames/window-0161-forward-00002.png,frames/window-0161-reverse-00002.png,UNREVIEWED,,UNASSIGNED,,,,,,,,,,,,
reviewed-VIAL_TR70190001287-0-interval-4-0,58.21043987660046,frames/window-0161-forward-00003.png,frames/window-0161-reverse-00001.png,UNREVIEWED,,UNASSIGNED,,,,,,,,,,,,
reviewed-VIAL_TR70190001287-0-interval-4-0,77.61391983546729,frames/window-0161-forward-00004.png,frames/window-0161-reverse-00000.png,UNREVIEWED,,UNASSIGNED,,,,,,,,,,,,
reviewed-VIAL_TR70190001287-0-interval-40-0,0.0,frames/window-0162-forward-00000.png,frames/window-0162-reverse-00003.png,UNREVIEWED,,UNASSIGNED,,,,,,,,,,,,
reviewed-VIAL_TR70190001287-0-interval-40-0,14.196160106052195,frames/window-0162-forward-00001.png,frames/window-0162-reverse-00002.png,UNREVIEWED,,UNASSIGNED,,,,,,,,,,,,
reviewed-VIAL_TR70190001287-0-interval-40-0,28.39232021210439,frames/window-0162-forward-00002.png,frames/window-0162-reverse-00001.png,UNREVIEWED,,UNASSIGNED,,,,,,,,,,,,
reviewed-VIAL_TR70190001287-0-interval-40-0,42.588480318156584,frames/window-0162-forward-00003.png,frames/window-0162-reverse-00000.png,UNREVIEWED,,UNASSIGNED,,,,,,,,,,,,
reviewed-VIAL_TR70190001287-0-interval-42-0,0.0,frames/window-0163-forward-00000.png,frames/window-0163-reverse-00003.png,UNREVIEWED,,UNASSIGNED,,,,,,,,,,,,
reviewed-VIAL_TR70190001287-0-interval-42-0,14.861179613446204,frames/window-0163-forward-00001.png,frames/window-0163-reverse-00002.png,UNREVIEWED,,UNASSIGNED,,,,,,,,,,,,
reviewed-VIAL_TR70190001287-0-interval-42-0,29.722359226892408,frames/window-0163-forward-00002.png,frames/window-0163-reverse-00001.png,UNREVIEWED,,UNASSIGNED,,,,,,,,,,,,
reviewed-VIAL_TR70190001287-0-interval-42-0,44.58353884033861,frames/window-0163-forward-00003.png,frames/window-0163-reverse-00000.png,UNREVIEWED,,UNASSIGNED,,,,,,,,,,,,
reviewed-VIAL_TR70190001287-0-interval-44-0,0.0,frames/window-0164-forward-00000.png,frames/window-0164-reverse-00001.png,UNREVIEWED,,UNASSIGNED,,,,,,,,,,,,
reviewed-VIAL_TR70190001287-0-interval-44-0,14.028686653186725,frames/window-0164-forward-00001.png,frames/window-0164-reverse-00000.png,UNREVIEWED,,UNASSIGNED,,,,,,,,,,,,
reviewed-VIAL_TR70190001287-0-interval-46-0,0.0,frames/window-0165-forward-00000.png,frames/window-0165-reverse-00004.png,UNREVIEWED,,UNASSIGNED,,,,,,,,,,,,
reviewed-VIAL_TR70190001287-0-interval-46-0,16.35747758503175,frames/window-0165-forward-00001.png,frames/window-0165-reverse-00003.png,UNREVIEWED,,UNASSIGNED,,,,,,,,,,,,
reviewed-VIAL_TR70190001287-0-interval-46-0,32.7149551700635,frames/window-0165-forward-00002.png,frames/window-0165-reverse-00002.png,UNREVIEWED,,UNASSIGNED,,,,,,,,,,,,
reviewed-VIAL_TR70190001287-0-interval-46-0,49.07243275509525,frames/window-0165-forward-00003.png,frames/window-0165-reverse-00001.png,UNREVIEWED,,UNASSIGNED,,,,,,,,,,,,
reviewed-VIAL_TR70190001287-0-interval-46-0,65.429910340127,frames/window-0165-forward-00004.png,frames/window-0165-reverse-00000.png,UNREVIEWED,,UNASSIGNED,,,,,,,,,,,,
reviewed-VIAL_TR70190001287-0-interval-47-0,0.0,frames/window-0166-forward-00000.png,frames/window-0166-reverse-00002.png,UNREVIEWED,,UNASSIGNED,,,,,,,,,,,,
reviewed-VIAL_TR70190001287-0-interval-47-0,15.739595187182921,frames/window-0166-forward-00001.png,frames/window-0166-reverse-00001.png,UNREVIEWED,,UNASSIGNED,,,,,,,,,,,,
reviewed-VIAL_TR70190001287-0-interval-47-0,31.479190374365842,frames/window-0166-forward-00002.png,frames/window-0166-reverse-00000.png,UNREVIEWED,,UNASSIGNED,,,,,,,,,,,,
reviewed-VIAL_TR70190001287-0-interval-48-0,0.0,frames/window-0167-forward-00000.png,frames/window-0167-reverse-00001.png,UNREVIEWED,,UNASSIGNED,,,,,,,,,,,,
reviewed-VIAL_TR70190001287-0-interval-48-0,12.987918896031136,frames/window-0167-forward-00001.png,frames/window-0167-reverse-00000.png,UNREVIEWED,,UNASSIGNED,,,,,,,,,,,,
reviewed-VIAL_TR70190001287-0-interval-50-0,0.0,frames/window-0168-forward-00000.png,frames/window-0168-reverse-00003.png,UNREVIEWED,,UNASSIGNED,,,,,,,,,,,,
reviewed-VIAL_TR70190001287-0-interval-50-0,15.496163087821117,frames/window-0168-forward-00001.png,frames/window-0168-reverse-00002.png,UNREVIEWED,,UNASSIGNED,,,,,,,,,,,,
reviewed-VIAL_TR70190001287-0-interval-50-0,30.992326175642233,frames/window-0168-forward-00002.png,frames/window-0168-reverse-00001.png,UNREVIEWED,,UNASSIGNED,,,,,,,,,,,,
reviewed-VIAL_TR70190001287-0-interval-50-0,46.48848926346335,frames/window-0168-forward-00003.png,frames/window-0168-reverse-00000.png,UNREVIEWED,,UNASSIGNED,,,,,,,,,,,,
reviewed-VIAL_TR70190001287-0-interval-52-0,0.0,frames/window-0169-forward-00000.png,frames/window-0169-reverse-00001.png,UNREVIEWED,,UNASSIGNED,,,,,,,,,,,,
reviewed-VIAL_TR70190001287-0-interval-52-0,9.51401032363151,frames/window-0169-forward-00001.png,frames/window-0169-reverse-00000.png,UNREVIEWED,,UNASSIGNED,,,,,,,,,,,,
reviewed-VIAL_TR70190001287-0-interval-54-0,0.0,frames/window-0170-forward-00000.png,frames/window-0170-reverse-00001.png,UNREVIEWED,,UNASSIGNED,,,,,,,,,,,,
reviewed-VIAL_TR70190001287-0-interval-54-0,9.521133903849195,frames/window-0170-forward-00001.png,frames/window-0170-reverse-00000.png,UNREVIEWED,,UNASSIGNED,,,,,,,,,,,,
reviewed-VIAL_TR70190001287-0-interval-56-0,0.0,frames/window-0171-forward-00000.png,frames/window-0171-reverse-00001.png,UNREVIEWED,,UNASSIGNED,,,,,,,,,,,,
reviewed-VIAL_TR70190001287-0-interval-56-0,19.04401921805316,frames/window-0171-forward-00001.png,frames/window-0171-reverse-00000.png,UNREVIEWED,,UNASSIGNED,,,,,,,,,,,,
reviewed-VIAL_TR70190001287-0-interval-58-0,0.0,frames/window-0172-forward-00000.png,frames/window-0172-reverse-00002.png,UNREVIEWED,,UNASSIGNED,,,,,,,,,,,,
reviewed-VIAL_TR70190001287-0-interval-58-0,15.024028744261843,frames/window-0172-forward-00001.png,frames/window-0172-reverse-00001.png,UNREVIEWED,,UNASSIGNED,,,,,,,,,,,,
reviewed-VIAL_TR70190001287-0-interval-58-0,30.048057488523686,frames/window-0172-forward-00002.png,frames/window-0172-reverse-00000.png,UNREVIEWED,,UNASSIGNED,,,,,,,,,,,,
reviewed-VIAL_TR70190001287-0-interval-6-0,0.0,frames/window-0173-forward-00000.png,frames/window-0173-reverse-00006.png,UNREVIEWED,,UNASSIGNED,,,,,,,,,,,,
reviewed-VIAL_TR70190001287-0-interval-6-0,16.7103084939012,frames/window-0173-forward-00001.png,frames/window-0173-reverse-00005.png,UNREVIEWED,,UNASSIGNED,,,,,,,,,,,,
reviewed-VIAL_TR70190001287-0-interval-6-0,33.4206169878024,frames/window-0173-forward-00002.png,frames/window-0173-reverse-00004.png,UNREVIEWED,,UNASSIGNED,,,,,,,,,,,,
reviewed-VIAL_TR70190001287-0-interval-6-0,50.1309254817036,frames/window-0173-forward-00003.png,frames/window-0173-reverse-00003.png,UNREVIEWED,,UNASSIGNED,,,,,,,,,,,,
reviewed-VIAL_TR70190001287-0-interval-6-0,66.8412339756048,frames/window-0173-forward-00004.png,frames/window-0173-reverse-00002.png,UNREVIEWED,,UNASSIGNED,,,,,,,,,,,,
reviewed-VIAL_TR70190001287-0-interval-6-0,83.551542469506,frames/window-0173-forward-00005.png,frames/window-0173-reverse-00001.png,UNREVIEWED,,UNASSIGNED,,,,,,,,,,,,
reviewed-VIAL_TR70190001287-0-interval-6-0,100.2618509634072,frames/window-0173-forward-00006.png,frames/window-0173-reverse-00000.png,UNREVIEWED,,UNASSIGNED,,,,,,,,,,,,
reviewed-VIAL_TR70190001287-0-interval-6-1,0.0,frames/window-0174-forward-00000.png,frames/window-0174-reverse-00001.png,UNREVIEWED,,UNASSIGNED,,,,,,,,,,,,
reviewed-VIAL_TR70190001287-0-interval-6-1,13.04478635514223,frames/window-0174-forward-00001.png,frames/window-0174-reverse-00000.png,UNREVIEWED,,UNASSIGNED,,,,,,,,,,,,
reviewed-VIAL_TR70190001287-0-interval-60-0,0.0,frames/window-0175-forward-00000.png,frames/window-0175-reverse-00001.png,UNREVIEWED,,UNASSIGNED,,,,,,,,,,,,
reviewed-VIAL_TR70190001287-0-interval-60-0,13.961629560418281,frames/window-0175-forward-00001.png,frames/window-0175-reverse-00000.png,UNREVIEWED,,UNASSIGNED,,,,,,,,,,,,
reviewed-VIAL_TR70190001287-0-interval-62-0,0.0,frames/window-0176-forward-00000.png,frames/window-0176-reverse-00004.png,UNREVIEWED,,UNASSIGNED,,,,,,,,,,,,
reviewed-VIAL_TR70190001287-0-interval-62-0,16.514970031067357,frames/window-0176-forward-00001.png,frames/window-0176-reverse-00003.png,UNREVIEWED,,UNASSIGNED,,,,,,,,,,,,
reviewed-VIAL_TR70190001287-0-interval-62-0,33.02994006213471,frames/window-0176-forward-00002.png,frames/window-0176-reverse-00002.png,UNREVIEWED,,UNASSIGNED,,,,,,,,,,,,
reviewed-VIAL_TR70190001287-0-interval-62-0,49.54491009320207,frames/window-0176-forward-00003.png,frames/window-0176-reverse-00001.png,UNREVIEWED,,UNASSIGNED,,,,,,,,,,,,
reviewed-VIAL_TR70190001287-0-interval-62-0,66.05988012426943,frames/window-0176-forward-00004.png,frames/window-0176-reverse-00000.png,UNREVIEWED,,UNASSIGNED,,,,,,,,,,,,
reviewed-VIAL_TR70190001287-0-interval-64-0,0.0,frames/window-0177-forward-00000.png,frames/window-0177-reverse-00004.png,UNREVIEWED,,UNASSIGNED,,,,,,,,,,,,
reviewed-VIAL_TR70190001287-0-interval-64-0,16.396376991906152,frames/window-0177-forward-00001.png,frames/window-0177-reverse-00003.png,UNREVIEWED,,UNASSIGNED,,,,,,,,,,,,
reviewed-VIAL_TR70190001287-0-interval-64-0,32.792753983812304,frames/window-0177-forward-00002.png,frames/window-0177-reverse-00002.png,UNREVIEWED,,UNASSIGNED,,,,,,,,,,,,
reviewed-VIAL_TR70190001287-0-interval-64-0,49.189130975718456,frames/window-0177-forward-00003.png,frames/window-0177-reverse-00001.png,UNREVIEWED,,UNASSIGNED,,,,,,,,,,,,
reviewed-VIAL_TR70190001287-0-interval-64-0,65.58550796762461,frames/window-0177-forward-00004.png,frames/window-0177-reverse-00000.png,UNREVIEWED,,UNASSIGNED,,,,,,,,,,,,
reviewed-VIAL_TR70190001287-0-interval-66-0,0.0,frames/window-0178-forward-00000.png,frames/window-0178-reverse-00006.png,UNREVIEWED,,UNASSIGNED,,,,,,,,,,,,
reviewed-VIAL_TR70190001287-0-interval-66-0,16.711452222406866,frames/window-0178-forward-00001.png,frames/window-0178-reverse-00005.png,UNREVIEWED,,UNASSIGNED,,,,,,,,,,,,
reviewed-VIAL_TR70190001287-0-interval-66-0,33.42290444481373,frames/window-0178-forward-00002.png,frames/window-0178-reverse-00004.png,UNREVIEWED,,UNASSIGNED,,,,,,,,,,,,
reviewed-VIAL_TR70190001287-0-interval-66-0,50.1343566672206,frames/window-0178-forward-00003.png,frames/window-0178-reverse-00003.png,UNREVIEWED,,UNASSIGNED,,,,,,,,,,,,
reviewed-VIAL_TR70190001287-0-interval-66-0,66.84580888962746,frames/window-0178-forward-00004.png,frames/window-0178-reverse-00002.png,UNREVIEWED,,UNASSIGNED,,,,,,,,,,,,
reviewed-VIAL_TR70190001287-0-interval-66-0,83.55726111203434,frames/window-0178-forward-00005.png,frames/window-0178-reverse-00001.png,UNREVIEWED,,UNASSIGNED,,,,,,,,,,,,
reviewed-VIAL_TR70190001287-0-interval-66-0,100.2687133344412,frames/window-0178-forward-00006.png,frames/window-0178-reverse-00000.png,UNREVIEWED,,UNASSIGNED,,,,,,,,,,,,
reviewed-VIAL_TR70190001287-0-interval-66-1,0.0,frames/window-0179-forward-00000.png,frames/window-0179-reverse-00006.png,UNREVIEWED,,UNASSIGNED,,,,,,,,,,,,
reviewed-VIAL_TR70190001287-0-interval-66-1,16.73617039326405,frames/window-0179-forward-00001.png,frames/window-0179-reverse-00005.png,UNREVIEWED,,UNASSIGNED,,,,,,,,,,,,
reviewed-VIAL_TR70190001287-0-interval-66-1,33.4723407865281,frames/window-0179-forward-00002.png,frames/window-0179-reverse-00004.png,UNREVIEWED,,UNASSIGNED,,,,,,,,,,,,
reviewed-VIAL_TR70190001287-0-interval-66-1,50.20851117979215,frames/window-0179-forward-00003.png,frames/window-0179-reverse-00003.png,UNREVIEWED,,UNASSIGNED,,,,,,,,,,,,
reviewed-VIAL_TR70190001287-0-interval-66-1,66.9446815730562,frames/window-0179-forward-00004.png,frames/window-0179-reverse-00002.png,UNREVIEWED,,UNASSIGNED,,,,,,,,,,,,
reviewed-VIAL_TR70190001287-0-interval-66-1,83.68085196632025,frames/window-0179-forward-00005.png,frames/window-0179-reverse-00001.png,UNREVIEWED,,UNASSIGNED,,,,,,,,,,,,
reviewed-VIAL_TR70190001287-0-interval-66-1,100.4170223595843,frames/window-0179-forward-00006.png,frames/window-0179-reverse-00000.png,UNREVIEWED,,UNASSIGNED,,,,,,,,,,,,
reviewed-VIAL_TR70190001287-0-interval-66-2,0.0,frames/window-0180-forward-00000.png,frames/window-0180-reverse-00006.png,UNREVIEWED,,UNASSIGNED,,,,,,,,,,,,
reviewed-VIAL_TR70190001287-0-interval-66-2,16.74635273499198,frames/window-0180-forward-00001.png,frames/window-0180-reverse-00005.png,UNREVIEWED,,UNASSIGNED,,,,,,,,,,,,
reviewed-VIAL_TR70190001287-0-interval-66-2,33.49270546998396,frames/window-0180-forward-00002.png,frames/window-0180-reverse-00004.png,UNREVIEWED,,UNASSIGNED,,,,,,,,,,,,
reviewed-VIAL_TR70190001287-0-interval-66-2,50.23905820497594,frames/window-0180-forward-00003.png,frames/window-0180-reverse-00003.png,UNREVIEWED,,UNASSIGNED,,,,,,,,,,,,
reviewed-VIAL_TR70190001287-0-interval-66-2,66.98541093996792,frames/window-0180-forward-00004.png,frames/window-0180-reverse-00002.png,UNREVIEWED,,UNASSIGNED,,,,,,,,,,,,
reviewed-VIAL_TR70190001287-0-interval-66-2,83.73176367495991,frames/window-0180-forward-00005.png,frames/window-0180-reverse-00001.png,UNREVIEWED,,UNASSIGNED,,,,,,,,,,,,
reviewed-VIAL_TR70190001287-0-interval-66-2,100.47811640995188,frames/window-0180-forward-00006.png,frames/window-0180-reverse-00000.png,UNREVIEWED,,UNASSIGNED,,,,,,,,,,,,
reviewed-VIAL_TR70190001287-0-interval-66-3,0.0,frames/window-0181-forward-00000.png,frames/window-0181-reverse-00004.png,UNREVIEWED,,UNASSIGNED,,,,,,,,,,,,
reviewed-VIAL_TR70190001287-0-interval-66-3,17.201363816651,frames/window-0181-forward-00001.png,frames/window-0181-reverse-00003.png,UNREVIEWED,,UNASSIGNED,,,,,,,,,,,,
reviewed-VIAL_TR70190001287-0-interval-66-3,34.402727633302,frames/window-0181-forward-00002.png,frames/window-0181-reverse-00002.png,UNREVIEWED,,UNASSIGNED,,,,,,,,,,,,
reviewed-VIAL_TR70190001287-0-interval-66-3,51.604091449953,frames/window-0181-forward-00003.png,frames/window-0181-reverse-00001.png,UNREVIEWED,,UNASSIGNED,,,,,,,,,,,,
reviewed-VIAL_TR70190001287-0-interval-66-3,68.805455266604,frames/window-0181-forward-00004.png,frames/window-0181-reverse-00000.png,UNREVIEWED,,UNASSIGNED,,,,,,,,,,,,
reviewed-VIAL_TR70190001287-0-interval-8-0,0.0,frames/window-0182-forward-00000.png,frames/window-0182-reverse-00002.png,UNREVIEWED,,UNASSIGNED,,,,,,,,,,,,
reviewed-VIAL_TR70190001287-0-interval-8-0,10.030359435896147,frames/window-0182-forward-00001.png,frames/window-0182-reverse-00001.png,UNREVIEWED,,UNASSIGNED,,,,,,,,,,,,
reviewed-VIAL_TR70190001287-0-interval-8-0,20.060718871792293,frames/window-0182-forward-00002.png,frames/window-0182-reverse-00000.png,UNREVIEWED,,UNASSIGNED,,,,,,,,,,,,
reviewed-hairpin-entry-0,0.0,frames/window-0183-forward-00000.png,frames/window-0183-reverse-00001.png,UNREVIEWED,,UNASSIGNED,,,,,,,,,,,,
reviewed-hairpin-entry-0,8.10422891576463,frames/window-0183-forward-00001.png,frames/window-0183-reverse-00000.png,UNREVIEWED,,UNASSIGNED,,,,,,,,,,,,
reviewed-hairpin-exit-0,0.0,frames/window-0184-forward-00000.png,frames/window-0184-reverse-00001.png,UNREVIEWED,,UNASSIGNED,,,,,,,,,,,,
reviewed-hairpin-exit-0,7.92063508355347,frames/window-0184-forward-00001.png,frames/window-0184-reverse-00000.png,UNREVIEWED,,UNASSIGNED,,,,,,,,,,,,
