station_index,window_id,station_m,forward_frame,reverse_frame,near_profile,near_sides_forward,near_sides_reverse,dominant_wall,panorama,confidence,reason,review_status,surface_id,review_tags,D_assignment
0,0,0.0,window-0000-forward-00000,window-0000-reverse-00002,bank,left,both,present,absent,medium,Close left bank and tunnel-side ground contrast with a broad mountain face and skyline. No distinct farther terrain region is established beyond the dominant face itself.,AI_PROPOSED_CONTACT_SCREEN,,,
1,0,10.469857064891832,window-0000-forward-00001,window-0000-reverse-00001,wall,left,both,present,uncertain,low,Steeper left roadside face and reverse banks sit below a prominent mountain outline. A separate distant terrain/panorama region is not clear enough to confirm C.,AI_PROPOSED_CONTACT_SCREEN,,,
2,0,20.939714129783663,window-0000-forward-00002,window-0000-reverse-00000,wall,left,both,present,uncertain,low,"Tall left face is close; reverse shows banks, a projecting peak and the tunnel approach. A separate distant terrain/panorama region is not clear enough to confirm C.",AI_PROPOSED_CONTACT_SCREEN,,,
3,1,0.0,window-0001-forward-00000,window-0001-reverse-00001,wall,left,right,present,present,medium,High left cut and lower opposite bank frame large rock faces; reverse opens toward a distinct peak. Side codes include raised banks/walls only; descending contact remains separate near-detail evidence.,AI_PROPOSED_CONTACT_SCREEN,,,
4,1,5.424665483667665,window-0001-forward-00001,window-0001-reverse-00000,wall,left,right,present,present,medium,Left wall rises immediately beside the road; reverse shows an open peak beyond lower banks. Side codes include raised banks/walls only; descending contact remains separate near-detail evidence.,AI_PROPOSED_CONTACT_SCREEN,,,
5,2,0.0,window-0002-forward-00000,window-0002-reverse-00001,wall,left,right,present,present,medium,Very tall face dominates the bend; reverse includes the same kind of close contact plus an open ridge. Side codes include raised banks/walls only; descending contact remains separate near-detail evidence.,AI_PROPOSED_CONTACT_SCREEN,,,
6,2,19.333795513449427,window-0002-forward-00001,window-0002-reverse-00000,wall,left,right,present,absent,medium,Tall roadside faces and upper rock planes fill the paired views without a clear distant skyline. Side codes include raised banks/walls only; descending contact remains separate near-detail evidence.,AI_PROPOSED_CONTACT_SCREEN,,,
7,3,0.0,window-0003-forward-00000,window-0003-reverse-00004,wall,left,right,present,absent,medium,Close left and reverse-right walls constrain the road; broad upper faces fill the background. Side codes include raised banks/walls only; descending contact remains separate near-detail evidence.,AI_PROPOSED_CONTACT_SCREEN,,,
8,3,17.236711135560295,window-0003-forward-00001,window-0003-reverse-00003,wall,left,right,present,absent,medium,High side wall and smaller opposing bank remain close; a small ridge is visible in reverse. Side codes include raised banks/walls only; descending contact remains separate near-detail evidence.,AI_PROPOSED_CONTACT_SCREEN,,,
9,3,34.47342227112059,window-0003-forward-00002,window-0003-reverse-00002,wall,left,right,present,absent,medium,Reverse-right wall dominates while the forward bend exposes lower banks and upper rock masses. Side codes include raised banks/walls only; descending contact remains separate near-detail evidence.,AI_PROPOSED_CONTACT_SCREEN,,,
10,3,51.71013340668088,window-0003-forward-00003,window-0003-reverse-00001,wall,left,right,present,present,medium,"Large sloped-to-steep roadside face, a lower outer bank and coastal opening are readable. Side codes include raised banks/walls only; descending contact remains separate near-detail evidence.",AI_PROPOSED_CONTACT_SCREEN,,,
11,3,68.94684454224118,window-0003-forward-00004,window-0003-reverse-00000,wall,left,right,present,present,medium,Close side faces persist while the forward view opens across the valley toward the coast. Side codes include raised banks/walls only; descending contact remains separate near-detail evidence.,AI_PROPOSED_CONTACT_SCREEN,,,
12,4,0.0,window-0004-forward-00000,window-0004-reverse-00003,wall,left,right,present,present,medium,Tall left face with broad upper rock planes; reverse retains a right face and wider valley context.,AI_PROPOSED_CONTACT_SCREEN,,,
13,4,14.22300538913222,window-0004-forward-00001,window-0004-reverse-00002,wall,left,right,present,present,medium,Substantial uphill wall continues at contact distance with a coastal gap and reverse rock bands.,AI_PROPOSED_CONTACT_SCREEN,,,
14,4,28.44601077826444,window-0004-forward-00002,window-0004-reverse-00001,wall,left,right,present,present,medium,Large nearby cliff planes dominate above the road; reverse reveals layered valley faces.,AI_PROPOSED_CONTACT_SCREEN,,,
15,4,42.66901616739666,window-0004-forward-00003,window-0004-reverse-00000,wall,left,right,present,uncertain,low,The bend brings a broad high face close; reverse keeps the side wall and more distant rock bands. A separate distant terrain/panorama region is not clear enough to confirm C. Side codes include raised banks/walls only; descending contact remains separate near-detail evidence.,AI_PROPOSED_CONTACT_SCREEN,,,
16,5,0.0,window-0005-forward-00000,window-0005-reverse-00003,wall,left,right,present,absent,medium,Reverse broad wall fills the bend; forward looks into a rock enclosure with limited skyline evidence. Side codes include raised banks/walls only; descending contact remains separate near-detail evidence.,AI_PROPOSED_CONTACT_SCREEN,,,
17,5,15.579772738632407,window-0005-forward-00001,window-0005-reverse-00002,bank,right,uncertain,present,uncertain,low,Lower sloped contact regions flank the road while an upper cliff face remains prominent in reverse. A separate distant terrain/panorama region is not clear enough to confirm C. Side codes include raised banks/walls only; descending contact remains separate near-detail evidence. Raised-side extent on the bend is unresolved.,AI_PROPOSED_CONTACT_SCREEN,,,
18,5,31.159545477264814,window-0005-forward-00002,window-0005-reverse-00001,wall,right,left,present,present,medium,Forward-right face becomes steep and close; reverse-left contact sits below a broad rock face.,AI_PROPOSED_CONTACT_SCREEN,,,
19,5,46.73931821589722,window-0005-forward-00003,window-0005-reverse-00000,wall,right,left,present,present,medium,Close faceted right wall contrasts with reverse upper cliff planes and a small coastal opening.,AI_PROPOSED_CONTACT_SCREEN,,,
20,6,0.0,window-0006-forward-00000,window-0006-reverse-00001,bank,left,right,absent,present,medium,Lower roadside slopes lead into an open mountain panorama; no separate face dominates the pair.,AI_PROPOSED_CONTACT_SCREEN,,,
21,6,15.016938706165634,window-0006-forward-00001,window-0006-reverse-00000,wall,left,right,absent,present,medium,Short close cut walls are readable while the distant peak remains a skyline element.,AI_PROPOSED_CONTACT_SCREEN,,,
22,7,0.0,window-0007-forward-00000,window-0007-reverse-00001,bank,left,right,absent,present,medium,Low sloping banks wrap the bend; reverse opens toward a modest distant peak. Side codes include raised banks/walls only; descending contact remains separate near-detail evidence.,AI_PROPOSED_CONTACT_SCREEN,,,
23,7,5.501676936184013,window-0007-forward-00001,window-0007-reverse-00000,bank,left,right,absent,present,medium,"Banks and road contact dominate nearby, with a small peak and open sky beyond. Side codes include raised banks/walls only; descending contact remains separate near-detail evidence.",AI_PROPOSED_CONTACT_SCREEN,,,
24,8,0.0,window-0008-forward-00000,window-0008-reverse-00001,bank,left,right,absent,absent,medium,Low banks wrap the turn; reverse shows an open ridge above a long shallow roadside cut. Side codes include raised banks/walls only; descending contact remains separate near-detail evidence.,AI_PROPOSED_CONTACT_SCREEN,,,
25,8,15.195333713152603,window-0008-forward-00001,window-0008-reverse-00000,wall,left,right,absent,present,medium,"Forward-left cut is steep at contact distance, but the principal distant feature is the coastal outlook. Side codes include raised banks/walls only; descending contact remains separate near-detail evidence.",AI_PROPOSED_CONTACT_SCREEN,,,
26,9,0.0,window-0009-forward-00000,window-0009-reverse-00004,wall,uncertain,left,present,absent,low,Reverse has a broad close wall; forward faces a large rocky enclosure with limited skyline. Side codes include raised banks/walls only; descending contact remains separate near-detail evidence. Raised-side extent on the bend is unresolved.,AI_PROPOSED_CONTACT_SCREEN,,,
27,9,16.283650996682386,window-0009-forward-00001,window-0009-reverse-00003,wall,left,right,present,present,medium,Left roadside cut and reverse-right upper cliff accompany a broad forward rock face and sea opening.,AI_PROPOSED_CONTACT_SCREEN,,,
28,9,32.56730199336477,window-0009-forward-00002,window-0009-reverse-00002,wall,left,right,present,present,medium,Long near cut walls and a large forward enclosing face contrast with the reverse coast.,AI_PROPOSED_CONTACT_SCREEN,,,
29,9,48.85095299004716,window-0009-forward-00003,window-0009-reverse-00001,wall,left,right,present,present,medium,Close left wall continues; a substantial upper face remains forward and the coast opens behind.,AI_PROPOSED_CONTACT_SCREEN,,,
30,9,65.13460398672954,window-0009-forward-00004,window-0009-reverse-00000,wall,left,right,present,present,medium,Forward cliff enclosure remains prominent above a close cut; reverse is more open toward the coast.,AI_PROPOSED_CONTACT_SCREEN,,,
31,10,0.0,window-0010-forward-00000,window-0010-reverse-00001,bank,right,left,absent,present,medium,Low sloped contact banks and a broad coastal opening; no isolated dominant wall is clear. Side codes include raised banks/walls only; descending contact remains separate near-detail evidence.,AI_PROPOSED_CONTACT_SCREEN,,,
32,10,12.439699543962403,window-0010-forward-00001,window-0010-reverse-00000,bank,right,left,absent,present,medium,Near slope switches sides with direction; reverse has an open horizon and smaller ridge context.,AI_PROPOSED_CONTACT_SCREEN,,,
33,11,0.0,window-0011-forward-00000,window-0011-reverse-00002,bank,right,left,absent,uncertain,low,The bend is bordered by low banks; broad slope divisions matter more than a dominant wall. A separate distant terrain/panorama region is not clear enough to confirm C. Side codes include raised banks/walls only; descending contact remains separate near-detail evidence.,AI_PROPOSED_CONTACT_SCREEN,,,
34,11,10.34234554884084,window-0011-forward-00001,window-0011-reverse-00001,bank,right,left,absent,absent,medium,Near banks remain low; a small ridge and broad slope occupy the background. Side codes include raised banks/walls only; descending contact remains separate near-detail evidence.,AI_PROPOSED_CONTACT_SCREEN,,,
35,11,20.68469109768168,window-0011-forward-00002,window-0011-reverse-00000,wall,right,left,absent,uncertain,low,"A steeper roadside segment emerges, but background face dominance and skyline are unclear at contact-sheet scale. A separate distant terrain/panorama region is not clear enough to confirm C. Side codes include raised banks/walls only; descending contact remains separate near-detail evidence.",AI_PROPOSED_CONTACT_SCREEN,,,
36,12,0.0,window-0012-forward-00000,window-0012-reverse-00006,wall,left,left,present,present,medium,Reverse close high wall has readable large planes; forward opens toward the coast and outer ridge. Side codes include raised banks/walls only; descending contact remains separate near-detail evidence.,AI_PROPOSED_CONTACT_SCREEN,,,
37,12,16.70872916837475,window-0012-forward-00001,window-0012-reverse-00005,bank,left,left,uncertain,present,low,"Lower banks frame the road; the reverse upper face may need broader-form attention, requiring original review. Side codes include raised banks/walls only; descending contact remains separate near-detail evidence.",AI_PROPOSED_CONTACT_SCREEN,,,
38,12,33.4174583367495,window-0012-forward-00002,window-0012-reverse-00004,bank,left,left,absent,present,medium,Low banks and broad sloped rock forms accompany the coastal outlook without a dominating face. Side codes include raised banks/walls only; descending contact remains separate near-detail evidence.,AI_PROPOSED_CONTACT_SCREEN,,,
39,12,50.12618750512424,window-0012-forward-00003,window-0012-reverse-00003,bank,left,left,absent,present,medium,Slanted near banks and broad hillside divisions are visible; forward includes the open coast. Side codes include raised banks/walls only; descending contact remains separate near-detail evidence.,AI_PROPOSED_CONTACT_SCREEN,,,
40,12,66.834916673499,window-0012-forward-00004,window-0012-reverse-00002,bank,left,right,absent,present,medium,Readable near left and reverse-right banks sit below broad slopes and an open coastal horizon.,AI_PROPOSED_CONTACT_SCREEN,,,
41,12,83.54364584187374,window-0012-forward-00005,window-0012-reverse-00001,bank,left,right,absent,present,medium,Near contact is a sloping bank; distant coast and low outcrops supply the wider composition.,AI_PROPOSED_CONTACT_SCREEN,,,
42,12,100.25237501024849,window-0012-forward-00006,window-0012-reverse-00000,bank,left,right,absent,present,medium,"Shallow-to-moderate side banks remain close, with an open coast and small forward outcrop.",AI_PROPOSED_CONTACT_SCREEN,,,
43,13,0.0,window-0013-forward-00000,window-0013-reverse-00005,bank,left,right,absent,present,medium,Same transition to lower banks persists; far outlines remain distinct from close contact detail.,AI_PROPOSED_CONTACT_SCREEN,,,
44,13,17.624795619935195,window-0013-forward-00001,window-0013-reverse-00004,bank,left,right,absent,present,medium,Both forward banks are readable at the bend; reverse right bank leads into a broad hillside. Side codes include raised banks/walls only; descending contact remains separate near-detail evidence.,AI_PROPOSED_CONTACT_SCREEN,,,
45,13,35.24959123987039,window-0013-forward-00002,window-0013-reverse-00003,bank,left,right,absent,present,medium,Low near banks accompany an open coastal view; distant rocky forms are not dominant walls. Side codes include raised banks/walls only; descending contact remains separate near-detail evidence.,AI_PROPOSED_CONTACT_SCREEN,,,
46,13,52.87438685980559,window-0013-forward-00003,window-0013-reverse-00002,bank,left,right,absent,present,medium,Open coastal bend with low banks; reverse slope has broad material-scale structure rather than a dominant face. Side codes include raised banks/walls only; descending contact remains separate near-detail evidence.,AI_PROPOSED_CONTACT_SCREEN,,,
47,13,70.49918247974078,window-0013-forward-00004,window-0013-reverse-00001,bank,left,right,present,absent,medium,A broad rocky face becomes prominent in reverse beyond the low roadside banks. No distinct farther terrain region is established beyond the dominant face itself. Side codes include raised banks/walls only; descending contact remains separate near-detail evidence.,AI_PROPOSED_CONTACT_SCREEN,,,
48,13,88.12397809967598,window-0013-forward-00005,window-0013-reverse-00000,wall,left,right,present,absent,medium,Near left cut steepens; a broad rocky face and skyline dominate the reverse outlook. No distinct farther terrain region is established beyond the dominant face itself. Side codes include raised banks/walls only; descending contact remains separate near-detail evidence.,AI_PROPOSED_CONTACT_SCREEN,,,
49,14,0.0,window-0014-forward-00000,window-0014-reverse-00002,wall,left,right,absent,present,medium,Close cut switches sides with direction; open coast and a modest outcrop form the distant context.,AI_PROPOSED_CONTACT_SCREEN,,,
50,14,13.260624047749141,window-0014-forward-00001,window-0014-reverse-00001,wall,left,right,absent,present,medium,Strong close wall and its base contact are visible; the outer peak reads mainly as an outline.,AI_PROPOSED_CONTACT_SCREEN,,,
51,14,26.521248095498283,window-0014-forward-00002,window-0014-reverse-00000,wall,left,right,absent,present,medium,"Tall local wall persists but the wider view is chiefly coast, ridge and sloping ground.",AI_PROPOSED_CONTACT_SCREEN,,,
52,15,0.0,window-0015-forward-00000,window-0015-reverse-00003,wall,left,right,absent,present,medium,Steep roadside face is close; reverse includes broad hillside divisions without an isolated dominant face.,AI_PROPOSED_CONTACT_SCREEN,,,
53,15,17.885808261924414,window-0015-forward-00001,window-0015-reverse-00002,wall,left,right,absent,present,medium,Near wall remains readable; open coast and layered hillside carry the farther composition.,AI_PROPOSED_CONTACT_SCREEN,,,
54,15,35.77161652384883,window-0015-forward-00002,window-0015-reverse-00001,bank,left,right,absent,present,medium,Roadside forms become more sloped; coast and broad valley bands remain visible.,AI_PROPOSED_CONTACT_SCREEN,,,
55,15,53.657424785773244,window-0015-forward-00003,window-0015-reverse-00000,bank,left,right,absent,present,medium,Sloping contact bank leads toward coast; reverse shows broad terrain bands rather than a dominant wall.,AI_PROPOSED_CONTACT_SCREEN,,,
56,16,0.0,window-0016-forward-00000,window-0016-reverse-00001,wall,left,right,present,present,medium,A large tall roadside wall fills much of both views while the coastal horizon remains visible.,AI_PROPOSED_CONTACT_SCREEN,,,
57,16,2.483573160831433,window-0016-forward-00001,window-0016-reverse-00000,wall,left,right,present,present,medium,Broad close wall and its upper contour stay dominant on the outside of the turn.,AI_PROPOSED_CONTACT_SCREEN,,,
58,17,0.0,window-0017-forward-00000,window-0017-reverse-00004,wall,left,uncertain,present,present,low,Reverse large wall spans the turn; forward provides an open skyline and lower contact banks. Side codes include raised banks/walls only; descending contact remains separate near-detail evidence. Raised-side extent on the bend is unresolved.,AI_PROPOSED_CONTACT_SCREEN,,,
59,17,18.957262816147935,window-0017-forward-00001,window-0017-reverse-00003,bank,left,right,present,present,medium,"Near banks are lower, but a large reverse rocky mass with readable broad planes is prominent. Side codes include raised banks/walls only; descending contact remains separate near-detail evidence.",AI_PROPOSED_CONTACT_SCREEN,,,
60,17,37.91452563229587,window-0017-forward-00002,window-0017-reverse-00002,bank,left,right,present,present,medium,Sloping near contacts sit below a substantial reverse mountain face and open coast forward.,AI_PROPOSED_CONTACT_SCREEN,,,
61,17,56.87178844844381,window-0017-forward-00003,window-0017-reverse-00001,bank,left,right,present,present,medium,Near banks continue while a broad reverse rocky face and coast retain separate visual roles.,AI_PROPOSED_CONTACT_SCREEN,,,
62,17,75.82905126459174,window-0017-forward-00004,window-0017-reverse-00000,wall,left,right,present,present,medium,Local cut steepens on the left; the reverse upper rocky face remains compositionally prominent.,AI_PROPOSED_CONTACT_SCREEN,,,
63,18,0.0,window-0018-forward-00000,window-0018-reverse-00001,wall,left,right,present,present,medium,Steep local side cut plus a dominant reverse mountain face; coast is visible forward.,AI_PROPOSED_CONTACT_SCREEN,,,
64,18,2.002844608499734,window-0018-forward-00001,window-0018-reverse-00000,wall,left,right,present,present,medium,Close cut planes remain readable; reverse mountain face and forward coast warrant broad-form review.,AI_PROPOSED_CONTACT_SCREEN,,,
65,19,0.0,window-0019-forward-00000,window-0019-reverse-00001,wall,left,right,present,present,medium,Tall near side cut and a distant-but-prominent reverse face coexist with the coastal panorama.,AI_PROPOSED_CONTACT_SCREEN,,,
66,19,13.52882340038861,window-0019-forward-00001,window-0019-reverse-00000,wall,left,right,present,present,medium,Close wall persists and broad reverse rocky planes remain dominant above the route.,AI_PROPOSED_CONTACT_SCREEN,,,
67,20,0.0,window-0020-forward-00000,window-0020-reverse-00001,wall,left,right,present,present,medium,Long upper face dominates the forward enclosure; reverse opens to sea beside a close side wall. Side codes include raised banks/walls only; descending contact remains separate near-detail evidence.,AI_PROPOSED_CONTACT_SCREEN,,,
68,20,7.006811760721356,window-0020-forward-00001,window-0020-reverse-00000,wall,left,right,present,present,medium,"Same wall-to-open-coast contrast remains, with readable base contact in both directions. Side codes include raised banks/walls only; descending contact remains separate near-detail evidence.",AI_PROPOSED_CONTACT_SCREEN,,,
69,21,0.0,window-0021-forward-00000,window-0021-reverse-00005,wall,left,right,present,uncertain,low,Close wall at the bend and a large reverse rocky mass combine local and broad-form needs. A separate distant terrain/panorama region is not clear enough to confirm C.,AI_PROPOSED_CONTACT_SCREEN,,,
70,21,19.598604701687698,window-0021-forward-00001,window-0021-reverse-00004,bank,right,left,present,absent,medium,Lower contact banks at the turn reveal a dominant mountain face forward and high faces in reverse. No distinct farther terrain region is established beyond the dominant face itself. Side codes include raised banks/walls only; descending contact remains separate near-detail evidence.,AI_PROPOSED_CONTACT_SCREEN,,,
71,21,39.197209403375396,window-0021-forward-00002,window-0021-reverse-00003,bank,right,left,present,uncertain,low,Slanted near contacts switch sides; a large mountain face remains prominent in forward view. A separate distant terrain/panorama region is not clear enough to confirm C.,AI_PROPOSED_CONTACT_SCREEN,,,
72,21,58.795814105063094,window-0021-forward-00003,window-0021-reverse-00002,bank,right,left,present,uncertain,low,Low-to-moderate banks flank the bend beneath a dominant rocky face; reverse opens to coast. A separate distant terrain/panorama region is not clear enough to confirm C. Side codes include raised banks/walls only; descending contact remains separate near-detail evidence.,AI_PROPOSED_CONTACT_SCREEN,,,
73,21,78.39441880675079,window-0021-forward-00004,window-0021-reverse-00001,bank,right,left,present,absent,medium,Sloping contact banks and a substantial forward mountain mass coexist with the coastal opening. No distinct farther terrain region is established beyond the dominant face itself. Side codes include raised banks/walls only; descending contact remains separate near-detail evidence.,AI_PROPOSED_CONTACT_SCREEN,,,
74,21,97.9930235084385,window-0021-forward-00005,window-0021-reverse-00000,bank,left,right,present,absent,medium,Original forward PNG shows a large outer rocky face with readable broad planes and a strong outline. This is a dominant-face requirement; the face's own skyline and sea do not establish a separate C terrain region. Low local banks remain distinct. Side codes include raised banks/walls only; descending contact remains separate near-detail evidence.,AI_PROPOSED_CONTACT_SCREEN,,,
75,22,0.0,window-0022-forward-00000,window-0022-reverse-00002,bank,left,right,uncertain,uncertain,low,Low banks frame the same outer peak and coast; evaluate peak dominance on the original image. The outer peak needs B-versus-C confirmation; its own outline does not establish both. Side codes include raised banks/walls only; descending contact remains separate near-detail evidence.,AI_PROPOSED_CONTACT_SCREEN,,,
76,22,12.698855923642828,window-0022-forward-00001,window-0022-reverse-00001,bank,left,right,present,uncertain,low,Near banks are low while the reverse rocky face occupies a substantial part of the composition. A separate distant terrain/panorama region is not clear enough to confirm C.,AI_PROPOSED_CONTACT_SCREEN,,,
77,22,25.397711847285656,window-0022-forward-00002,window-0022-reverse-00000,bank,left,right,present,uncertain,low,"Sloped contact and open coast contrast with the broad, readable reverse mountain face. A separate distant terrain/panorama region is not clear enough to confirm C.",AI_PROPOSED_CONTACT_SCREEN,,,
78,23,0.0,window-0023-forward-00000,window-0023-reverse-00004,bank,left,right,present,uncertain,low,Low local banks lead toward a large reverse cliff mass and a coastal horizon. A separate distant terrain/panorama region is not clear enough to confirm C. Side codes include raised banks/walls only; descending contact remains separate near-detail evidence.,AI_PROPOSED_CONTACT_SCREEN,,,
79,23,15.437701241287321,window-0023-forward-00001,window-0023-reverse-00003,bank,left,right,present,absent,medium,Contact banks remain modest but a large reverse rocky face has readable major divisions. No distinct farther terrain region is established beyond the dominant face itself. Side codes include raised banks/walls only; descending contact remains separate near-detail evidence.,AI_PROPOSED_CONTACT_SCREEN,,,
80,23,30.875402482574643,window-0023-forward-00002,window-0023-reverse-00002,bank,left,right,present,uncertain,low,Near slopes stay low-to-moderate; reverse mountain face and skyline remain prominent. A separate distant terrain/panorama region is not clear enough to confirm C. Side codes include raised banks/walls only; descending contact remains separate near-detail evidence.,AI_PROPOSED_CONTACT_SCREEN,,,
81,23,46.313103723861964,window-0023-forward-00003,window-0023-reverse-00001,wall,left,right,present,present,medium,A close cut steepens while large upper faces and the reverse mountain outline remain readable.,AI_PROPOSED_CONTACT_SCREEN,,,
82,23,61.750804965149285,window-0023-forward-00004,window-0023-reverse-00000,wall,left,right,present,present,medium,Tall near side cut leads below a large high face; reverse opens around the peak silhouette.,AI_PROPOSED_CONTACT_SCREEN,,,
83,24,0.0,window-0024-forward-00000,window-0024-reverse-00001,wall,left,right,present,uncertain,low,"Large near wall and upper cliff planes are clear, with a distinct reverse skyline. A separate distant terrain/panorama region is not clear enough to confirm C.",AI_PROPOSED_CONTACT_SCREEN,,,
84,24,11.520731865107223,window-0024-forward-00001,window-0024-reverse-00000,wall,left,right,present,uncertain,low,Tall nearby face and reverse upper mass both carry readable large forms and outline. A separate distant terrain/panorama region is not clear enough to confirm C.,AI_PROPOSED_CONTACT_SCREEN,,,
85,25,0.0,window-0025-forward-00000,window-0025-reverse-00002,wall,left,right,present,uncertain,low,High near wall fills much of the view; reverse adds a large rocky peak silhouette. A separate distant terrain/panorama region is not clear enough to confirm C.,AI_PROPOSED_CONTACT_SCREEN,,,
86,25,16.001533693617034,window-0025-forward-00001,window-0025-reverse-00001,wall,left,right,present,uncertain,low,Close wall remains dominant with an open view of the reverse ridge above it. A separate distant terrain/panorama region is not clear enough to confirm C.,AI_PROPOSED_CONTACT_SCREEN,,,
87,25,32.00306738723407,window-0025-forward-00002,window-0025-reverse-00000,wall,left,right,present,absent,medium,Near tall wall and its major planes remain important beside the distant peak outline. No distinct farther terrain region is established beyond the dominant face itself.,AI_PROPOSED_CONTACT_SCREEN,,,
88,26,0.0,window-0026-forward-00000,window-0026-reverse-00002,wall,left,right,present,uncertain,low,Close wall persists and a broad reverse cliff mass is readable beyond the road. A separate distant terrain/panorama region is not clear enough to confirm C.,AI_PROPOSED_CONTACT_SCREEN,,,
89,26,19.261181815320096,window-0026-forward-00001,window-0026-reverse-00001,wall,left,right,present,uncertain,low,Near side face has large readable planes; reverse mountain mass and skyline remain prominent. A separate distant terrain/panorama region is not clear enough to confirm C.,AI_PROPOSED_CONTACT_SCREEN,,,
90,26,38.52236363064019,window-0026-forward-00002,window-0026-reverse-00000,wall,left,right,present,absent,medium,Tall local face continues with layered mountain faces and a distinct reverse peak beyond. No distinct farther terrain region is established beyond the dominant face itself.,AI_PROPOSED_CONTACT_SCREEN,,,
91,27,0.0,window-0027-forward-00000,window-0027-reverse-00003,wall,left,right,present,absent,medium,Close steep side cut wraps the bend; reverse upper wall and rocky skyline are prominent. No distinct farther terrain region is established beyond the dominant face itself.,AI_PROPOSED_CONTACT_SCREEN,,,
92,27,15.715520433327717,window-0027-forward-00001,window-0027-reverse-00002,wall,left,right,present,uncertain,low,Broad near wall and upper rock planes remain readable; limited reverse ridge is still visible. A separate distant terrain/panorama region is not clear enough to confirm C.,AI_PROPOSED_CONTACT_SCREEN,,,
93,27,31.431040866655433,window-0027-forward-00002,window-0027-reverse-00001,wall,right,uncertain,present,present,low,Reverse broad rock wall fills the turn while forward exposes a valley and coastal panorama. Side codes include raised banks/walls only; descending contact remains separate near-detail evidence. Raised-side extent on the bend is unresolved.,AI_PROPOSED_CONTACT_SCREEN,,,
94,27,47.14656129998315,window-0027-forward-00003,window-0027-reverse-00000,wall,right,left,present,uncertain,low,"Close face switches sides across the paired view, with broad upper rock planes and an open outlook. A separate distant terrain/panorama region is not clear enough to confirm C.",AI_PROPOSED_CONTACT_SCREEN,,,
95,28,0.0,window-0028-forward-00000,window-0028-reverse-00001,wall,right,left,present,absent,medium,Local wall and reverse bank/contact remain readable below large exposed faces and skyline context. No distinct farther terrain region is established beyond the dominant face itself.,AI_PROPOSED_CONTACT_SCREEN,,,
96,28,3.5028220150864193,window-0028-forward-00001,window-0028-reverse-00000,wall,right,left,present,absent,medium,Near right cut and reverse contact bank sit under a substantial rocky face and distant outline. No distinct farther terrain region is established beyond the dominant face itself.,AI_PROPOSED_CONTACT_SCREEN,,,
97,29,0.0,window-0029-forward-00000,window-0029-reverse-00001,bank,right,left,present,absent,medium,"Low contact banks frame a broad, nearly vertical upper face; both views are enclosed by slopes. Side codes include raised banks/walls only; descending contact remains separate near-detail evidence.",AI_PROPOSED_CONTACT_SCREEN,,,
98,29,3.9799907064344713,window-0029-forward-00001,window-0029-reverse-00000,bank,right,left,present,absent,medium,Same low-bank and dominant upper-wall combination persists without a clear distant panorama. Side codes include raised banks/walls only; descending contact remains separate near-detail evidence.,AI_PROPOSED_CONTACT_SCREEN,,,
99,30,0.0,window-0030-forward-00000,window-0030-reverse-00002,wall,right,left,present,absent,medium,High broad face dominates above local banks; the opposite view remains within the rock enclosure. Side codes include raised banks/walls only; descending contact remains separate near-detail evidence.,AI_PROPOSED_CONTACT_SCREEN,,,
100,30,10.638642656930555,window-0030-forward-00001,window-0030-reverse-00001,wall,right,left,present,absent,medium,Original forward PNG confirms a dominant tall right wall and substantial descending left bank/contact. Raised-side code is right only; descending left contact still warrants near-detail attention. Projecting wall contours and the sea opening do not establish a separate distant C terrain region.,AI_PROPOSED_CONTACT_SCREEN,,,
101,30,21.27728531386111,window-0030-forward-00002,window-0030-reverse-00000,wall,right,left,present,absent,medium,Tall right wall and upper planes are prominent; forward begins to reveal the coast and outer ridge. The visible horizon is not a separate distant terrain region; roadside wall contours are not C. Side codes include raised banks/walls only; descending contact remains separate near-detail evidence.,AI_PROPOSED_CONTACT_SCREEN,,,
102,31,0.0,window-0031-forward-00000,window-0031-reverse-00001,wall,both,left,present,absent,medium,"Close walls flank the forward road, with a jagged side outline and open coast beyond. The visible horizon is not a separate distant terrain region; roadside wall contours are not C.",AI_PROPOSED_CONTACT_SCREEN,,,
103,31,2.5077556588746033,window-0031-forward-00001,window-0031-reverse-00000,wall,both,left,present,absent,medium,The narrow wall-lined stretch retains readable wall contours and a coastal panorama. The visible horizon is not a separate distant terrain region; roadside wall contours are not C.,AI_PROPOSED_CONTACT_SCREEN,,,
104,32,0.0,window-0032-forward-00000,window-0032-reverse-00001,bank,left,right,absent,present,medium,Low sloped banks frame the bend; broad hillside and ridge matter more than a single dominant wall. Side codes include raised banks/walls only; descending contact remains separate near-detail evidence.,AI_PROPOSED_CONTACT_SCREEN,,,
105,32,6.50775022199538,window-0032-forward-00001,window-0032-reverse-00000,bank,left,right,absent,present,medium,Banks and ground contact remain close; reverse shows broad slope composition and skyline. Side codes include raised banks/walls only; descending contact remains separate near-detail evidence.,AI_PROPOSED_CONTACT_SCREEN,,,
106,33,0.0,window-0033-forward-00000,window-0033-reverse-00001,wall,right,left,present,present,medium,"Tall right wall and reverse-left face are dominant, while the forward opens to a coastal ridge. Side codes include raised banks/walls only; descending contact remains separate near-detail evidence.",AI_PROPOSED_CONTACT_SCREEN,,,
107,33,1.5031599991372548,window-0033-forward-00001,window-0033-reverse-00000,wall,right,left,present,present,medium,Close tall wall continues; paired view shows the wall-lined corridor and an open coastal outlook. Side codes include raised banks/walls only; descending contact remains separate near-detail evidence.,AI_PROPOSED_CONTACT_SCREEN,,,
108,34,0.0,window-0034-forward-00000,window-0034-reverse-00001,wall,right,left,present,present,medium,Tall roadside faces swap sides; reverse also shows a broad recessed cliff while forward opens to a distant peak and horizon.,AI_PROPOSED_CONTACT_SCREEN,,,
109,34,16.05155271004756,window-0034-forward-00001,window-0034-reverse-00000,wall,right,left,present,present,medium,High near faces remain readable in both directions; reverse cliff divisions and forward isolated skyline remain visible.,AI_PROPOSED_CONTACT_SCREEN,,,
110,35,0.0,window-0035-forward-00000,window-0035-reverse-00005,wall,both,left,absent,present,medium,"Forward bend has lower banks on both sides; reverse left face is close, with an open distant ridge and horizon.",AI_PROPOSED_CONTACT_SCREEN,,,
111,35,16.796759963411624,window-0035-forward-00001,window-0035-reverse-00004,bank,both,left,absent,present,medium,The banks lower around the bend; reverse left slope still exposes local plane changes and the distant outlook stays open.,AI_PROPOSED_CONTACT_SCREEN,,,
112,35,33.59351992682325,window-0035-forward-00002,window-0035-reverse-00003,bank,both,left,uncertain,present,low,Low banks frame the curve; a partly visible larger rock mass needs original-frame review to separate broad-face demand from skyline.,AI_PROPOSED_CONTACT_SCREEN,,,
113,35,50.39027989023488,window-0035-forward-00003,window-0035-reverse-00002,bank,right,both,present,uncertain,low,Original forward PNG shows a raised bank on the right and descending inner ground on the left; the large upper peak has readable face divisions. Reverse bank sides remain contact-sheet observations. Separate distant-ridge/panorama identity remains uncertain; the same broad face outline or sea horizon alone does not establish C.,AI_PROPOSED_CONTACT_SCREEN,,,
114,35,67.1870398536465,window-0035-forward-00004,window-0035-reverse-00001,wall,right,both,present,uncertain,low,Near right face rises at the bend; the forward peak and reverse massif retain visible shelves and broad faces. Separate distant-ridge/panorama identity is uncertain; an open horizon or the same broad face outline alone does not establish C.,AI_PROPOSED_CONTACT_SCREEN,,,
115,35,83.98379981705813,window-0035-forward-00005,window-0035-reverse-00000,wall,right,both,present,present,medium,High right roadside face and two reverse banks frame a broad layered basin and an isolated peak.,AI_PROPOSED_CONTACT_SCREEN,,,
116,36,0.0,window-0036-forward-00000,window-0036-reverse-00001,wall,right,left,present,uncertain,low,"Road follows a steep right face; reverse shows a large articulated cliff beyond the left near wall, with distant horizon in forward. Separate distant-ridge/panorama identity is uncertain; an open horizon or the same broad face outline alone does not establish C.",AI_PROPOSED_CONTACT_SCREEN,,,
117,36,10.533514763700765,window-0036-forward-00001,window-0036-reverse-00000,wall,right,left,present,uncertain,low,Steep near face remains prominent; reverse cliff recesses and shelves remain legible beyond it. Separate distant-ridge/panorama identity is uncertain; an open horizon or the same broad face outline alone does not establish C.,AI_PROPOSED_CONTACT_SCREEN,,,
118,37,0.0,window-0037-forward-00000,window-0037-reverse-00001,bank,right,left,present,uncertain,low,"Forward bank is lower, while the reverse opens toward a large cliff face and sea-facing landscape. Separate distant-ridge/panorama identity is uncertain; an open horizon or the same broad face outline alone does not establish C.",AI_PROPOSED_CONTACT_SCREEN,,,
119,37,11.014166934871934,window-0037-forward-00001,window-0037-reverse-00000,bank,right,left,uncertain,uncertain,low,Near sloping banks are clear; the reverse background face is partly hidden so its dominant-wall requirement is uncertain. Separate distant-ridge/panorama identity is uncertain; an open horizon or the same broad face outline alone does not establish C.,AI_PROPOSED_CONTACT_SCREEN,,,
120,38,0.0,window-0038-forward-00000,window-0038-reverse-00001,wall,left,right,uncertain,absent,low,Tight paired bend views expose near side walls; upper terrain is cropped and does not establish a panorama. No distinct distant landform panorama is established in this pair; sea alone is not counted.,AI_PROPOSED_CONTACT_SCREEN,,,
121,38,0.9975497896807735,window-0038-forward-00001,window-0038-reverse-00000,wall,left,right,uncertain,absent,low,Near wall and bend contact remain clear in both directions; cropped upper faces need a wider or original view. No distinct distant landform panorama is established in this pair; sea alone is not counted.,AI_PROPOSED_CONTACT_SCREEN,,,
122,39,0.0,window-0039-forward-00000,window-0039-reverse-00005,bank,both,right,uncertain,absent,low,The curve is enclosed by sloping roadside forms; no clearly open skyline is visible in this pair. No distinct distant landform panorama is established in this pair; sea alone is not counted.,AI_PROPOSED_CONTACT_SCREEN,,,
123,39,19.93895874522992,window-0039-forward-00001,window-0039-reverse-00004,bank,left,right,present,uncertain,low,A near left bank contrasts with a broad forward right-hand rock face; reverse reveals intermediate slope structure. Separate distant-ridge/panorama identity is uncertain; an open horizon or the same broad face outline alone does not establish C.,AI_PROPOSED_CONTACT_SCREEN,,,
124,39,39.87791749045984,window-0039-forward-00002,window-0039-reverse-00003,bank,left,right,present,uncertain,low,The forward opposite face retains large divisions above another road level; near bank switches sides in reverse. Separate distant-ridge/panorama identity is uncertain; an open horizon or the same broad face outline alone does not establish C.,AI_PROPOSED_CONTACT_SCREEN,,,
125,39,59.81687623568977,window-0039-forward-00003,window-0039-reverse-00002,bank,left,right,uncertain,uncertain,low,Clear near-bank planes and multiple road levels; larger upper faces are cropped or small enough to leave B uncertain. Separate distant-ridge/panorama identity is uncertain; an open horizon or the same broad face outline alone does not establish C.,AI_PROPOSED_CONTACT_SCREEN,,,
126,39,79.75583498091969,window-0039-forward-00004,window-0039-reverse-00001,bank,left,right,uncertain,uncertain,low,Near slope contact remains readable and the forward horizon is open; dominant broad-face readability is unresolved at contact-sheet scale. Separate distant-ridge/panorama identity is uncertain; an open horizon or the same broad face outline alone does not establish C.,AI_PROPOSED_CONTACT_SCREEN,,,
127,39,99.69479372614961,window-0039-forward-00005,window-0039-reverse-00000,wall,left,right,uncertain,present,low,Left roadside face becomes steeper; reverse frames show terraces and upper terrain but insufficient broad-face detail for definite B.,AI_PROPOSED_CONTACT_SCREEN,,,
128,40,0.0,window-0040-forward-00000,window-0040-reverse-00001,wall,left,right,uncertain,present,low,Tall close left face continues into the next window; reverse landscape remains partly cropped.,AI_PROPOSED_CONTACT_SCREEN,,,
129,40,17.01402043013124,window-0040-forward-00001,window-0040-reverse-00000,wall,left,right,present,present,medium,The near left wall occupies a large image area with distinct planes; forward opening also retains distant skyline context.,AI_PROPOSED_CONTACT_SCREEN,,,
130,41,0.0,window-0041-forward-00000,window-0041-reverse-00002,wall,right,left,uncertain,absent,low,Close right and reverse left faces flank a high road; dark road regions do not establish their cause or surface identity. No distinct distant landform panorama is established in this pair; sea alone is not counted.,AI_PROPOSED_CONTACT_SCREEN,,,
131,41,10.765940785246112,window-0041-forward-00001,window-0041-reverse-00001,bank,right,left,uncertain,absent,low,Sloping near banks remain clear despite dark road regions; reverse opens toward the horizon and partial wider terrain. No distinct distant landform panorama is established in this pair; sea alone is not counted.,AI_PROPOSED_CONTACT_SCREEN,,,
132,41,21.531881570492224,window-0041-forward-00002,window-0041-reverse-00000,bank,right,left,uncertain,absent,low,Paired near banks flank a raised-looking road view; the reverse opens to horizon but upper broad-face evidence is incomplete. No distinct distant landform panorama is established in this pair; sea alone is not counted.,AI_PROPOSED_CONTACT_SCREEN,,,
133,42,0.0,window-0042-forward-00000,window-0042-reverse-00005,bank,right,left,uncertain,absent,low,Long right bank and reverse left bank have readable local planes; basin terrain fills the forward background without a clear isolated wall. No distinct distant landform panorama is established in this pair; sea alone is not counted.,AI_PROPOSED_CONTACT_SCREEN,,,
134,42,16.929437214735362,window-0042-forward-00001,window-0042-reverse-00004,bank,right,left,uncertain,uncertain,low,Continuous sloping roadside forms remain prominent; reverse horizon and wider hillside provide landscape context. Separate distant-ridge/panorama identity is uncertain; an open horizon or the same broad face outline alone does not establish C.,AI_PROPOSED_CONTACT_SCREEN,,,
135,42,33.858874429470724,window-0042-forward-00002,window-0042-reverse-00003,bank,right,left,uncertain,uncertain,low,Near bank height reduces along the straight; larger background terrain remains visible but wall dominance is unclear. Separate distant-ridge/panorama identity is uncertain; an open horizon or the same broad face outline alone does not establish C.,AI_PROPOSED_CONTACT_SCREEN,,,
136,42,50.78831164420608,window-0042-forward-00003,window-0042-reverse-00002,bank,right,left,uncertain,uncertain,low,Readable bank contact continues; broad rough terrain beyond it warrants review without automatically counting every outcrop as B. Separate distant-ridge/panorama identity is uncertain; an open horizon or the same broad face outline alone does not establish C.,AI_PROPOSED_CONTACT_SCREEN,,,
137,42,67.71774885894145,window-0042-forward-00004,window-0042-reverse-00001,bank,right,left,uncertain,uncertain,low,Near sloping bank remains visible in both directions; upper landforms and a reverse horizon stay partly exposed. Separate distant-ridge/panorama identity is uncertain; an open horizon or the same broad face outline alone does not establish C.,AI_PROPOSED_CONTACT_SCREEN,,,
138,42,84.6471860736768,window-0042-forward-00005,window-0042-reverse-00000,bank,right,left,uncertain,uncertain,low,Forward bank reaches the approaching bend; reverse upper terrain is substantial but its readable broad faces need original pixels. Separate distant-ridge/panorama identity is uncertain; an open horizon or the same broad face outline alone does not establish C.,AI_PROPOSED_CONTACT_SCREEN,,,
139,43,0.0,window-0043-forward-00000,window-0043-reverse-00002,bank,both,left,absent,present,medium,"Banks frame a tight bend; wider reverse outline is visible, but no distinct dominant broad wall is established.",AI_PROPOSED_CONTACT_SCREEN,,,
140,43,14.363900783646791,window-0043-forward-00001,window-0043-reverse-00001,bank,right,left,absent,present,medium,Close sloping forms and the reverse left bank carry contact detail; surrounding low ridges supply context rather than a dominant face.,AI_PROPOSED_CONTACT_SCREEN,,,
141,43,28.727801567293582,window-0043-forward-00002,window-0043-reverse-00000,wall,right,left,uncertain,uncertain,low,The reverse left bank presents a steep plane while the forward turn opens toward a larger rough slope; B remains uncertain. Separate distant-ridge/panorama identity is uncertain; an open horizon or the same broad face outline alone does not establish C.,AI_PROPOSED_CONTACT_SCREEN,,,
142,44,0.0,window-0044-forward-00000,window-0044-reverse-00003,bank,both,left,uncertain,uncertain,low,Forward low banks open toward sea and hillside; reverse left near bank is clearer than the cropped background forms. Separate distant-ridge/panorama identity is uncertain; an open horizon or the same broad face outline alone does not establish C.,AI_PROPOSED_CONTACT_SCREEN,,,
143,44,19.885648778289042,window-0044-forward-00001,window-0044-reverse-00002,bank,both,both,uncertain,uncertain,low,Both views show near low banks and broad terrain; distant or cropped features do not yet establish a dominant wall. Separate distant-ridge/panorama identity is uncertain; an open horizon or the same broad face outline alone does not establish C.,AI_PROPOSED_CONTACT_SCREEN,,,
144,44,39.771297556578084,window-0044-forward-00002,window-0044-reverse-00001,bank,both,both,uncertain,uncertain,low,Low banks border both directions; forward hillside and sea opening contrast with cropped reverse terrain. Separate distant-ridge/panorama identity is uncertain; an open horizon or the same broad face outline alone does not establish C.,AI_PROPOSED_CONTACT_SCREEN,,,
145,44,59.65694633486712,window-0044-forward-00003,window-0044-reverse-00000,bank,right,left,uncertain,uncertain,low,A clear near right bank swaps to the left in reverse; broad basin terrain remains partly clipped. Separate distant-ridge/panorama identity is uncertain; an open horizon or the same broad face outline alone does not establish C.,AI_PROPOSED_CONTACT_SCREEN,,,
146,45,0.0,window-0045-forward-00000,window-0045-reverse-00002,bank,right,left,uncertain,uncertain,low,Near right slope and reverse left bank are readable; an open horizon and distant basin provide panoramic context. Separate distant-ridge/panorama identity is uncertain; an open horizon or the same broad face outline alone does not establish C.,AI_PROPOSED_CONTACT_SCREEN,,,
147,45,12.799260699070105,window-0045-forward-00001,window-0045-reverse-00001,bank,right,left,uncertain,uncertain,low,The same station pair shows near sloping forms and a long open outlook; larger reverse faces need closer inspection. Separate distant-ridge/panorama identity is uncertain; an open horizon or the same broad face outline alone does not establish C.,AI_PROPOSED_CONTACT_SCREEN,,,
148,45,25.59852139814021,window-0045-forward-00002,window-0045-reverse-00000,bank,right,left,uncertain,uncertain,low,Low right bank and reverse left bank remain near; broad terrain is visible without enough contact-sheet detail to confirm B. Separate distant-ridge/panorama identity is uncertain; an open horizon or the same broad face outline alone does not establish C.,AI_PROPOSED_CONTACT_SCREEN,,,
149,46,0.0,window-0046-forward-00000,window-0046-reverse-00001,wall,left,right,present,present,medium,Steep near bank is separate from a prominent forward cliff with readable large divisions; reverse shows a small distant ridge.,AI_PROPOSED_CONTACT_SCREEN,,,
150,46,5.000205382983909,window-0046-forward-00001,window-0046-reverse-00000,wall,left,right,present,present,medium,Near left face and forward large cliff remain clear; reverse opens to a ridge and horizon beyond a separate right bank.,AI_PROPOSED_CONTACT_SCREEN,,,
151,47,0.0,window-0047-forward-00000,window-0047-reverse-00001,bank,left,right,present,present,medium,Forward upper cliff band remains visibly articulated above the roadside bank; reverse contains an open panoramic ridge.,AI_PROPOSED_CONTACT_SCREEN,,,
152,47,7.521390318398691,window-0047-forward-00001,window-0047-reverse-00000,bank,left,right,uncertain,present,low,"Near banks are prominent; the upper forward cliff is clipped, leaving broad-face demand uncertain despite clear panorama in reverse.",AI_PROPOSED_CONTACT_SCREEN,,,
153,48,0.0,window-0048-forward-00000,window-0048-reverse-00001,bank,left,right,absent,present,medium,Readable low banks border the straight; the forward scene is mostly a sloping basin and reverse an open distant outlook.,AI_PROPOSED_CONTACT_SCREEN,,,
154,48,5.018287947010396,window-0048-forward-00001,window-0048-reverse-00000,bank,left,right,absent,present,medium,Low roadside banks and broad landscape context persist without a clearly dominant wall in the shown pair.,AI_PROPOSED_CONTACT_SCREEN,,,
155,49,0.0,window-0049-forward-00000,window-0049-reverse-00005,bank,both,right,uncertain,uncertain,low,"Banks frame a tight curve; the reverse right bank is near, while larger upper forms remain only partly shown. Separate distant-ridge/panorama identity is uncertain; an open horizon or the same broad face outline alone does not establish C.",AI_PROPOSED_CONTACT_SCREEN,,,
156,49,19.95120090109214,window-0049-forward-00001,window-0049-reverse-00004,bank,left,right,absent,present,medium,A gently turning road is bordered by low banks; broad upper slopes and skyline read as landscape context.,AI_PROPOSED_CONTACT_SCREEN,,,
157,49,39.90240180218428,window-0049-forward-00002,window-0049-reverse-00003,bank,left,right,uncertain,present,low,Left forward bank and reverse right bank remain near; a clipped upper cliff may be significant but needs an original view.,AI_PROPOSED_CONTACT_SCREEN,,,
158,49,59.85360270327642,window-0049-forward-00003,window-0049-reverse-00002,bank,both,right,uncertain,present,low,Low banks frame both sides of the forward bend; upper reverse vertical forms are clipped and uncertain.,AI_PROPOSED_CONTACT_SCREEN,,,
159,49,79.80480360436856,window-0049-forward-00004,window-0049-reverse-00001,bank,left,both,uncertain,uncertain,low,Forward left bank and two reverse banks remain readable; an upper cliff strip is not fully shown. Separate distant-ridge/panorama identity is uncertain; an open horizon or the same broad face outline alone does not establish C.,AI_PROPOSED_CONTACT_SCREEN,,,
160,49,99.7560045054607,window-0049-forward-00005,window-0049-reverse-00000,bank,left,right,uncertain,uncertain,low,Near left bank leads toward an open horizon; reverse cliff fragments at the top are too cropped for firm B. Separate distant-ridge/panorama identity is uncertain; an open horizon or the same broad face outline alone does not establish C.,AI_PROPOSED_CONTACT_SCREEN,,,
161,50,0.0,window-0050-forward-00000,window-0050-reverse-00003,bank,left,right,uncertain,uncertain,low,Low near banks persist at the next construction window; panorama is clear but broad upper faces remain clipped. Separate distant-ridge/panorama identity is uncertain; an open horizon or the same broad face outline alone does not establish C.,AI_PROPOSED_CONTACT_SCREEN,,,
162,50,16.04319769288104,window-0050-forward-00001,window-0050-reverse-00002,bank,left,right,uncertain,uncertain,low,The straight offers near side-plane detail and broad sea-facing context; the reverse upper cliff remains partial. Separate distant-ridge/panorama identity is uncertain; an open horizon or the same broad face outline alone does not establish C.,AI_PROPOSED_CONTACT_SCREEN,,,
163,50,32.08639538576208,window-0050-forward-00002,window-0050-reverse-00001,wall,left,right,uncertain,uncertain,low,The forward left face steepens; reverse hillside and clipped cliff do not establish a separate confirmed dominant surface. Separate distant-ridge/panorama identity is uncertain; an open horizon or the same broad face outline alone does not establish C.,AI_PROPOSED_CONTACT_SCREEN,,,
164,50,48.129593078643126,window-0050-forward-00003,window-0050-reverse-00000,wall,left,right,uncertain,uncertain,low,Readable steep near left face and reverse right bank persist with open skyline; upper broad-face quality remains uncertain. Separate distant-ridge/panorama identity is uncertain; an open horizon or the same broad face outline alone does not establish C.,AI_PROPOSED_CONTACT_SCREEN,,,
165,51,0.0,window-0051-forward-00000,window-0051-reverse-00002,bank,left,right,uncertain,present,low,A lower near bank frames the turn; a distant forward ridge and partial reverse cliff both require separate surface correspondence.,AI_PROPOSED_CONTACT_SCREEN,,,
166,51,18.627504656106666,window-0051-forward-00001,window-0051-reverse-00001,bank,left,right,present,present,medium,Original reverse PNG confirms a long articulated cliff with repeated vertical divisions above broad sloping terrain and a raised right roadside bank. The separate low forward ridge remains a contact-sheet panorama observation.,AI_PROPOSED_CONTACT_SCREEN,,,
167,51,37.25500931221333,window-0051-forward-00002,window-0051-reverse-00000,bank,left,right,present,present,medium,Reverse cliff band remains prominent on the right while sea and distant landforms open to the left; near banks are separate.,AI_PROPOSED_CONTACT_SCREEN,,,
168,52,0.0,window-0052-forward-00000,window-0052-reverse-00001,wall,left,right,absent,present,medium,Near forward left and reverse right faces are steep; beyond them the scene is open low terrain and horizon rather than a dominant wall.,AI_PROPOSED_CONTACT_SCREEN,,,
169,52,2.006272206774,window-0052-forward-00001,window-0052-reverse-00000,wall,left,right,absent,present,medium,Tall close side face stays readable; distant low ridge and sea outlook do not establish a dominant broad wall.,AI_PROPOSED_CONTACT_SCREEN,,,
170,53,0.0,window-0053-forward-00000,window-0053-reverse-00006,bank,left,right,uncertain,present,low,Banks lower near the bend; a small upper reverse cliff strip may matter but is not clearly dominant at this scale.,AI_PROPOSED_CONTACT_SCREEN,,,
171,53,16.69848208528831,window-0053-forward-00001,window-0053-reverse-00005,bank,left,right,uncertain,present,low,"Sloping near banks frame the road; reverse ridge and limited cliff strip remain panoramic, with B uncertain.",AI_PROPOSED_CONTACT_SCREEN,,,
172,53,33.39696417057662,window-0053-forward-00002,window-0053-reverse-00004,bank,left,right,present,uncertain,low,"Reverse shows a longer articulated cliff band beyond the near bank, with open skyline separating large forms. Separate distant-ridge/panorama identity is uncertain; an open horizon or the same broad face outline alone does not establish C.",AI_PROPOSED_CONTACT_SCREEN,,,
173,53,50.09544625586492,window-0053-forward-00003,window-0053-reverse-00003,bank,left,right,present,uncertain,low,The reverse cliff becomes a broad readable face with ledges; forward near-bank detail remains a separate need. Separate distant-ridge/panorama identity is uncertain; an open horizon or the same broad face outline alone does not establish C.,AI_PROPOSED_CONTACT_SCREEN,,,
174,53,66.79392834115323,window-0053-forward-00004,window-0053-reverse-00002,bank,left,right,present,uncertain,low,Visible reverse cliff divisions and shelving justify broad-face attention while the foreground banks need local contact detail. Separate distant-ridge/panorama identity is uncertain; an open horizon or the same broad face outline alone does not establish C.,AI_PROPOSED_CONTACT_SCREEN,,,
175,53,83.49241042644154,window-0053-forward-00005,window-0053-reverse-00001,bank,left,right,present,present,medium,Long reverse cliff remains clear beyond the roadside forms; open upper outline also contributes to the panorama.,AI_PROPOSED_CONTACT_SCREEN,,,
176,53,100.19089251172984,window-0053-forward-00006,window-0053-reverse-00000,bank,left,right,present,present,medium,The bend keeps near bank shapes readable; reverse opposite cliff has distinct broad forms and skyline.,AI_PROPOSED_CONTACT_SCREEN,,,
177,54,0.0,window-0054-forward-00000,window-0054-reverse-00003,bank,left,right,present,present,medium,At the new window the same view pattern persists: near bank forms and a separate broad reverse cliff.,AI_PROPOSED_CONTACT_SCREEN,,,
178,54,18.957134898572505,window-0054-forward-00001,window-0054-reverse-00002,bank,right,right,present,present,medium,A tight forward bend exposes its outer bank; reverse opens to a broad cliff and distant horizon with a separate near right bank.,AI_PROPOSED_CONTACT_SCREEN,,,
179,54,37.91426979714501,window-0054-forward-00002,window-0054-reverse-00001,wall,right,left,uncertain,uncertain,low,Near right wall and reverse left face dominate contact detail; the distant cliff is less fully visible around the turn. Separate distant-ridge/panorama identity is uncertain; an open horizon or the same broad face outline alone does not establish C.,AI_PROPOSED_CONTACT_SCREEN,,,
180,54,56.871404695717516,window-0054-forward-00003,window-0054-reverse-00000,wall,right,left,present,uncertain,low,Tall near right wall and reverse left face accompany a broad forward cliff band across the view. Separate distant-ridge/panorama identity is uncertain; an open horizon or the same broad face outline alone does not establish C.,AI_PROPOSED_CONTACT_SCREEN,,,
181,55,0.0,window-0055-forward-00000,window-0055-reverse-00004,bank,right,left,present,uncertain,low,Sloping roadside bank changes sides between views; the forward cliff band retains readable major divisions. Separate distant-ridge/panorama identity is uncertain; an open horizon or the same broad face outline alone does not establish C.,AI_PROPOSED_CONTACT_SCREEN,,,
182,55,16.77283002268133,window-0055-forward-00001,window-0055-reverse-00003,bank,right,left,present,uncertain,low,Near bank contact and planes remain readable; forward articulated cliff and reverse distant ridge provide separate larger forms. Separate distant-ridge/panorama identity is uncertain; an open horizon or the same broad face outline alone does not establish C.,AI_PROPOSED_CONTACT_SCREEN,,,
183,55,33.54566004536266,window-0055-forward-00002,window-0055-reverse-00002,bank,right,left,present,uncertain,low,Broad near-bank slope remains close while a long forward cliff supplies readable shelves and skyline. Separate distant-ridge/panorama identity is uncertain; an open horizon or the same broad face outline alone does not establish C.,AI_PROPOSED_CONTACT_SCREEN,,,
184,55,50.318490068043985,window-0055-forward-00003,window-0055-reverse-00001,bank,right,left,present,uncertain,low,The close bank and road-side contact are clear; a distinct forward cliff face remains compositionally substantial. Separate distant-ridge/panorama identity is uncertain; an open horizon or the same broad face outline alone does not establish C.,AI_PROPOSED_CONTACT_SCREEN,,,
185,55,67.09132009072532,window-0055-forward-00004,window-0055-reverse-00000,bank,right,left,present,uncertain,low,"Near slope forms persist through the bend, with an independently visible long cliff in the forward direction. Separate distant-ridge/panorama identity is uncertain; an open horizon or the same broad face outline alone does not establish C.",AI_PROPOSED_CONTACT_SCREEN,,,
186,56,0.0,window-0056-forward-00000,window-0056-reverse-00005,bank,right,left,present,uncertain,low,The road approaches a bend between a near bank and a large forward cliff band; reverse bank contact remains important. Separate distant-ridge/panorama identity is uncertain; an open horizon or the same broad face outline alone does not establish C.,AI_PROPOSED_CONTACT_SCREEN,,,
187,56,19.796394119745788,window-0056-forward-00001,window-0056-reverse-00004,bank,right,left,present,uncertain,low,Forward cliff divisions are readable above the outer outlook; nearby right bank is a separate local-detail region. Separate distant-ridge/panorama identity is uncertain; an open horizon or the same broad face outline alone does not establish C.,AI_PROPOSED_CONTACT_SCREEN,,,
188,56,39.592788239491576,window-0056-forward-00002,window-0056-reverse-00003,bank,right,left,present,present,medium,The turn opens a broad forward cliff and hillside; near banks still carry local edge and base-contact detail.,AI_PROPOSED_CONTACT_SCREEN,,,
189,56,59.38918235923736,window-0056-forward-00003,window-0056-reverse-00002,bank,left,left,absent,present,medium,Forward outer bank spans a tight turn; reverse gives an open horizon and small ridge rather than a dominant cliff face.,AI_PROPOSED_CONTACT_SCREEN,,,
190,56,79.18557647898315,window-0056-forward-00004,window-0056-reverse-00001,wall,left,right,present,present,medium,Steeper near left face switches to the right in reverse; reverse also exposes a broad articulated cliff beyond it.,AI_PROPOSED_CONTACT_SCREEN,,,
191,56,98.98197059872894,window-0056-forward-00005,window-0056-reverse-00000,wall,left,right,present,present,medium,"Near steep face remains prominent, with the reverse long cliff and skyline clearly separate from the roadside bank.",AI_PROPOSED_CONTACT_SCREEN,,,
192,57,0.0,window-0057-forward-00000,window-0057-reverse-00001,wall,left,right,present,present,medium,Steep near face is paired with a broad reverse cliff whose large divisions are readable beyond the bank.,AI_PROPOSED_CONTACT_SCREEN,,,
193,57,2.5092359701594895,window-0057-forward-00001,window-0057-reverse-00000,wall,left,right,present,present,medium,The near wall and separate reverse cliff remain visible at the adjacent station; skyline remains open.,AI_PROPOSED_CONTACT_SCREEN,,,
194,58,0.0,window-0058-forward-00000,window-0058-reverse-00001,wall,left,right,present,present,medium,Forward near left face contrasts with reverse distant broad cliff and lower road branch; retain distinct surface demands.,AI_PROPOSED_CONTACT_SCREEN,,,
195,58,6.018776515957896,window-0058-forward-00001,window-0058-reverse-00000,wall,left,right,present,present,medium,Near face planes and reverse cliff shelves remain clear; the nearby extra road does not establish surface identity.,AI_PROPOSED_CONTACT_SCREEN,,,
196,59,0.0,window-0059-forward-00000,window-0059-reverse-00003,wall,left,right,present,present,medium,"Original reverse PNG confirms the steep right roadside face, the long articulated cliff across the upper view and an additional lower road level. The distinct low forward ridge remains a contact-sheet panorama observation.",AI_PROPOSED_CONTACT_SCREEN,,,
197,59,14.044462736693283,window-0059-forward-00001,window-0059-reverse-00002,wall,left,right,present,present,medium,Near wall contact remains readable; reverse broad cliff divisions and upper outline stay visible above another road.,AI_PROPOSED_CONTACT_SCREEN,,,
198,59,28.088925473386567,window-0059-forward-00002,window-0059-reverse-00001,wall,left,right,present,present,medium,Dark road areas obscure pavement appearance but not the near wall and separate reverse cliff forms; no defect cause inferred.,AI_PROPOSED_CONTACT_SCREEN,,,
199,59,42.13338821007985,window-0059-forward-00003,window-0059-reverse-00000,wall,left,right,present,present,medium,"Tall near face and reverse broad cliff persist into the bend, with separate panoramic outline and intermediate forms.",AI_PROPOSED_CONTACT_SCREEN,,,
200,60,0.0,window-0060-forward-00000,window-0060-reverse-00004,bank,left,right,present,present,medium,Near banks are lower here; the forward large cliff has readable broad faces while reverse shows a small distant ridge.,AI_PROPOSED_CONTACT_SCREEN,,,
201,60,16.759879897240975,window-0060-forward-00001,window-0060-reverse-00003,bank,left,right,present,present,medium,Low near bank contact contrasts with prominent forward cliff divisions and a separate reverse ridge against horizon.,AI_PROPOSED_CONTACT_SCREEN,,,
202,60,33.51975979448195,window-0060-forward-00002,window-0060-reverse-00002,bank,left,right,present,present,medium,Forward cliff remains sufficiently large and articulated for broad-face attention; reverse distant ridge is panorama context.,AI_PROPOSED_CONTACT_SCREEN,,,
203,60,50.27963969172292,window-0060-forward-00003,window-0060-reverse-00001,bank,left,right,uncertain,present,low,Near banks remain clear; the forward larger cliff is increasingly cropped while reverse panorama stays open.,AI_PROPOSED_CONTACT_SCREEN,,,
204,60,67.0395195889639,window-0060-forward-00004,window-0060-reverse-00000,wall,left,right,uncertain,present,low,"Original forward PNG resolves the left roadside form as a steep cut face, not merely a low bank; upper cliff is partly clipped, so dominant broad-face demand remains uncertain. The open reverse ridge remains a contact-sheet panorama observation.",AI_PROPOSED_CONTACT_SCREEN,,,
205,61,0.0,window-0061-forward-00000,window-0061-reverse-00001,bank,left,right,present,present,medium,Near left bank turns toward a reverse scene with a long readable cliff band and separate road levels.,AI_PROPOSED_CONTACT_SCREEN,,,
206,61,3.49569394782859,window-0061-forward-00001,window-0061-reverse-00000,bank,left,right,present,present,medium,Same near-bank and reverse broad-cliff pattern remains visible at the next short station.,AI_PROPOSED_CONTACT_SCREEN,,,
207,62,0.0,window-0062-forward-00000,window-0062-reverse-00003,wall,left,right,present,uncertain,low,Tall outer bank spans the forward bend; reverse shows both a near right wall and broad distant cliff divisions. Separate distant-ridge/panorama identity is uncertain; an open horizon or the same broad face outline alone does not establish C.,AI_PROPOSED_CONTACT_SCREEN,,,
208,62,16.10956661453577,window-0062-forward-00001,window-0062-reverse-00002,wall,left,right,present,uncertain,low,Near wall fills much of the forward curve while reverse retains an articulated cliff beyond its close bank. Separate distant-ridge/panorama identity is uncertain; an open horizon or the same broad face outline alone does not establish C.,AI_PROPOSED_CONTACT_SCREEN,,,
209,62,32.21913322907154,window-0062-forward-00002,window-0062-reverse-00001,wall,left,right,uncertain,uncertain,low,"A near left face dominates forward; reverse upper terrain is partially cropped, leaving dominant broad-face evidence uncertain. Separate distant-ridge/panorama identity is uncertain; an open horizon or the same broad face outline alone does not establish C.",AI_PROPOSED_CONTACT_SCREEN,,,
210,62,48.32869984360731,window-0062-forward-00003,window-0062-reverse-00000,wall,left,right,absent,absent,medium,Near side wall and reverse bank remain readable; the shown background is mostly low slope and open horizon. No distinct distant landform panorama is established in this pair; sea alone is not counted.,AI_PROPOSED_CONTACT_SCREEN,,,
211,63,0.0,window-0063-forward-00000,window-0063-reverse-00001,wall,left,right,uncertain,present,low,Near left wall and reverse bank flank an open outlook; a thin upper cliff band needs original-frame assessment.,AI_PROPOSED_CONTACT_SCREEN,,,
212,63,0.9954225953047601,window-0063-forward-00001,window-0063-reverse-00000,wall,left,right,uncertain,present,low,Readable near wall continues; reverse large slope and distant ridge do not establish broad-face dominance at contact-sheet scale.,AI_PROPOSED_CONTACT_SCREEN,,,
213,64,0.0,window-0064-forward-00000,window-0064-reverse-00001,wall,left,right,present,present,medium,Near face persists and the reverse cliff band becomes clearly articulated across the background.,AI_PROPOSED_CONTACT_SCREEN,,,
214,64,17.54824313344447,window-0064-forward-00001,window-0064-reverse-00000,wall,left,right,present,present,medium,Both directions retain close-bank detail while the reverse large cliff divisions remain visible independently.,AI_PROPOSED_CONTACT_SCREEN,,,
215,65,0.0,window-0065-forward-00000,window-0065-reverse-00001,bank,left,right,present,present,medium,Lower bank frames the forward turn; reverse broad cliff and skyline remain readable beyond the near right bank.,AI_PROPOSED_CONTACT_SCREEN,,,
216,65,17.947030527694285,window-0065-forward-00001,window-0065-reverse-00000,wall,left,right,absent,present,medium,A roadside cut has readable planes and its road contact; opposite view opens onto small ridge outlines and sea-facing terrain.,AI_PROPOSED_CONTACT_SCREEN,,,
217,66,0.0,window-0066-forward-00000,window-0066-reverse-00001,wall,left,right,absent,present,medium,A roadside cut has readable planes and its road contact; opposite view opens onto small ridge outlines and sea-facing terrain.,AI_PROPOSED_CONTACT_SCREEN,,,
218,66,4.514611922230764,window-0066-forward-00001,window-0066-reverse-00000,wall,left,right,absent,present,medium,A roadside cut has readable planes and its road contact; opposite view opens onto small ridge outlines and sea-facing terrain.,AI_PROPOSED_CONTACT_SCREEN,,,
219,67,0.0,window-0067-forward-00000,window-0067-reverse-00004,bank,both,both,absent,present,medium,"Low cuts and shoulders flank the road; preserve bank rollovers and ground contact, with broad terrain and low skyline beyond.",AI_PROPOSED_CONTACT_SCREEN,,,
220,67,19.67381499928448,window-0067-forward-00001,window-0067-reverse-00003,bank,both,both,absent,present,medium,"Low cuts and shoulders flank the road; preserve bank rollovers and ground contact, with broad terrain and low skyline beyond.",AI_PROPOSED_CONTACT_SCREEN,,,
221,67,39.34762999856896,window-0067-forward-00002,window-0067-reverse-00002,bank,both,both,absent,present,medium,"Low cuts and shoulders flank the road; preserve bank rollovers and ground contact, with broad terrain and low skyline beyond.",AI_PROPOSED_CONTACT_SCREEN,,,
222,67,59.02144499785344,window-0067-forward-00003,window-0067-reverse-00001,bank,both,both,absent,present,medium,"Low cuts and shoulders flank the road; preserve bank rollovers and ground contact, with broad terrain and low skyline beyond.",AI_PROPOSED_CONTACT_SCREEN,,,
223,67,78.69525999713792,window-0067-forward-00004,window-0067-reverse-00000,wall,both,both,absent,present,medium,A curved roadside bank/cut has readable corner and lip transitions; the pair also exposes upper ground or a valley skyline.,AI_PROPOSED_CONTACT_SCREEN,,,
224,68,0.0,window-0068-forward-00000,window-0068-reverse-00003,bank,both,both,absent,present,medium,A curved roadside bank/cut has readable corner and lip transitions; the pair also exposes upper ground or a valley skyline.,AI_PROPOSED_CONTACT_SCREEN,,,
225,68,14.296267508247448,window-0068-forward-00001,window-0068-reverse-00002,bank,both,both,absent,uncertain,low,A curved roadside bank/cut has readable corner and lip transitions. Possible separate terrain crest is too ambiguous at contact-sheet resolution to establish C independently of the dominant/near face.,AI_PROPOSED_CONTACT_SCREEN,,,
226,68,28.592535016494896,window-0068-forward-00002,window-0068-reverse-00001,bank,both,both,absent,uncertain,low,A curved roadside bank/cut has readable corner and lip transitions. Possible separate terrain crest is too ambiguous at contact-sheet resolution to establish C independently of the dominant/near face.,AI_PROPOSED_CONTACT_SCREEN,,,
227,68,42.888802524742346,window-0068-forward-00003,window-0068-reverse-00000,wall,left,both,absent,uncertain,low,A curved roadside bank/cut has readable corner and lip transitions. Possible separate terrain crest is too ambiguous at contact-sheet resolution to establish C independently of the dominant/near face.,AI_PROPOSED_CONTACT_SCREEN,,,
228,69,0.0,window-0069-forward-00000,window-0069-reverse-00001,wall,left,both,absent,uncertain,low,A curved roadside bank/cut has readable corner and lip transitions. Possible separate terrain crest is too ambiguous at contact-sheet resolution to establish C independently of the dominant/near face.,AI_PROPOSED_CONTACT_SCREEN,,,
229,69,8.007245404481887,window-0069-forward-00001,window-0069-reverse-00000,wall,left,both,absent,uncertain,low,A curved roadside bank/cut has readable corner and lip transitions. Possible separate terrain crest is too ambiguous at contact-sheet resolution to establish C independently of the dominant/near face.,AI_PROPOSED_CONTACT_SCREEN,,,
230,70,0.0,window-0070-forward-00000,window-0070-reverse-00002,wall,left,right,present,present,medium,Near cut contact is readable and a broader upper rocky face with ledges occupies a substantial part of one view; the opposite view includes open ridge context.,AI_PROPOSED_CONTACT_SCREEN,,,
231,70,19.5361811525329,window-0070-forward-00001,window-0070-reverse-00001,wall,left,right,present,present,medium,Near cut contact is readable and a broader upper rocky face with ledges occupies a substantial part of one view; the opposite view includes open ridge context.,AI_PROPOSED_CONTACT_SCREEN,,,
232,70,39.0723623050658,window-0070-forward-00002,window-0070-reverse-00000,wall,left,right,present,present,medium,Near cut contact is readable and a broader upper rocky face with ledges occupies a substantial part of one view; the opposite view includes open ridge context.,AI_PROPOSED_CONTACT_SCREEN,,,
233,71,0.0,window-0071-forward-00000,window-0071-reverse-00003,wall,left,right,uncertain,present,low,"Near cut edges are readable; the broader hillside and crest are visible, but contact resolution does not clearly establish a dominant readable cliff face.",AI_PROPOSED_CONTACT_SCREEN,,,
234,71,14.199530671953752,window-0071-forward-00001,window-0071-reverse-00002,wall,left,right,uncertain,present,low,"Near cut edges are readable; the broader hillside and crest are visible, but contact resolution does not clearly establish a dominant readable cliff face.",AI_PROPOSED_CONTACT_SCREEN,,,
235,71,28.399061343907505,window-0071-forward-00002,window-0071-reverse-00001,wall,left,right,uncertain,present,low,"Near cut edges are readable; the broader hillside and crest are visible, but contact resolution does not clearly establish a dominant readable cliff face.",AI_PROPOSED_CONTACT_SCREEN,,,
236,71,42.59859201586126,window-0071-forward-00003,window-0071-reverse-00000,wall,left,right,uncertain,present,low,"Near cut edges are readable; the broader hillside and crest are visible, but contact resolution does not clearly establish a dominant readable cliff face.",AI_PROPOSED_CONTACT_SCREEN,,,
237,72,0.0,window-0072-forward-00000,window-0072-reverse-00001,wall,left,right,uncertain,present,low,"Near cut edges are readable; the broader hillside and crest are visible, but contact resolution does not clearly establish a dominant readable cliff face.",AI_PROPOSED_CONTACT_SCREEN,,,
238,72,1.501348316170724,window-0072-forward-00001,window-0072-reverse-00000,wall,left,right,uncertain,present,low,"Near cut edges are readable; the broader hillside and crest are visible, but contact resolution does not clearly establish a dominant readable cliff face.",AI_PROPOSED_CONTACT_SCREEN,,,
239,73,0.0,window-0073-forward-00000,window-0073-reverse-00001,wall,left,right,uncertain,present,low,"Near cut edges are readable; the broader hillside and crest are visible, but contact resolution does not clearly establish a dominant readable cliff face.",AI_PROPOSED_CONTACT_SCREEN,,,
240,73,10.525139418884903,window-0073-forward-00001,window-0073-reverse-00000,wall,left,right,uncertain,present,low,"Near cut edges are readable; the broader hillside and crest are visible, but contact resolution does not clearly establish a dominant readable cliff face.",AI_PROPOSED_CONTACT_SCREEN,,,
241,74,0.0,window-0074-forward-00000,window-0074-reverse-00001,wall,left,right,uncertain,present,low,"Near cut edges are readable; the broader hillside and crest are visible, but contact resolution does not clearly establish a dominant readable cliff face.",AI_PROPOSED_CONTACT_SCREEN,,,
242,74,13.507865733311261,window-0074-forward-00001,window-0074-reverse-00000,wall,left,right,uncertain,present,low,"Near cut edges are readable; the broader hillside and crest are visible, but contact resolution does not clearly establish a dominant readable cliff face.",AI_PROPOSED_CONTACT_SCREEN,,,
243,75,0.0,window-0075-forward-00000,window-0075-reverse-00001,wall,both,right,absent,present,medium,A roadside cut has readable planes and its road contact; opposite view opens onto small ridge outlines and sea-facing terrain.,AI_PROPOSED_CONTACT_SCREEN,,,
244,75,7.015279324676928,window-0075-forward-00001,window-0075-reverse-00000,wall,both,right,absent,present,medium,A roadside cut has readable planes and its road contact; opposite view opens onto small ridge outlines and sea-facing terrain.,AI_PROPOSED_CONTACT_SCREEN,,,
245,76,0.0,window-0076-forward-00000,window-0076-reverse-00001,wall,left,right,absent,present,medium,A roadside cut has readable planes and its road contact; opposite view opens onto small ridge outlines and sea-facing terrain.,AI_PROPOSED_CONTACT_SCREEN,,,
246,76,18.51108189403071,window-0076-forward-00001,window-0076-reverse-00000,wall,left,right,absent,present,medium,A roadside cut has readable planes and its road contact; opposite view opens onto small ridge outlines and sea-facing terrain.,AI_PROPOSED_CONTACT_SCREEN,,,
247,77,0.0,window-0077-forward-00000,window-0077-reverse-00002,wall,left,right,absent,present,medium,A roadside cut has readable planes and its road contact; opposite view opens onto small ridge outlines and sea-facing terrain.,AI_PROPOSED_CONTACT_SCREEN,,,
248,77,12.681985732170666,window-0077-forward-00001,window-0077-reverse-00001,wall,both,right,absent,present,medium,Road passes through cuts with readable near sidewalls or bank lips; another direction exposes ridge outlines beyond the cuts.,AI_PROPOSED_CONTACT_SCREEN,,,
249,77,25.363971464341333,window-0077-forward-00002,window-0077-reverse-00000,wall,both,right,absent,uncertain,low,Road passes through cuts with readable near sidewalls or bank lips. Possible separate terrain crest is too ambiguous at contact-sheet resolution to establish C independently of the dominant/near face.,AI_PROPOSED_CONTACT_SCREEN,,,
250,78,0.0,window-0078-forward-00000,window-0078-reverse-00004,wall,right,both,absent,uncertain,low,Road passes through cuts with readable near sidewalls or bank lips. Possible separate terrain crest is too ambiguous at contact-sheet resolution to establish C independently of the dominant/near face.,AI_PROPOSED_CONTACT_SCREEN,,,
251,78,17.200766711950592,window-0078-forward-00001,window-0078-reverse-00003,wall,right,both,absent,uncertain,low,Road passes through cuts with readable near sidewalls or bank lips. Possible separate terrain crest is too ambiguous at contact-sheet resolution to establish C independently of the dominant/near face.,AI_PROPOSED_CONTACT_SCREEN,,,
252,78,34.401533423901185,window-0078-forward-00002,window-0078-reverse-00002,wall,right,both,absent,present,medium,Road passes through cuts with readable near sidewalls or bank lips; another direction exposes ridge outlines beyond the cuts.,AI_PROPOSED_CONTACT_SCREEN,,,
253,78,51.60230013585178,window-0078-forward-00003,window-0078-reverse-00001,wall,right,both,absent,present,medium,Road passes through cuts with readable near sidewalls or bank lips; another direction exposes ridge outlines beyond the cuts.,AI_PROPOSED_CONTACT_SCREEN,,,
254,78,68.80306684780237,window-0078-forward-00004,window-0078-reverse-00000,wall,right,left,absent,present,medium,A roadside cut has readable planes and its road contact; opposite view opens onto small ridge outlines and sea-facing terrain.,AI_PROPOSED_CONTACT_SCREEN,,,
255,79,0.0,window-0079-forward-00000,window-0079-reverse-00001,wall,left,right,present,present,medium,Near cut contact is readable and a broader upper rocky face with ledges occupies a substantial part of one view; the opposite view includes open ridge context.,AI_PROPOSED_CONTACT_SCREEN,,,
256,79,3.5123148983298496,window-0079-forward-00001,window-0079-reverse-00000,wall,left,right,present,present,medium,Near cut contact is readable and a broader upper rocky face with ledges occupies a substantial part of one view; the opposite view includes open ridge context.,AI_PROPOSED_CONTACT_SCREEN,,,
257,80,0.0,window-0080-forward-00000,window-0080-reverse-00001,wall,left,right,present,present,medium,Near cut contact is readable and a broader upper rocky face with ledges occupies a substantial part of one view; the opposite view includes open ridge context.,AI_PROPOSED_CONTACT_SCREEN,,,
258,80,14.043755011587294,window-0080-forward-00001,window-0080-reverse-00000,wall,left,right,present,present,medium,Near cut contact is readable and a broader upper rocky face with ledges occupies a substantial part of one view; the opposite view includes open ridge context.,AI_PROPOSED_CONTACT_SCREEN,,,
259,81,0.0,window-0081-forward-00000,window-0081-reverse-00016,wall,both,both,present,uncertain,low,"Tight bend and stacked road approaches expose tall near walls, larger connected face planes and road-to-wall contacts. Possible separate terrain crest is too ambiguous at contact-sheet resolution to establish C independently of the dominant/near face.",AI_PROPOSED_CONTACT_SCREEN,,,
260,81,19.233173558240427,window-0081-forward-00001,window-0081-reverse-00015,wall,right,both,present,uncertain,low,"Tight bend and stacked road approaches expose tall near walls, larger connected face planes and road-to-wall contacts. Possible separate terrain crest is too ambiguous at contact-sheet resolution to establish C independently of the dominant/near face.",AI_PROPOSED_CONTACT_SCREEN,,,
261,81,38.466347116480854,window-0081-forward-00002,window-0081-reverse-00014,wall,left,both,present,uncertain,low,"Tight bend and stacked road approaches expose tall near walls, larger connected face planes and road-to-wall contacts. Possible separate terrain crest is too ambiguous at contact-sheet resolution to establish C independently of the dominant/near face.",AI_PROPOSED_CONTACT_SCREEN,,,
262,81,57.699520674721285,window-0081-forward-00003,window-0081-reverse-00013,wall,left,both,present,uncertain,low,"Tight bend and stacked road approaches expose tall near walls, larger connected face planes and road-to-wall contacts. Possible separate terrain crest is too ambiguous at contact-sheet resolution to establish C independently of the dominant/near face.",AI_PROPOSED_CONTACT_SCREEN,,,
263,81,76.93269423296171,window-0081-forward-00004,window-0081-reverse-00012,wall,left,both,present,uncertain,low,"Tight bend and stacked road approaches expose tall near walls, larger connected face planes and road-to-wall contacts. Possible separate terrain crest is too ambiguous at contact-sheet resolution to establish C independently of the dominant/near face.",AI_PROPOSED_CONTACT_SCREEN,,,
264,81,96.16586779120213,window-0081-forward-00005,window-0081-reverse-00011,wall,left,right,present,uncertain,low,"Tight bend and stacked road approaches expose tall near walls, larger connected face planes and road-to-wall contacts. Possible separate terrain crest is too ambiguous at contact-sheet resolution to establish C independently of the dominant/near face.",AI_PROPOSED_CONTACT_SCREEN,,,
265,81,115.39904134944257,window-0081-forward-00006,window-0081-reverse-00010,wall,left,right,present,uncertain,low,"Tight bend and stacked road approaches expose tall near walls, larger connected face planes and road-to-wall contacts. Possible separate terrain crest is too ambiguous at contact-sheet resolution to establish C independently of the dominant/near face.",AI_PROPOSED_CONTACT_SCREEN,,,
266,81,134.632214907683,window-0081-forward-00007,window-0081-reverse-00009,wall,left,right,present,uncertain,low,"Tight bend and stacked road approaches expose tall near walls, larger connected face planes and road-to-wall contacts. Possible separate terrain crest is too ambiguous at contact-sheet resolution to establish C independently of the dominant/near face.",AI_PROPOSED_CONTACT_SCREEN,,,
267,81,153.86538846592342,window-0081-forward-00008,window-0081-reverse-00008,wall,both,right,present,absent,low,"Tight bend and stacked road approaches expose tall near walls, larger connected face planes and road-to-wall contacts. No distinct distant terrain panorama is established; any outline of the dominant face remains a B silhouette requirement.",AI_PROPOSED_CONTACT_SCREEN,,,
268,81,173.09856202416384,window-0081-forward-00009,window-0081-reverse-00007,wall,right,left,present,uncertain,low,"Tight bend and stacked road approaches expose tall near walls, larger connected face planes and road-to-wall contacts. Possible separate terrain crest is too ambiguous at contact-sheet resolution to establish C independently of the dominant/near face.",AI_PROPOSED_CONTACT_SCREEN,,,
269,81,192.33173558240426,window-0081-forward-00010,window-0081-reverse-00006,wall,right,left,present,uncertain,low,"Tight bend and stacked road approaches expose tall near walls, larger connected face planes and road-to-wall contacts. Possible separate terrain crest is too ambiguous at contact-sheet resolution to establish C independently of the dominant/near face.",AI_PROPOSED_CONTACT_SCREEN,,,
270,81,211.5649091406447,window-0081-forward-00011,window-0081-reverse-00005,wall,right,both,present,absent,medium,Close sidewalls and larger vertical rock planes dominate the enclosed view. No distinct distant terrain panorama is established; any outline of the dominant face remains a B silhouette requirement.,AI_PROPOSED_CONTACT_SCREEN,,,
271,81,230.79808269888514,window-0081-forward-00012,window-0081-reverse-00004,wall,both,both,present,uncertain,low,"Tight bend and stacked road approaches expose tall near walls, larger connected face planes and road-to-wall contacts. Possible separate terrain crest is too ambiguous at contact-sheet resolution to establish C independently of the dominant/near face.",AI_PROPOSED_CONTACT_SCREEN,,,
272,81,250.03125625712556,window-0081-forward-00013,window-0081-reverse-00003,wall,right,left,present,uncertain,low,"Tight bend and stacked road approaches expose tall near walls, larger connected face planes and road-to-wall contacts. Possible separate terrain crest is too ambiguous at contact-sheet resolution to establish C independently of the dominant/near face.",AI_PROPOSED_CONTACT_SCREEN,,,
273,81,269.264429815366,window-0081-forward-00014,window-0081-reverse-00002,wall,right,both,present,absent,medium,Close sidewalls and larger vertical rock planes dominate the enclosed view. No distinct distant terrain panorama is established; any outline of the dominant face remains a B silhouette requirement.,AI_PROPOSED_CONTACT_SCREEN,,,
274,81,288.4976033736064,window-0081-forward-00015,window-0081-reverse-00001,wall,right,both,present,absent,medium,Close sidewalls and larger vertical rock planes dominate the enclosed view. No distinct distant terrain panorama is established; any outline of the dominant face remains a B silhouette requirement.,AI_PROPOSED_CONTACT_SCREEN,,,
275,81,307.73077693184683,window-0081-forward-00016,window-0081-reverse-00000,wall,right,both,present,absent,medium,Close sidewalls and larger vertical rock planes dominate the enclosed view. No distinct distant terrain panorama is established; any outline of the dominant face remains a B silhouette requirement.,AI_PROPOSED_CONTACT_SCREEN,,,
276,82,0.0,window-0082-forward-00000,window-0082-reverse-00005,wall,none,both,present,absent,medium,Original PNG confirms a dominant rocky massif with major face planes and its own protected silhouette. Forward roadside parapets are architecture rather than raised Landscape banks; reverse cut evidence supports near wall treatment. No separate distant C panorama is established.,AI_PROPOSED_CONTACT_SCREEN,,,
277,82,19.971871098370716,window-0082-forward-00001,window-0082-reverse-00004,bank,none,right,present,absent,medium,A distinct rocky massif/peak has readable major face planes and silhouette. No distinct distant terrain panorama is established; any outline of the dominant face remains a B silhouette requirement.,AI_PROPOSED_CONTACT_SCREEN,,,
278,82,39.94374219674143,window-0082-forward-00002,window-0082-reverse-00003,bank,none,right,present,absent,medium,A distinct rocky massif/peak has readable major face planes and silhouette. No distinct distant terrain panorama is established; any outline of the dominant face remains a B silhouette requirement.,AI_PROPOSED_CONTACT_SCREEN,,,
279,82,59.915613295112145,window-0082-forward-00003,window-0082-reverse-00002,bank,none,right,present,uncertain,low,A distinct rocky massif/peak has readable major face planes and silhouette. Possible separate terrain crest is too ambiguous at contact-sheet resolution to establish C independently of the dominant/near face.,AI_PROPOSED_CONTACT_SCREEN,,,
280,82,79.88748439348286,window-0082-forward-00004,window-0082-reverse-00001,ground,none,none,present,uncertain,low,A distinct rocky massif/peak has readable major face planes and silhouette. Possible separate terrain crest is too ambiguous at contact-sheet resolution to establish C independently of the dominant/near face.,AI_PROPOSED_CONTACT_SCREEN,,,
281,82,99.85935549185358,window-0082-forward-00005,window-0082-reverse-00000,ground,none,none,present,absent,medium,A distinct rocky massif/peak has readable major face planes and silhouette. No distinct distant terrain panorama is established; any outline of the dominant face remains a B silhouette requirement.,AI_PROPOSED_CONTACT_SCREEN,,,
282,83,0.0,window-0083-forward-00000,window-0083-reverse-00005,ground,none,none,present,absent,medium,A distinct rocky massif/peak has readable major face planes and silhouette. No distinct distant terrain panorama is established; any outline of the dominant face remains a B silhouette requirement.,AI_PROPOSED_CONTACT_SCREEN,,,
283,83,19.98827599827228,window-0083-forward-00001,window-0083-reverse-00004,ground,none,none,absent,present,medium,Low shoulder/ground surrounds the bend and open terrain silhouettes are visible; no broad dominant cliff face is established in this pair.,AI_PROPOSED_CONTACT_SCREEN,,,
284,83,39.97655199654456,window-0083-forward-00002,window-0083-reverse-00003,bank,left,none,present,absent,medium,A distinct rocky massif/peak has readable major face planes and silhouette. No distinct distant terrain panorama is established; any outline of the dominant face remains a B silhouette requirement.,AI_PROPOSED_CONTACT_SCREEN,,,
285,83,59.964827994816844,window-0083-forward-00003,window-0083-reverse-00002,ground,none,none,uncertain,uncertain,low,Road structure/arch occludes much of one view. Possible separate terrain crest is too ambiguous at contact-sheet resolution to establish C independently of the dominant/near face.,AI_PROPOSED_CONTACT_SCREEN,,,
286,83,79.95310399308912,window-0083-forward-00004,window-0083-reverse-00001,uncertain,uncertain,none,uncertain,uncertain,low,Road structure/arch occludes much of one view. Possible separate terrain crest is too ambiguous at contact-sheet resolution to establish C independently of the dominant/near face.,AI_PROPOSED_CONTACT_SCREEN,,,
287,83,99.9413799913614,window-0083-forward-00005,window-0083-reverse-00000,wall,left,none,present,absent,low,A distinct rocky massif/peak has readable major face planes and silhouette. No distinct distant terrain panorama is established; any outline of the dominant face remains a B silhouette requirement.,AI_PROPOSED_CONTACT_SCREEN,,,
288,84,0.0,window-0084-forward-00000,window-0084-reverse-00001,wall,left,none,present,absent,low,A distinct rocky massif/peak has readable major face planes and silhouette. No distinct distant terrain panorama is established; any outline of the dominant face remains a B silhouette requirement.,AI_PROPOSED_CONTACT_SCREEN,,,
289,84,8.00647613474558,window-0084-forward-00001,window-0084-reverse-00000,wall,left,none,present,absent,medium,A distinct rocky massif/peak has readable major face planes and silhouette. No distinct distant terrain panorama is established; any outline of the dominant face remains a B silhouette requirement.,AI_PROPOSED_CONTACT_SCREEN,,,
290,85,0.0,window-0085-forward-00000,window-0085-reverse-00002,wall,left,both,present,uncertain,low,A distinct rocky massif/peak has readable major face planes and silhouette. Possible separate terrain crest is too ambiguous at contact-sheet resolution to establish C independently of the dominant/near face.,AI_PROPOSED_CONTACT_SCREEN,,,
291,85,17.985934891401584,window-0085-forward-00001,window-0085-reverse-00001,wall,left,right,present,uncertain,low,A distinct rocky massif/peak has readable major face planes and silhouette. Possible separate terrain crest is too ambiguous at contact-sheet resolution to establish C independently of the dominant/near face.,AI_PROPOSED_CONTACT_SCREEN,,,
292,85,35.97186978280317,window-0085-forward-00002,window-0085-reverse-00000,wall,left,right,uncertain,uncertain,low,Near cut edges are readable. Possible separate terrain crest is too ambiguous at contact-sheet resolution to establish C independently of the dominant/near face.,AI_PROPOSED_CONTACT_SCREEN,,,
293,86,0.0,window-0086-forward-00000,window-0086-reverse-00005,wall,both,both,present,uncertain,low,Near wall contact and larger upper rock planes are readable. Possible separate terrain crest is too ambiguous at contact-sheet resolution to establish C independently of the dominant/near face.,AI_PROPOSED_CONTACT_SCREEN,,,
294,86,16.772398492755435,window-0086-forward-00001,window-0086-reverse-00004,wall,left,both,present,uncertain,low,Near wall contact and larger upper rock planes are readable. Possible separate terrain crest is too ambiguous at contact-sheet resolution to establish C independently of the dominant/near face.,AI_PROPOSED_CONTACT_SCREEN,,,
295,86,33.54479698551087,window-0086-forward-00002,window-0086-reverse-00003,wall,left,right,present,uncertain,low,Near wall contact and larger upper rock planes are readable. Possible separate terrain crest is too ambiguous at contact-sheet resolution to establish C independently of the dominant/near face.,AI_PROPOSED_CONTACT_SCREEN,,,
296,86,50.31719547826631,window-0086-forward-00003,window-0086-reverse-00002,wall,left,right,present,uncertain,low,Near wall contact and larger upper rock planes are readable. Possible separate terrain crest is too ambiguous at contact-sheet resolution to establish C independently of the dominant/near face.,AI_PROPOSED_CONTACT_SCREEN,,,
297,86,67.08959397102174,window-0086-forward-00004,window-0086-reverse-00001,wall,left,right,present,absent,low,Close sidewalls and larger vertical rock planes dominate the enclosed view. No distinct distant terrain panorama is established; any outline of the dominant face remains a B silhouette requirement.,AI_PROPOSED_CONTACT_SCREEN,,,
298,86,83.86199246377718,window-0086-forward-00005,window-0086-reverse-00000,wall,left,right,present,absent,low,Close sidewalls and larger vertical rock planes dominate the enclosed view. No distinct distant terrain panorama is established; any outline of the dominant face remains a B silhouette requirement.,AI_PROPOSED_CONTACT_SCREEN,,,
299,87,0.0,window-0087-forward-00000,window-0087-reverse-00001,wall,left,right,present,absent,medium,Close sidewalls and larger vertical rock planes dominate the enclosed view. No distinct distant terrain panorama is established; any outline of the dominant face remains a B silhouette requirement.,AI_PROPOSED_CONTACT_SCREEN,,,
300,87,9.500004144955234,window-0087-forward-00001,window-0087-reverse-00000,wall,left,right,present,absent,medium,Close sidewalls and larger vertical rock planes dominate the enclosed view. No distinct distant terrain panorama is established; any outline of the dominant face remains a B silhouette requirement.,AI_PROPOSED_CONTACT_SCREEN,,,
301,88,0.0,window-0088-forward-00000,window-0088-reverse-00003,wall,left,right,present,uncertain,low,Near wall contact and larger upper rock planes are readable. Possible separate terrain crest is too ambiguous at contact-sheet resolution to establish C independently of the dominant/near face.,AI_PROPOSED_CONTACT_SCREEN,,,
302,88,14.046319597515614,window-0088-forward-00001,window-0088-reverse-00002,wall,left,right,present,uncertain,low,Near wall contact and larger upper rock planes are readable. Possible separate terrain crest is too ambiguous at contact-sheet resolution to establish C independently of the dominant/near face.,AI_PROPOSED_CONTACT_SCREEN,,,
303,88,28.09263919503123,window-0088-forward-00002,window-0088-reverse-00001,wall,left,right,present,uncertain,low,Near wall contact and larger upper rock planes are readable. Possible separate terrain crest is too ambiguous at contact-sheet resolution to establish C independently of the dominant/near face.,AI_PROPOSED_CONTACT_SCREEN,,,
304,88,42.138958792546845,window-0088-forward-00003,window-0088-reverse-00000,wall,left,right,present,uncertain,low,Near wall contact and larger upper rock planes are readable. Possible separate terrain crest is too ambiguous at contact-sheet resolution to establish C independently of the dominant/near face.,AI_PROPOSED_CONTACT_SCREEN,,,
305,89,0.0,window-0089-forward-00000,window-0089-reverse-00001,wall,left,right,present,absent,low,Close sidewalls and larger vertical rock planes dominate the enclosed view. No distinct distant terrain panorama is established; any outline of the dominant face remains a B silhouette requirement.,AI_PROPOSED_CONTACT_SCREEN,,,
306,89,8.822214145234808,window-0089-forward-00001,window-0089-reverse-00000,wall,both,right,present,absent,medium,Close sidewalls and larger vertical rock planes dominate the enclosed view. No distinct distant terrain panorama is established; any outline of the dominant face remains a B silhouette requirement.,AI_PROPOSED_CONTACT_SCREEN,,,
307,90,0.0,window-0090-forward-00000,window-0090-reverse-00003,wall,right,left,present,uncertain,low,Near wall contact and larger upper rock planes are readable. Possible separate terrain crest is too ambiguous at contact-sheet resolution to establish C independently of the dominant/near face.,AI_PROPOSED_CONTACT_SCREEN,,,
308,90,14.38001335076111,window-0090-forward-00001,window-0090-reverse-00002,wall,right,left,present,uncertain,low,Near wall contact and larger upper rock planes are readable. Possible separate terrain crest is too ambiguous at contact-sheet resolution to establish C independently of the dominant/near face.,AI_PROPOSED_CONTACT_SCREEN,,,
309,90,28.76002670152222,window-0090-forward-00002,window-0090-reverse-00001,wall,right,left,present,uncertain,low,Near wall contact and larger upper rock planes are readable. Possible separate terrain crest is too ambiguous at contact-sheet resolution to establish C independently of the dominant/near face.,AI_PROPOSED_CONTACT_SCREEN,,,
310,90,43.14004005228333,window-0090-forward-00003,window-0090-reverse-00000,wall,both,left,present,uncertain,low,Near wall contact and larger upper rock planes are readable. Possible separate terrain crest is too ambiguous at contact-sheet resolution to establish C independently of the dominant/near face.,AI_PROPOSED_CONTACT_SCREEN,,,
311,91,0.0,window-0091-forward-00000,window-0091-reverse-00004,wall,left,right,uncertain,uncertain,low,Near cut edges are readable. Possible separate terrain crest is too ambiguous at contact-sheet resolution to establish C independently of the dominant/near face.,AI_PROPOSED_CONTACT_SCREEN,,,
312,91,19.64178762854608,window-0091-forward-00001,window-0091-reverse-00003,wall,left,right,absent,present,medium,"Near roadside cut planes and bank lips are visible; the distant peak/crest stays a skyline feature, with a broader valley slope visible ahead.",AI_PROPOSED_CONTACT_SCREEN,,,
313,91,39.28357525709216,window-0091-forward-00002,window-0091-reverse-00002,wall,left,right,absent,present,medium,"Near roadside cut planes and bank lips are visible; the distant peak/crest stays a skyline feature, with a broader valley slope visible ahead.",AI_PROPOSED_CONTACT_SCREEN,,,
314,91,58.925362885638236,window-0091-forward-00003,window-0091-reverse-00001,wall,left,right,absent,present,medium,"Near roadside cut planes and bank lips are visible; the distant peak/crest stays a skyline feature, with a broader valley slope visible ahead.",AI_PROPOSED_CONTACT_SCREEN,,,
315,91,78.56715051418432,window-0091-forward-00004,window-0091-reverse-00000,wall,left,right,uncertain,uncertain,low,Near roadside cut planes and bank lips are visible. Possible separate terrain crest is too ambiguous at contact-sheet resolution to establish C independently of the dominant/near face.,AI_PROPOSED_CONTACT_SCREEN,,,
316,92,0.0,window-0092-forward-00000,window-0092-reverse-00002,wall,left,right,uncertain,uncertain,low,Near roadside cut planes and bank lips are visible. Possible separate terrain crest is too ambiguous at contact-sheet resolution to establish C independently of the dominant/near face.,AI_PROPOSED_CONTACT_SCREEN,,,
317,92,10.515353692724588,window-0092-forward-00001,window-0092-reverse-00001,wall,left,right,uncertain,uncertain,low,Near roadside cut planes and bank lips are visible. Possible separate terrain crest is too ambiguous at contact-sheet resolution to establish C independently of the dominant/near face.,AI_PROPOSED_CONTACT_SCREEN,,,
318,92,21.030707385449176,window-0092-forward-00002,window-0092-reverse-00000,wall,both,right,uncertain,uncertain,low,Near roadside cut planes and bank lips are visible. Possible separate terrain crest is too ambiguous at contact-sheet resolution to establish C independently of the dominant/near face.,AI_PROPOSED_CONTACT_SCREEN,,,
319,93,0.0,window-0093-forward-00000,window-0093-reverse-00001,wall,left,both,absent,uncertain,low,A curved roadside bank/cut has readable corner and lip transitions. Possible separate terrain crest is too ambiguous at contact-sheet resolution to establish C independently of the dominant/near face.,AI_PROPOSED_CONTACT_SCREEN,,,
320,93,9.92637831632227,window-0093-forward-00001,window-0093-reverse-00000,wall,left,right,absent,uncertain,low,A curved roadside bank/cut has readable corner and lip transitions. Possible separate terrain crest is too ambiguous at contact-sheet resolution to establish C independently of the dominant/near face.,AI_PROPOSED_CONTACT_SCREEN,,,
321,94,0.0,window-0094-forward-00000,window-0094-reverse-00003,wall,left,right,absent,uncertain,low,A curved roadside bank/cut has readable corner and lip transitions. Possible separate terrain crest is too ambiguous at contact-sheet resolution to establish C independently of the dominant/near face.,AI_PROPOSED_CONTACT_SCREEN,,,
322,94,16.462933324393717,window-0094-forward-00001,window-0094-reverse-00002,wall,left,right,absent,uncertain,low,A curved roadside bank/cut has readable corner and lip transitions. Possible separate terrain crest is too ambiguous at contact-sheet resolution to establish C independently of the dominant/near face.,AI_PROPOSED_CONTACT_SCREEN,,,
323,94,32.925866648787434,window-0094-forward-00002,window-0094-reverse-00001,wall,left,right,absent,uncertain,low,A curved roadside bank/cut has readable corner and lip transitions. Possible separate terrain crest is too ambiguous at contact-sheet resolution to establish C independently of the dominant/near face.,AI_PROPOSED_CONTACT_SCREEN,,,
324,94,49.38879997318115,window-0094-forward-00003,window-0094-reverse-00000,bank,both,right,present,uncertain,low,Raised roadside banks frame the bend; a broad fractured upper rock face and its skyline remain readable. A separate distant C region is not established; the visible crest may belong to the same B massif or receding A-side slope.,AI_PROPOSED_CONTACT_SCREEN,,,
325,95,0.0,window-0095-forward-00000,window-0095-reverse-00001,bank,both,right,present,uncertain,low,Raised roadside banks frame the bend; a broad fractured upper rock face and its skyline remain readable. A separate distant C region is not established; the visible crest may belong to the same B massif or receding A-side slope.,AI_PROPOSED_CONTACT_SCREEN,,,
326,95,9.772599728842348,window-0095-forward-00001,window-0095-reverse-00000,wall,both,left,present,uncertain,low,The forward cut encloses both sides; reverse opens onto a distinct rocky summit above lower roadside banks. A separate distant C region is not established; the visible crest may belong to the same B massif or receding A-side slope.,AI_PROPOSED_CONTACT_SCREEN,,,
327,96,0.0,window-0096-forward-00000,window-0096-reverse-00006,wall,both,both,present,absent,medium,"Tall roadside cuts enclose the carriageway; broad upper rock faces remain prominent, with little separate distant skyline.",AI_PROPOSED_CONTACT_SCREEN,,,
328,96,16.676918534223,window-0096-forward-00001,window-0096-reverse-00005,wall,both,both,present,absent,medium,"Tall roadside cuts enclose the carriageway; broad upper rock faces remain prominent, with little separate distant skyline.",AI_PROPOSED_CONTACT_SCREEN,,,
329,96,33.353837068446,window-0096-forward-00002,window-0096-reverse-00004,wall,both,both,present,absent,medium,"Tall roadside cuts enclose the carriageway; broad upper rock faces remain prominent, with little separate distant skyline.",AI_PROPOSED_CONTACT_SCREEN,,,
330,96,50.030755602669,window-0096-forward-00003,window-0096-reverse-00003,wall,both,left,uncertain,absent,medium,A close wall occupies the forward view and tall reverse cut fills the left; separate background face size is unclear.,AI_PROPOSED_CONTACT_SCREEN,,,
331,96,66.707674136892,window-0096-forward-00004,window-0096-reverse-00002,wall,right,left,absent,uncertain,low,"A tall uphill roadside cut dominates one side; the other side opens to a landform ridge, lower winding road and distant horizon. A separate distant C region is not established; the visible crest may belong to the same B massif or receding A-side slope.",AI_PROPOSED_CONTACT_SCREEN,,,
332,96,83.38459267111499,window-0096-forward-00005,window-0096-reverse-00001,wall,right,left,absent,uncertain,low,"A tall uphill roadside cut dominates one side; the other side opens to a landform ridge, lower winding road and distant horizon. A separate distant C region is not established; the visible crest may belong to the same B massif or receding A-side slope.",AI_PROPOSED_CONTACT_SCREEN,,,
333,96,100.061511205338,window-0096-forward-00006,window-0096-reverse-00000,wall,right,left,absent,uncertain,low,"A tall uphill roadside cut dominates one side; the other side opens to a landform ridge, lower winding road and distant horizon. A separate distant C region is not established; the visible crest may belong to the same B massif or receding A-side slope.",AI_PROPOSED_CONTACT_SCREEN,,,
334,97,0.0,window-0097-forward-00000,window-0097-reverse-00006,wall,right,left,absent,uncertain,low,"A tall uphill roadside cut dominates one side; the other side opens to a landform ridge, lower winding road and distant horizon. A separate distant C region is not established; the visible crest may belong to the same B massif or receding A-side slope.",AI_PROPOSED_CONTACT_SCREEN,,,
335,97,16.697069213749966,window-0097-forward-00001,window-0097-reverse-00005,wall,right,left,absent,uncertain,low,"A tall uphill roadside cut dominates one side; the other side opens to a landform ridge, lower winding road and distant horizon. A separate distant C region is not established; the visible crest may belong to the same B massif or receding A-side slope.",AI_PROPOSED_CONTACT_SCREEN,,,
336,97,33.39413842749993,window-0097-forward-00002,window-0097-reverse-00004,wall,right,left,absent,uncertain,low,Long upright roadside cut and visible base dominate; a thin receding mountain slope forms the skyline across the open side. A separate distant C region is not established; the visible crest may belong to the same B massif or receding A-side slope.,AI_PROPOSED_CONTACT_SCREEN,,,
337,97,50.091207641249895,window-0097-forward-00003,window-0097-reverse-00003,wall,right,left,absent,uncertain,low,Long upright roadside cut and visible base dominate; a thin receding mountain slope forms the skyline across the open side. A separate distant C region is not established; the visible crest may belong to the same B massif or receding A-side slope.,AI_PROPOSED_CONTACT_SCREEN,,,
338,97,66.78827685499986,window-0097-forward-00004,window-0097-reverse-00002,wall,right,left,absent,uncertain,low,Long upright roadside cut and visible base dominate; a thin receding mountain slope forms the skyline across the open side. A separate distant C region is not established; the visible crest may belong to the same B massif or receding A-side slope.,AI_PROPOSED_CONTACT_SCREEN,,,
339,97,83.48534606874982,window-0097-forward-00005,window-0097-reverse-00001,wall,right,left,absent,uncertain,low,Long upright roadside cut and visible base dominate; a thin receding mountain slope forms the skyline across the open side. A separate distant C region is not established; the visible crest may belong to the same B massif or receding A-side slope.,AI_PROPOSED_CONTACT_SCREEN,,,
340,97,100.18241528249979,window-0097-forward-00006,window-0097-reverse-00000,wall,right,left,absent,uncertain,low,Long upright roadside cut and visible base dominate; a thin receding mountain slope forms the skyline across the open side. A separate distant C region is not established; the visible crest may belong to the same B massif or receding A-side slope.,AI_PROPOSED_CONTACT_SCREEN,,,
341,98,0.0,window-0098-forward-00000,window-0098-reverse-00006,wall,right,left,absent,uncertain,low,Long upright roadside cut and visible base dominate; a thin receding mountain slope forms the skyline across the open side. A separate distant C region is not established; the visible crest may belong to the same B massif or receding A-side slope.,AI_PROPOSED_CONTACT_SCREEN,,,
342,98,16.673661879536297,window-0098-forward-00001,window-0098-reverse-00005,wall,right,left,absent,uncertain,low,Long upright roadside cut and visible base dominate; a thin receding mountain slope forms the skyline across the open side. A separate distant C region is not established; the visible crest may belong to the same B massif or receding A-side slope.,AI_PROPOSED_CONTACT_SCREEN,,,
343,98,33.347323759072594,window-0098-forward-00002,window-0098-reverse-00004,wall,right,left,uncertain,present,medium,"Long high roadside cut persists; reverse reveals some upper valley rock face, partly hidden behind the cut, while forward has an open descending ridge. C proposal refers to a separate coastal ridge or rocky projection beyond the near cut, not the main B-face outline; depth remains preliminary.",AI_PROPOSED_CONTACT_SCREEN,,,
344,98,50.02098563860889,window-0098-forward-00003,window-0098-reverse-00003,wall,right,left,uncertain,present,medium,"Long high roadside cut persists; reverse reveals some upper valley rock face, partly hidden behind the cut, while forward has an open descending ridge. C proposal refers to a separate coastal ridge or rocky projection beyond the near cut, not the main B-face outline; depth remains preliminary.",AI_PROPOSED_CONTACT_SCREEN,,,
345,98,66.69464751814519,window-0098-forward-00004,window-0098-reverse-00002,wall,right,left,uncertain,present,medium,"Long high roadside cut persists; reverse reveals some upper valley rock face, partly hidden behind the cut, while forward has an open descending ridge. C proposal refers to a separate coastal ridge or rocky projection beyond the near cut, not the main B-face outline; depth remains preliminary.",AI_PROPOSED_CONTACT_SCREEN,,,
346,98,83.36830939768149,window-0098-forward-00005,window-0098-reverse-00001,wall,right,left,uncertain,present,medium,"Long high roadside cut persists; reverse reveals some upper valley rock face, partly hidden behind the cut, while forward has an open descending ridge. C proposal refers to a separate coastal ridge or rocky projection beyond the near cut, not the main B-face outline; depth remains preliminary.",AI_PROPOSED_CONTACT_SCREEN,,,
347,98,100.04197127721778,window-0098-forward-00006,window-0098-reverse-00000,wall,right,left,uncertain,present,medium,"Long high roadside cut persists; reverse reveals some upper valley rock face, partly hidden behind the cut, while forward has an open descending ridge. C proposal refers to a separate coastal ridge or rocky projection beyond the near cut, not the main B-face outline; depth remains preliminary.",AI_PROPOSED_CONTACT_SCREEN,,,
348,99,0.0,window-0099-forward-00000,window-0099-reverse-00006,wall,right,left,present,uncertain,low,"Near uphill wall remains large; reverse adds a broad steep upper valley face, while the forward receding ridge outlines the sea-facing slope. A separate distant C region is not established; the visible crest may belong to the same B massif or receding A-side slope.",AI_PROPOSED_CONTACT_SCREEN,,,
349,99,16.700003308655848,window-0099-forward-00001,window-0099-reverse-00005,wall,right,left,present,uncertain,low,"Near uphill wall remains large; reverse adds a broad steep upper valley face, while the forward receding ridge outlines the sea-facing slope. A separate distant C region is not established; the visible crest may belong to the same B massif or receding A-side slope.",AI_PROPOSED_CONTACT_SCREEN,,,
350,99,33.400006617311696,window-0099-forward-00002,window-0099-reverse-00004,wall,right,left,present,uncertain,low,"Near uphill wall remains large; reverse adds a broad steep upper valley face, while the forward receding ridge outlines the sea-facing slope. A separate distant C region is not established; the visible crest may belong to the same B massif or receding A-side slope.",AI_PROPOSED_CONTACT_SCREEN,,,
351,99,50.10000992596755,window-0099-forward-00003,window-0099-reverse-00003,wall,right,left,present,uncertain,low,"Near uphill wall remains large; reverse adds a broad steep upper valley face, while the forward receding ridge outlines the sea-facing slope. A separate distant C region is not established; the visible crest may belong to the same B massif or receding A-side slope.",AI_PROPOSED_CONTACT_SCREEN,,,
352,99,66.80001323462339,window-0099-forward-00004,window-0099-reverse-00002,wall,right,left,present,uncertain,low,"Near uphill wall remains large; reverse adds a broad steep upper valley face, while the forward receding ridge outlines the sea-facing slope. A separate distant C region is not established; the visible crest may belong to the same B massif or receding A-side slope.",AI_PROPOSED_CONTACT_SCREEN,,,
353,99,83.50001654327923,window-0099-forward-00005,window-0099-reverse-00001,wall,right,left,present,uncertain,low,"Near uphill wall remains large; reverse adds a broad steep upper valley face, while the forward receding ridge outlines the sea-facing slope. A separate distant C region is not established; the visible crest may belong to the same B massif or receding A-side slope.",AI_PROPOSED_CONTACT_SCREEN,,,
354,99,100.20001985193508,window-0099-forward-00006,window-0099-reverse-00000,wall,right,left,present,uncertain,low,"Near uphill wall remains large; reverse adds a broad steep upper valley face, while the forward receding ridge outlines the sea-facing slope. A separate distant C region is not established; the visible crest may belong to the same B massif or receding A-side slope.",AI_PROPOSED_CONTACT_SCREEN,,,
355,100,0.0,window-0100-forward-00000,window-0100-reverse-00003,wall,right,left,present,uncertain,low,"Near uphill wall remains large; reverse adds a broad steep upper valley face, while the forward receding ridge outlines the sea-facing slope. A separate distant C region is not established; the visible crest may belong to the same B massif or receding A-side slope.",AI_PROPOSED_CONTACT_SCREEN,,,
356,100,14.929570744425169,window-0100-forward-00001,window-0100-reverse-00002,wall,right,left,present,uncertain,low,"Near uphill wall remains large; reverse adds a broad steep upper valley face, while the forward receding ridge outlines the sea-facing slope. A separate distant C region is not established; the visible crest may belong to the same B massif or receding A-side slope.",AI_PROPOSED_CONTACT_SCREEN,,,
357,100,29.859141488850337,window-0100-forward-00002,window-0100-reverse-00001,wall,right,left,uncertain,uncertain,low,The road turns past a close cut with a dark strip at its base; the separate upper rock face is partly obscured by the bend. A separate distant C region is not established; the visible crest may belong to the same B massif or receding A-side slope.,AI_PROPOSED_CONTACT_SCREEN,,,
358,100,44.788712233275504,window-0100-forward-00003,window-0100-reverse-00000,wall,both,right,present,absent,medium,Original forward PNG confirms a broad stepped rock massif dominating the upper frame (B) and close banks around the road bend (A). No visually separate distant C region is established in this pair; the massif outline stays protected within B.,AI_PROPOSED_CONTACT_SCREEN,,,
359,101,0.0,window-0101-forward-00000,window-0101-reverse-00002,wall,left,right,present,present,medium,"The bend exchanges the close uphill wall between sides; reverse shows a substantial upper valley cliff, forward a receding coastal ridge. C proposal refers to a separate coastal ridge or rocky projection beyond the near cut, not the main B-face outline; depth remains preliminary.",AI_PROPOSED_CONTACT_SCREEN,,,
360,101,16.812409367848723,window-0101-forward-00001,window-0101-reverse-00001,wall,both,right,present,uncertain,low,"Both bend banks are visible; forward exposes a broad broken upper rock face and skyline, reverse a large close cut. A separate distant C region is not established; the visible crest may belong to the same B massif or receding A-side slope.",AI_PROPOSED_CONTACT_SCREEN,,,
361,101,33.624818735697446,window-0101-forward-00002,window-0101-reverse-00000,bank,right,left,absent,absent,medium,Low raised banks and terraced ground surround the bend; reverse opens to a receding coastal slope and horizon. The sea horizon and outline of the near roadside slope alone do not establish C.,AI_PROPOSED_CONTACT_SCREEN,,,
362,102,0.0,window-0102-forward-00000,window-0102-reverse-00002,bank,right,left,uncertain,uncertain,low,"Sloping roadside banks frame the turn; reverse includes a separate rocky flank, but its dominant-face status needs a larger frame. A separate distant C region is not established; the visible crest may belong to the same B massif or receding A-side slope.",AI_PROPOSED_CONTACT_SCREEN,,,
363,102,10.683879591561666,window-0102-forward-00001,window-0102-reverse-00001,bank,right,left,absent,present,medium,"Low cut banks and ground terraces flank the road; the coastal slope outline is readable without a separate dominant massif. C proposal refers to a separate coastal ridge or rocky projection beyond the near cut, not the main B-face outline; depth remains preliminary.",AI_PROPOSED_CONTACT_SCREEN,,,
364,102,21.367759183123333,window-0102-forward-00002,window-0102-reverse-00000,bank,right,left,absent,absent,medium,Low cut banks and ground terraces flank the road; the coastal slope outline is readable without a separate dominant massif. The sea horizon and outline of the near roadside slope alone do not establish C.,AI_PROPOSED_CONTACT_SCREEN,,,
365,103,0.0,window-0103-forward-00000,window-0103-reverse-00004,wall,right,left,absent,uncertain,low,Close upright cut and base contact are prominent; the upper slope ridge stays visible beyond the receding wall. A separate distant C region is not established; the visible crest may belong to the same B massif or receding A-side slope.,AI_PROPOSED_CONTACT_SCREEN,,,
366,103,17.273510200685553,window-0103-forward-00001,window-0103-reverse-00003,wall,right,left,absent,uncertain,low,Close upright cut and base contact are prominent; the upper slope ridge stays visible beyond the receding wall. A separate distant C region is not established; the visible crest may belong to the same B massif or receding A-side slope.,AI_PROPOSED_CONTACT_SCREEN,,,
367,103,34.54702040137111,window-0103-forward-00002,window-0103-reverse-00002,wall,right,left,absent,present,medium,"Close upright cut and base contact are prominent; the upper slope ridge stays visible beyond the receding wall. C proposal refers to a separate coastal ridge or rocky projection beyond the near cut, not the main B-face outline; depth remains preliminary.",AI_PROPOSED_CONTACT_SCREEN,,,
368,103,51.820530602056664,window-0103-forward-00003,window-0103-reverse-00001,wall,right,left,absent,present,medium,"Close upright cut and base contact are prominent; the upper slope ridge stays visible beyond the receding wall. C proposal refers to a separate coastal ridge or rocky projection beyond the near cut, not the main B-face outline; depth remains preliminary.",AI_PROPOSED_CONTACT_SCREEN,,,
369,103,69.09404080274221,window-0103-forward-00004,window-0103-reverse-00000,wall,left,left,present,present,medium,"Forward opens onto a broad steep rock flank and receding coastal outline; reverse retains a large nearby uphill wall. C proposal refers to a separate coastal ridge or rocky projection beyond the near cut, not the main B-face outline; depth remains preliminary.",AI_PROPOSED_CONTACT_SCREEN,,,
370,104,0.0,window-0104-forward-00000,window-0104-reverse-00006,wall,left,right,present,uncertain,low,"Large near cuts flank the road in opposite directions, while a substantial fractured mountain face rises above the road with a readable upper outline. A separate distant C region is not established; the visible crest may belong to the same B massif or receding A-side slope.",AI_PROPOSED_CONTACT_SCREEN,,,
371,104,16.714287331004304,window-0104-forward-00001,window-0104-reverse-00005,wall,left,right,present,uncertain,low,"Large near cuts flank the road in opposite directions, while a substantial fractured mountain face rises above the road with a readable upper outline. A separate distant C region is not established; the visible crest may belong to the same B massif or receding A-side slope.",AI_PROPOSED_CONTACT_SCREEN,,,
372,104,33.42857466200861,window-0104-forward-00002,window-0104-reverse-00004,wall,left,right,present,uncertain,low,"Large near cuts flank the road in opposite directions, while a substantial fractured mountain face rises above the road with a readable upper outline. A separate distant C region is not established; the visible crest may belong to the same B massif or receding A-side slope.",AI_PROPOSED_CONTACT_SCREEN,,,
373,104,50.14286199301292,window-0104-forward-00003,window-0104-reverse-00003,wall,left,right,present,uncertain,low,"Large near cuts flank the road in opposite directions, while a substantial fractured mountain face rises above the road with a readable upper outline. A separate distant C region is not established; the visible crest may belong to the same B massif or receding A-side slope.",AI_PROPOSED_CONTACT_SCREEN,,,
374,104,66.85714932401721,window-0104-forward-00004,window-0104-reverse-00002,wall,left,right,present,uncertain,low,"Large near cuts flank the road in opposite directions, while a substantial fractured mountain face rises above the road with a readable upper outline. A separate distant C region is not established; the visible crest may belong to the same B massif or receding A-side slope.",AI_PROPOSED_CONTACT_SCREEN,,,
375,104,83.57143665502151,window-0104-forward-00005,window-0104-reverse-00001,wall,left,right,present,uncertain,low,"Large near cuts flank the road in opposite directions, while a substantial fractured mountain face rises above the road with a readable upper outline. A separate distant C region is not established; the visible crest may belong to the same B massif or receding A-side slope.",AI_PROPOSED_CONTACT_SCREEN,,,
376,104,100.28572398602583,window-0104-forward-00006,window-0104-reverse-00000,wall,left,right,present,uncertain,low,"Large near cuts flank the road in opposite directions, while a substantial fractured mountain face rises above the road with a readable upper outline. A separate distant C region is not established; the visible crest may belong to the same B massif or receding A-side slope.",AI_PROPOSED_CONTACT_SCREEN,,,
377,105,0.0,window-0105-forward-00000,window-0105-reverse-00002,wall,left,right,present,uncertain,low,"Large near cuts flank the road in opposite directions, while a substantial fractured mountain face rises above the road with a readable upper outline. A separate distant C region is not established; the visible crest may belong to the same B massif or receding A-side slope.",AI_PROPOSED_CONTACT_SCREEN,,,
378,105,14.720061794469924,window-0105-forward-00001,window-0105-reverse-00001,wall,left,right,present,uncertain,low,"Large near cuts flank the road in opposite directions, while a substantial fractured mountain face rises above the road with a readable upper outline. A separate distant C region is not established; the visible crest may belong to the same B massif or receding A-side slope.",AI_PROPOSED_CONTACT_SCREEN,,,
379,105,29.440123588939848,window-0105-forward-00002,window-0105-reverse-00000,wall,left,right,present,uncertain,low,"Near uphill cut continues, reverse opens onto broad valley slopes and major rock forms; forward shows the descending coastal ridge. A separate distant C region is not established; the visible crest may belong to the same B massif or receding A-side slope.",AI_PROPOSED_CONTACT_SCREEN,,,
380,106,0.0,window-0106-forward-00000,window-0106-reverse-00002,wall,left,right,present,uncertain,low,Roadside cut is legible at close range; reverse exposes a broad textured valley wall and forward shows a descending coastal landform. A separate distant C region is not established; the visible crest may belong to the same B massif or receding A-side slope.,AI_PROPOSED_CONTACT_SCREEN,,,
381,106,18.032500677208002,window-0106-forward-00001,window-0106-reverse-00001,wall,left,right,present,present,medium,"Roadside cut is legible at close range; reverse exposes a broad textured valley wall and forward shows a descending coastal landform. C proposal refers to a separate coastal ridge or rocky projection beyond the near cut, not the main B-face outline; depth remains preliminary.",AI_PROPOSED_CONTACT_SCREEN,,,
382,106,36.065001354416005,window-0106-forward-00002,window-0106-reverse-00000,wall,left,right,present,present,medium,"Roadside cut is legible at close range; reverse exposes a broad textured valley wall and forward shows a descending coastal landform. C proposal refers to a separate coastal ridge or rocky projection beyond the near cut, not the main B-face outline; depth remains preliminary.",AI_PROPOSED_CONTACT_SCREEN,,,
383,107,0.0,window-0107-forward-00000,window-0107-reverse-00003,wall,left,right,uncertain,uncertain,low,"Large nearby wall dominates; distant upper peaks and valley outline are visible, but separate broad-face prominence is marginal in the small sheets. A separate distant C region is not established; the visible crest may belong to the same B massif or receding A-side slope.",AI_PROPOSED_CONTACT_SCREEN,,,
384,107,13.685252765603112,window-0107-forward-00001,window-0107-reverse-00002,wall,left,right,uncertain,uncertain,low,"Large nearby wall dominates; distant upper peaks and valley outline are visible, but separate broad-face prominence is marginal in the small sheets. A separate distant C region is not established; the visible crest may belong to the same B massif or receding A-side slope.",AI_PROPOSED_CONTACT_SCREEN,,,
385,107,27.370505531206224,window-0107-forward-00002,window-0107-reverse-00001,wall,left,right,uncertain,uncertain,low,"Large nearby wall dominates; distant upper peaks and valley outline are visible, but separate broad-face prominence is marginal in the small sheets. A separate distant C region is not established; the visible crest may belong to the same B massif or receding A-side slope.",AI_PROPOSED_CONTACT_SCREEN,,,
386,107,41.05575829680934,window-0107-forward-00003,window-0107-reverse-00000,wall,left,right,uncertain,uncertain,low,"Large nearby wall dominates; distant upper peaks and valley outline are visible, but separate broad-face prominence is marginal in the small sheets. A separate distant C region is not established; the visible crest may belong to the same B massif or receding A-side slope.",AI_PROPOSED_CONTACT_SCREEN,,,
387,108,0.0,window-0108-forward-00000,window-0108-reverse-00006,wall,left,right,present,uncertain,low,"Close uphill wall hugs the road; reverse reveals a substantial valley massif above and across the road, with jagged skyline and forward coastal outline. A separate distant C region is not established; the visible crest may belong to the same B massif or receding A-side slope.",AI_PROPOSED_CONTACT_SCREEN,,,
388,108,16.702665252925026,window-0108-forward-00001,window-0108-reverse-00005,wall,left,right,present,uncertain,low,"Close uphill wall hugs the road; reverse reveals a substantial valley massif above and across the road, with jagged skyline and forward coastal outline. A separate distant C region is not established; the visible crest may belong to the same B massif or receding A-side slope.",AI_PROPOSED_CONTACT_SCREEN,,,
389,108,33.40533050585005,window-0108-forward-00002,window-0108-reverse-00004,wall,left,right,present,uncertain,low,"Close uphill wall hugs the road; reverse reveals a substantial valley massif above and across the road, with jagged skyline and forward coastal outline. A separate distant C region is not established; the visible crest may belong to the same B massif or receding A-side slope.",AI_PROPOSED_CONTACT_SCREEN,,,
390,108,50.10799575877508,window-0108-forward-00003,window-0108-reverse-00003,wall,left,right,present,uncertain,low,"Close uphill wall hugs the road; reverse reveals a substantial valley massif above and across the road, with jagged skyline and forward coastal outline. A separate distant C region is not established; the visible crest may belong to the same B massif or receding A-side slope.",AI_PROPOSED_CONTACT_SCREEN,,,
391,108,66.8106610117001,window-0108-forward-00004,window-0108-reverse-00002,wall,left,right,present,uncertain,low,"Close uphill wall hugs the road; reverse reveals a substantial valley massif above and across the road, with jagged skyline and forward coastal outline. A separate distant C region is not established; the visible crest may belong to the same B massif or receding A-side slope.",AI_PROPOSED_CONTACT_SCREEN,,,
392,108,83.51332626462514,window-0108-forward-00005,window-0108-reverse-00001,wall,left,right,present,uncertain,low,"Close uphill wall hugs the road; reverse reveals a substantial valley massif above and across the road, with jagged skyline and forward coastal outline. A separate distant C region is not established; the visible crest may belong to the same B massif or receding A-side slope.",AI_PROPOSED_CONTACT_SCREEN,,,
393,108,100.21599151755017,window-0108-forward-00006,window-0108-reverse-00000,wall,left,right,present,uncertain,low,"Close uphill wall hugs the road; reverse reveals a substantial valley massif above and across the road, with jagged skyline and forward coastal outline. A separate distant C region is not established; the visible crest may belong to the same B massif or receding A-side slope.",AI_PROPOSED_CONTACT_SCREEN,,,
394,109,0.0,window-0109-forward-00000,window-0109-reverse-00002,wall,left,right,present,uncertain,low,"Close uphill wall hugs the road; reverse reveals a substantial valley massif above and across the road, with jagged skyline and forward coastal outline. A separate distant C region is not established; the visible crest may belong to the same B massif or receding A-side slope.",AI_PROPOSED_CONTACT_SCREEN,,,
395,109,12.016845924254863,window-0109-forward-00001,window-0109-reverse-00001,wall,left,right,present,uncertain,low,"Close uphill wall hugs the road; reverse reveals a substantial valley massif above and across the road, with jagged skyline and forward coastal outline. A separate distant C region is not established; the visible crest may belong to the same B massif or receding A-side slope.",AI_PROPOSED_CONTACT_SCREEN,,,
396,109,24.033691848509726,window-0109-forward-00002,window-0109-reverse-00000,wall,left,right,present,uncertain,low,"Close uphill wall hugs the road; reverse reveals a substantial valley massif above and across the road, with jagged skyline and forward coastal outline. A separate distant C region is not established; the visible crest may belong to the same B massif or receding A-side slope.",AI_PROPOSED_CONTACT_SCREEN,,,
397,110,0.0,window-0110-forward-00000,window-0110-reverse-00001,wall,left,right,present,uncertain,low,"Close uphill wall hugs the road; reverse reveals a substantial valley massif above and across the road, with jagged skyline and forward coastal outline. A separate distant C region is not established; the visible crest may belong to the same B massif or receding A-side slope.",AI_PROPOSED_CONTACT_SCREEN,,,
398,110,8.555908365569922,window-0110-forward-00001,window-0110-reverse-00000,wall,both,right,present,present,medium,Original forward PNG resolves a broad steep rocky mountain flank on the right (B) and separate lower rocky coastal peaks on the left (C); near roadside banks remain visible and the paired reverse view has a close tall wall (A). Physical footprints and depth are still unresolved.,AI_PROPOSED_CONTACT_SCREEN,,,
399,111,0.0,window-0111-forward-00000,window-0111-reverse-00003,wall,both,right,uncertain,uncertain,low,"The forward hairpin opens toward a triangular mountain flank and horizon; reverse is almost entirely a close tall wall, so broad-face prominence needs original inspection. A separate distant C region is not established; the visible crest may belong to the same B massif or receding A-side slope.",AI_PROPOSED_CONTACT_SCREEN,,,
400,111,19.50209938337895,window-0111-forward-00001,window-0111-reverse-00002,wall,right,left,present,uncertain,low,"Uphill cut changes sides after the turn; forward reveals large opposing valley slopes, reverse keeps a readable descending coastal ridge. A separate distant C region is not established; the visible crest may belong to the same B massif or receding A-side slope.",AI_PROPOSED_CONTACT_SCREEN,,,
401,111,39.0041987667579,window-0111-forward-00002,window-0111-reverse-00001,wall,right,left,present,uncertain,low,"Uphill cut changes sides after the turn; forward reveals large opposing valley slopes, reverse keeps a readable descending coastal ridge. A separate distant C region is not established; the visible crest may belong to the same B massif or receding A-side slope.",AI_PROPOSED_CONTACT_SCREEN,,,
402,111,58.50629815013686,window-0111-forward-00003,window-0111-reverse-00000,wall,right,left,present,uncertain,low,"Uphill cut changes sides after the turn; forward reveals large opposing valley slopes, reverse keeps a readable descending coastal ridge. A separate distant C region is not established; the visible crest may belong to the same B massif or receding A-side slope.",AI_PROPOSED_CONTACT_SCREEN,,,
403,112,0.0,window-0112-forward-00000,window-0112-reverse-00003,wall,right,left,present,uncertain,low,"Uphill cut changes sides after the turn; forward reveals large opposing valley slopes, reverse keeps a readable descending coastal ridge. A separate distant C region is not established; the visible crest may belong to the same B massif or receding A-side slope.",AI_PROPOSED_CONTACT_SCREEN,,,
404,112,17.766589862030518,window-0112-forward-00001,window-0112-reverse-00002,wall,right,left,present,uncertain,low,"Uphill cut changes sides after the turn; forward reveals large opposing valley slopes, reverse keeps a readable descending coastal ridge. A separate distant C region is not established; the visible crest may belong to the same B massif or receding A-side slope.",AI_PROPOSED_CONTACT_SCREEN,,,
405,112,35.533179724061036,window-0112-forward-00002,window-0112-reverse-00001,wall,right,left,present,uncertain,low,"Uphill cut changes sides after the turn; forward reveals large opposing valley slopes, reverse keeps a readable descending coastal ridge. A separate distant C region is not established; the visible crest may belong to the same B massif or receding A-side slope.",AI_PROPOSED_CONTACT_SCREEN,,,
406,112,53.29976958609155,window-0112-forward-00003,window-0112-reverse-00000,wall,both,right,absent,present,medium,"Hairpin exposes low nearby rocky projections against the horizon; reverse shows a close wall without a distinct broad background face. C proposal refers to a separate coastal ridge or rocky projection beyond the near cut, not the main B-face outline; depth remains preliminary.",AI_PROPOSED_CONTACT_SCREEN,,,
407,113,0.0,window-0113-forward-00000,window-0113-reverse-00002,wall,left,right,present,uncertain,low,"Close road cut persists; reverse contains a broad rocky mountain mass and jagged summit, while forward slopes descend toward the horizon. A separate distant C region is not established; the visible crest may belong to the same B massif or receding A-side slope.",AI_PROPOSED_CONTACT_SCREEN,,,
408,113,19.783638163058356,window-0113-forward-00001,window-0113-reverse-00001,wall,left,right,present,uncertain,low,"Close road cut persists; reverse contains a broad rocky mountain mass and jagged summit, while forward slopes descend toward the horizon. A separate distant C region is not established; the visible crest may belong to the same B massif or receding A-side slope.",AI_PROPOSED_CONTACT_SCREEN,,,
409,113,39.56727632611671,window-0113-forward-00002,window-0113-reverse-00000,wall,left,right,present,uncertain,low,"Close road cut persists; reverse contains a broad rocky mountain mass and jagged summit, while forward slopes descend toward the horizon. A separate distant C region is not established; the visible crest may belong to the same B massif or receding A-side slope.",AI_PROPOSED_CONTACT_SCREEN,,,
410,114,0.0,window-0114-forward-00000,window-0114-reverse-00001,wall,left,right,present,uncertain,low,"Close road cut persists; reverse contains a broad rocky mountain mass and jagged summit, while forward slopes descend toward the horizon. A separate distant C region is not established; the visible crest may belong to the same B massif or receding A-side slope.",AI_PROPOSED_CONTACT_SCREEN,,,
411,114,14.031842996536234,window-0114-forward-00001,window-0114-reverse-00000,wall,left,right,present,uncertain,low,"Close road cut persists; reverse contains a broad rocky mountain mass and jagged summit, while forward slopes descend toward the horizon. A separate distant C region is not established; the visible crest may belong to the same B massif or receding A-side slope.",AI_PROPOSED_CONTACT_SCREEN,,,
412,115,0.0,window-0115-forward-00000,window-0115-reverse-00002,wall,left,right,present,uncertain,low,"Close road cut persists; reverse contains a broad rocky mountain mass and jagged summit, while forward slopes descend toward the horizon. A separate distant C region is not established; the visible crest may belong to the same B massif or receding A-side slope.",AI_PROPOSED_CONTACT_SCREEN,,,
413,115,16.77417093945208,window-0115-forward-00001,window-0115-reverse-00001,wall,left,right,present,uncertain,low,"Close road cut persists; reverse contains a broad rocky mountain mass and jagged summit, while forward slopes descend toward the horizon. A separate distant C region is not established; the visible crest may belong to the same B massif or receding A-side slope.",AI_PROPOSED_CONTACT_SCREEN,,,
414,115,33.54834187890416,window-0115-forward-00002,window-0115-reverse-00000,wall,left,right,present,uncertain,low,"Close road cut persists; reverse contains a broad rocky mountain mass and jagged summit, while forward slopes descend toward the horizon. A separate distant C region is not established; the visible crest may belong to the same B massif or receding A-side slope.",AI_PROPOSED_CONTACT_SCREEN,,,
415,116,0.0,window-0116-forward-00000,window-0116-reverse-00001,wall,left,right,present,uncertain,low,"Close road cut persists; reverse contains a broad rocky mountain mass and jagged summit, while forward slopes descend toward the horizon. A separate distant C region is not established; the visible crest may belong to the same B massif or receding A-side slope.",AI_PROPOSED_CONTACT_SCREEN,,,
416,116,15.522912888496212,window-0116-forward-00001,window-0116-reverse-00000,wall,left,right,present,uncertain,low,"Close road cut persists; reverse contains a broad rocky mountain mass and jagged summit, while forward slopes descend toward the horizon. A separate distant C region is not established; the visible crest may belong to the same B massif or receding A-side slope.",AI_PROPOSED_CONTACT_SCREEN,,,
417,117,0.0,window-0117-forward-00000,window-0117-reverse-00002,wall,left,right,present,uncertain,low,Near cuts are readable on both travel directions; a broad diagonal slope and broken distant summit remain visible above the road. A separate distant C region is not established; the visible crest may belong to the same B massif or receding A-side slope.,AI_PROPOSED_CONTACT_SCREEN,,,
418,117,11.255390692987982,window-0117-forward-00001,window-0117-reverse-00001,wall,left,right,present,uncertain,low,Near cuts are readable on both travel directions; a broad diagonal slope and broken distant summit remain visible above the road. A separate distant C region is not established; the visible crest may belong to the same B massif or receding A-side slope.,AI_PROPOSED_CONTACT_SCREEN,,,
419,117,22.510781385975964,window-0117-forward-00002,window-0117-reverse-00000,wall,left,right,present,uncertain,low,Near cuts are readable on both travel directions; a broad diagonal slope and broken distant summit remain visible above the road. A separate distant C region is not established; the visible crest may belong to the same B massif or receding A-side slope.,AI_PROPOSED_CONTACT_SCREEN,,,
420,118,0.0,window-0118-forward-00000,window-0118-reverse-00003,wall,left,right,present,uncertain,low,Near cuts are readable on both travel directions; a broad diagonal slope and broken distant summit remain visible above the road. A separate distant C region is not established; the visible crest may belong to the same B massif or receding A-side slope.,AI_PROPOSED_CONTACT_SCREEN,,,
421,118,14.355511431076382,window-0118-forward-00001,window-0118-reverse-00002,wall,left,right,present,uncertain,low,Near cuts are readable on both travel directions; a broad diagonal slope and broken distant summit remain visible above the road. A separate distant C region is not established; the visible crest may belong to the same B massif or receding A-side slope.,AI_PROPOSED_CONTACT_SCREEN,,,
422,118,28.711022862152763,window-0118-forward-00002,window-0118-reverse-00001,wall,left,right,present,uncertain,low,Near cuts are readable on both travel directions; a broad diagonal slope and broken distant summit remain visible above the road. A separate distant C region is not established; the visible crest may belong to the same B massif or receding A-side slope.,AI_PROPOSED_CONTACT_SCREEN,,,
423,118,43.06653429322915,window-0118-forward-00003,window-0118-reverse-00000,wall,left,right,present,uncertain,low,Near cuts are readable on both travel directions; a broad diagonal slope and broken distant summit remain visible above the road. A separate distant C region is not established; the visible crest may belong to the same B massif or receding A-side slope.,AI_PROPOSED_CONTACT_SCREEN,,,
424,119,0.0,window-0119-forward-00000,window-0119-reverse-00005,wall,left,right,present,uncertain,low,The diagonal mountain slope fills much of the forward upper frame and reverse has a jagged peak beyond the cut; close wall/base transitions remain prominent. A separate distant C region is not established; the visible crest may belong to the same B massif or receding A-side slope.,AI_PROPOSED_CONTACT_SCREEN,,,
425,119,16.721393444218986,window-0119-forward-00001,window-0119-reverse-00004,wall,left,right,present,uncertain,low,The diagonal mountain slope fills much of the forward upper frame and reverse has a jagged peak beyond the cut; close wall/base transitions remain prominent. A separate distant C region is not established; the visible crest may belong to the same B massif or receding A-side slope.,AI_PROPOSED_CONTACT_SCREEN,,,
426,119,33.44278688843797,window-0119-forward-00002,window-0119-reverse-00003,wall,left,right,present,uncertain,low,The diagonal mountain slope fills much of the forward upper frame and reverse has a jagged peak beyond the cut; close wall/base transitions remain prominent. A separate distant C region is not established; the visible crest may belong to the same B massif or receding A-side slope.,AI_PROPOSED_CONTACT_SCREEN,,,
427,119,50.16418033265696,window-0119-forward-00003,window-0119-reverse-00002,wall,left,right,present,uncertain,low,The diagonal mountain slope fills much of the forward upper frame and reverse has a jagged peak beyond the cut; close wall/base transitions remain prominent. A separate distant C region is not established; the visible crest may belong to the same B massif or receding A-side slope.,AI_PROPOSED_CONTACT_SCREEN,,,
428,119,66.88557377687594,window-0119-forward-00004,window-0119-reverse-00001,wall,left,right,present,uncertain,low,The diagonal mountain slope fills much of the forward upper frame and reverse has a jagged peak beyond the cut; close wall/base transitions remain prominent. A separate distant C region is not established; the visible crest may belong to the same B massif or receding A-side slope.,AI_PROPOSED_CONTACT_SCREEN,,,
429,119,83.60696722109493,window-0119-forward-00005,window-0119-reverse-00000,wall,left,right,present,uncertain,low,The diagonal mountain slope fills much of the forward upper frame and reverse has a jagged peak beyond the cut; close wall/base transitions remain prominent. A separate distant C region is not established; the visible crest may belong to the same B massif or receding A-side slope.,AI_PROPOSED_CONTACT_SCREEN,,,
430,120,0.0,window-0120-forward-00000,window-0120-reverse-00006,wall,left,right,absent,uncertain,low,"Near uphill cut dominates each direction; reverse exposes a receding rocky coastal ridge with open horizon, without a separate dominant broad face. A separate distant C region is not established; the visible crest may belong to the same B massif or receding A-side slope.",AI_PROPOSED_CONTACT_SCREEN,,,
431,120,16.672492029891,window-0120-forward-00001,window-0120-reverse-00005,wall,left,right,absent,uncertain,low,"Near uphill cut dominates each direction; reverse exposes a receding rocky coastal ridge with open horizon, without a separate dominant broad face. A separate distant C region is not established; the visible crest may belong to the same B massif or receding A-side slope.",AI_PROPOSED_CONTACT_SCREEN,,,
432,120,33.344984059782,window-0120-forward-00002,window-0120-reverse-00004,wall,both,both,present,uncertain,medium,Forward left roadside cut and reverse right cut show large close facets; broad upper pale rock slope remains readable.,AI_PROPOSED_CONTACT_SCREEN,,,
433,120,50.017476089673,window-0120-forward-00003,window-0120-reverse-00003,wall,both,both,present,uncertain,medium,Left forward wall follows curve; reverse right broad cut has visible steps and upper rocky slope.,AI_PROPOSED_CONTACT_SCREEN,,,
434,120,66.689968119564,window-0120-forward-00004,window-0120-reverse-00002,wall,both,both,present,uncertain,medium,Close cuts flank the road; large layered uphill slope visible behind them merits broad form retention.,AI_PROPOSED_CONTACT_SCREEN,,,
435,120,83.36246014945499,window-0120-forward-00005,window-0120-reverse-00001,wall,both,both,present,uncertain,medium,Road-edge wall bases and top transitions read clearly; substantial upper rock planes remain visible.,AI_PROPOSED_CONTACT_SCREEN,,,
436,120,100.03495217934599,window-0120-forward-00006,window-0120-reverse-00000,wall,both,both,present,uncertain,medium,Forward bend frames broad upper slope while reverse road cut extends across right half.,AI_PROPOSED_CONTACT_SCREEN,,,
437,121,0.0,window-0121-forward-00000,window-0121-reverse-00003,wall,both,both,present,uncertain,medium,Near cuts remain visible on both edges; upper textured rock mass fills much of forward context.,AI_PROPOSED_CONTACT_SCREEN,,,
438,121,16.181519780803757,window-0121-forward-00001,window-0121-reverse-00002,wall,both,both,present,uncertain,medium,Forward left cut and reverse right cut retain readable road contact; upper rock forms remain dominant.,AI_PROPOSED_CONTACT_SCREEN,,,
439,121,32.363039561607515,window-0121-forward-00002,window-0121-reverse-00001,wall,both,both,present,uncertain,medium,Curving road shows low opposite bank and large main cut; upper broad slope retains readable planes.,AI_PROPOSED_CONTACT_SCREEN,,,
440,121,48.544559342411276,window-0121-forward-00003,window-0121-reverse-00000,wall,both,both,present,uncertain,medium,Forward valley rock faces and reverse layered hillside both need larger scale form continuity.,AI_PROPOSED_CONTACT_SCREEN,,,
441,122,0.0,window-0122-forward-00000,window-0122-reverse-00002,wall,both,both,present,uncertain,medium,Forward upper slope and left cut dominate; reverse right cut opens onto distinct mountain silhouette.,AI_PROPOSED_CONTACT_SCREEN,,,
442,122,19.507784169168843,window-0122-forward-00001,window-0122-reverse-00001,wall,both,both,present,uncertain,medium,Left forward and right reverse cuts are close; reverse pointed rock mass has readable face divisions.,AI_PROPOSED_CONTACT_SCREEN,,,
443,122,39.01556833833769,window-0122-forward-00002,window-0122-reverse-00000,wall,both,both,present,uncertain,medium,Roadside facets remain close while reverse mountain faces and skyline become prominent.,AI_PROPOSED_CONTACT_SCREEN,,,
444,123,0.0,window-0123-forward-00000,window-0123-reverse-00003,wall,both,left,present,uncertain,medium,Forward right cut fills near edge and reverse upper pale slope occupies much of view; pointed skyline in forward background.,AI_PROPOSED_CONTACT_SCREEN,,,
445,123,15.343275550239015,window-0123-forward-00001,window-0123-reverse-00002,wall,both,left,present,uncertain,medium,Forward right wall and opposite low bank remain close; reverse broad uphill face retains visible large forms.,AI_PROPOSED_CONTACT_SCREEN,,,
446,123,30.68655110047803,window-0123-forward-00002,window-0123-reverse-00001,wall,both,left,present,uncertain,medium,Right forward and left reverse cuts expose repeated large plane changes; broad reverse hillside remains readable.,AI_PROPOSED_CONTACT_SCREEN,,,
447,123,46.02982665071705,window-0123-forward-00003,window-0123-reverse-00000,wall,both,left,present,uncertain,medium,Reverse upper rocky slope is substantial; forward distant pointed peak supplies skyline rather than proven fine detail.,AI_PROPOSED_CONTACT_SCREEN,,,
448,124,0.0,window-0124-forward-00000,window-0124-reverse-00006,wall,both,left,uncertain,uncertain,medium,Right forward wall and left reverse wall need road contact; distant forward peak is clear but broad-face priority is uncertain.,AI_PROPOSED_CONTACT_SCREEN,,,
449,124,16.668518594077547,window-0124-forward-00001,window-0124-reverse-00005,wall,both,left,uncertain,uncertain,medium,Curving roadside cut reads near facets; distant left peak remains skyline context.,AI_PROPOSED_CONTACT_SCREEN,,,
450,124,33.337037188155094,window-0124-forward-00002,window-0124-reverse-00004,wall,both,left,uncertain,uncertain,medium,"Forward main cut occupies right view, reverse low left cut leads toward broader slope; B extent uncertain at contact resolution.",AI_PROPOSED_CONTACT_SCREEN,,,
451,124,50.00555578223264,window-0124-forward-00003,window-0124-reverse-00003,wall,both,left,uncertain,uncertain,medium,Close main cuts persist in opposite directions; distant rocky outline remains visible above lower bank.,AI_PROPOSED_CONTACT_SCREEN,,,
452,124,66.67407437631019,window-0124-forward-00004,window-0124-reverse-00002,wall,both,left,uncertain,uncertain,medium,Forward curve reveals prominent right cut; remote peak has clear outline but limited interior-face evidence.,AI_PROPOSED_CONTACT_SCREEN,,,
453,124,83.34259297038774,window-0124-forward-00005,window-0124-reverse-00001,wall,both,left,uncertain,uncertain,medium,Main roadside wall wraps bend; skyline rocks remain separate from near bank details.,AI_PROPOSED_CONTACT_SCREEN,,,
454,124,100.01111156446528,window-0124-forward-00006,window-0124-reverse-00000,wall,both,left,uncertain,uncertain,medium,Cuts and opposite low banks flank road; forward jagged ridge is clear while its broad face is only partly legible.,AI_PROPOSED_CONTACT_SCREEN,,,
455,125,0.0,window-0125-forward-00000,window-0125-reverse-00005,wall,both,both,uncertain,uncertain,medium,"Forward road follows right cut with low left bank; reverse left wall leads into hillside, distant jagged ridge remains.",AI_PROPOSED_CONTACT_SCREEN,,,
456,125,17.52040146894838,window-0125-forward-00001,window-0125-reverse-00004,wall,both,both,present,uncertain,medium,Forward large pale vertical faces rise beyond both near banks; reverse main cut remains close on left.,AI_PROPOSED_CONTACT_SCREEN,,,
457,125,35.04080293789676,window-0125-forward-00002,window-0125-reverse-00003,wall,both,both,present,uncertain,medium,Road bends toward broad rocky escarpment with visible vertical plane changes and distinct top outline.,AI_PROPOSED_CONTACT_SCREEN,,,
458,125,52.561204406845135,window-0125-forward-00003,window-0125-reverse-00002,wall,both,both,present,uncertain,medium,Forward pale cliff face occupies substantial upper view; road-edge cuts require contact continuity.,AI_PROPOSED_CONTACT_SCREEN,,,
459,125,70.08160587579351,window-0125-forward-00004,window-0125-reverse-00001,wall,both,both,present,uncertain,medium,Large forward rock wall becomes dominant above near purple cut; upper edge and ledges remain readable.,AI_PROPOSED_CONTACT_SCREEN,,,
460,125,87.60200734474189,window-0125-forward-00005,window-0125-reverse-00000,wall,both,both,present,uncertain,medium,Broad cliff faces fill forward view above bank; distant skyline mostly occluded in both views.,AI_PROPOSED_CONTACT_SCREEN,,,
461,126,0.0,window-0126-forward-00000,window-0126-reverse-00001,wall,both,both,present,uncertain,medium,Bend lies directly below large pale cliff; both low banks and upper face shape remain visible.,AI_PROPOSED_CONTACT_SCREEN,,,
462,126,9.388061660668805,window-0126-forward-00001,window-0126-reverse-00000,wall,both,both,present,uncertain,medium,Reverse broad vertical cliff has visible face divisions over road bend; background skyline largely obscured.,AI_PROPOSED_CONTACT_SCREEN,,,
463,127,0.0,window-0127-forward-00000,window-0127-reverse-00005,wall,both,both,present,present,medium,Forward close right vertical cut frames sea opening; reverse broad pale rock face remains readable.,AI_PROPOSED_CONTACT_SCREEN,,,
464,127,17.138256581648697,window-0127-forward-00001,window-0127-reverse-00004,wall,both,both,present,present,medium,Both directions expose large road cuts; sea-facing silhouettes and reverse pale escarpment each matter.,AI_PROPOSED_CONTACT_SCREEN,,,
465,127,34.276513163297395,window-0127-forward-00002,window-0127-reverse-00003,wall,both,both,present,present,medium,Forward paired rock pillars frame road and coast; reverse upper cliff planes stay readable.,AI_PROPOSED_CONTACT_SCREEN,,,
466,127,51.4147697449461,window-0127-forward-00003,window-0127-reverse-00002,wall,both,both,present,present,medium,Road passes between near cuts; coast opens forward while reverse broad cliff face remains visible.,AI_PROPOSED_CONTACT_SCREEN,,,
467,127,68.55302632659479,window-0127-forward-00004,window-0127-reverse-00001,wall,both,both,present,present,medium,Forward right wall and coast-facing jagged contour read strongly; reverse broad rock face stays in context.,AI_PROPOSED_CONTACT_SCREEN,,,
468,127,85.6912829082435,window-0127-forward-00005,window-0127-reverse-00000,wall,both,left,present,present,medium,Forward road lies between jagged near cuts toward sea; reverse broad pale cliff above road remains readable.,AI_PROPOSED_CONTACT_SCREEN,,,
469,128,0.0,window-0128-forward-00000,window-0128-reverse-00005,wall,both,left,present,present,medium,Close opposing cuts form passage; reverse broad upper rock face has visible divisions and forward coastal skyline.,AI_PROPOSED_CONTACT_SCREEN,,,
470,128,17.14086236578456,window-0128-forward-00001,window-0128-reverse-00004,wall,both,left,present,present,medium,Forward cuts frame sea slot; reverse large rock face remains visible above close wall.,AI_PROPOSED_CONTACT_SCREEN,,,
471,128,34.28172473156912,window-0128-forward-00002,window-0128-reverse-00003,wall,both,both,present,uncertain,low,Tall close cuts flank both directions; black roadway appearance is inconclusive without original inspection.,AI_PROPOSED_CONTACT_SCREEN,,,
472,128,51.42258709735368,window-0128-forward-00003,window-0128-reverse-00002,wall,right,both,present,present,medium,Forward right wall opens toward coast; reverse passage and broad uphill rock face remain legible.,AI_PROPOSED_CONTACT_SCREEN,,,
473,128,68.56344946313824,window-0128-forward-00004,window-0128-reverse-00001,wall,right,left,uncertain,present,medium,"Forward right cut dominates roadside; reverse distant rock faces are partly obscured, while sea-facing outline stays visible.",AI_PROPOSED_CONTACT_SCREEN,,,
474,128,85.7043118289228,window-0128-forward-00005,window-0128-reverse-00000,wall,right,left,uncertain,present,medium,Strong forward right cut and reverse opposing banks; remote uphill face priority is uncertain at contact resolution.,AI_PROPOSED_CONTACT_SCREEN,,,
475,129,0.0,window-0129-forward-00000,window-0129-reverse-00003,wall,right,left,uncertain,present,medium,Forward right wall and reverse left wall remain close; distant rocky hillside forms skyline context.,AI_PROPOSED_CONTACT_SCREEN,,,
476,129,13.710029948158285,window-0129-forward-00001,window-0129-reverse-00002,wall,right,left,uncertain,present,medium,Coastal forward view reads wall top against sea; reverse upper hillside partly clipped and B membership uncertain.,AI_PROPOSED_CONTACT_SCREEN,,,
477,129,27.42005989631657,window-0129-forward-00002,window-0129-reverse-00001,wall,right,left,uncertain,present,medium,Roadside main cut has broad facets; far ridge contributes skyline while interior-face importance remains unresolved.,AI_PROPOSED_CONTACT_SCREEN,,,
478,129,41.13008984447485,window-0129-forward-00003,window-0129-reverse-00000,wall,right,left,uncertain,present,medium,"Right forward wall lowers toward horizon; left reverse wall leads into rock slope, with skyline retained.",AI_PROPOSED_CONTACT_SCREEN,,,
479,130,0.0,window-0130-forward-00000,window-0130-reverse-00005,wall,right,left,uncertain,present,medium,Main cut follows road on right forward/left reverse; small coastal peak silhouette remains readable.,AI_PROPOSED_CONTACT_SCREEN,,,
480,130,19.94249081625251,window-0130-forward-00001,window-0130-reverse-00004,wall,right,left,present,present,medium,Reverse large pale hillside face rises above left cut; forward small coastal peak and sea outline remain distinct.,AI_PROPOSED_CONTACT_SCREEN,,,
481,130,39.88498163250502,window-0130-forward-00002,window-0130-reverse-00003,wall,right,left,present,present,medium,Close wall wraps road and reverse broad rocky slope remains clearly visible; forward coastal peak outline retained.,AI_PROPOSED_CONTACT_SCREEN,,,
482,130,59.82747244875753,window-0130-forward-00003,window-0130-reverse-00002,wall,right,left,present,present,medium,Reverse broad rocky outcrop fills upper-left context with readable planes; forward sea-facing silhouette stays visible.,AI_PROPOSED_CONTACT_SCREEN,,,
483,130,79.76996326501003,window-0130-forward-00004,window-0130-reverse-00001,wall,right,left,absent,present,medium,Main cut and low coastal-side ground dominate foreground; background rocks appear as small outlines.,AI_PROPOSED_CONTACT_SCREEN,,,
484,130,99.71245408126255,window-0130-forward-00005,window-0130-reverse-00000,bank,right,left,absent,present,medium,Road banks lower and open coast in both directions; no separate dominant broad rock face visible in these two views.,AI_PROPOSED_CONTACT_SCREEN,,,
485,131,0.0,window-0131-forward-00000,window-0131-reverse-00001,bank,right,left,absent,present,medium,Low banks frame road toward open sea; preserve bank-to-ground transition and coarse coastal relief.,AI_PROPOSED_CONTACT_SCREEN,,,
486,131,1.004152159917426,window-0131-forward-00001,window-0131-reverse-00000,bank,right,left,absent,present,medium,Short adjoining low-bank section retains open coastal panorama; no dominant distant wall in paired views.,AI_PROPOSED_CONTACT_SCREEN,,,
487,132,0.0,window-0132-forward-00000,window-0132-reverse-00006,bank,both,both,present,present,medium,Forward bank below rocky outcrop and reverse broad valley rock faces retain important large forms.,AI_PROPOSED_CONTACT_SCREEN,,,
488,132,16.67613670358631,window-0132-forward-00001,window-0132-reverse-00005,wall,both,both,present,present,medium,Forward roadside cut grows; reverse valley has prominent broad rock faces and higher skyline.,AI_PROPOSED_CONTACT_SCREEN,,,
489,132,33.35227340717262,window-0132-forward-00002,window-0132-reverse-00004,wall,both,both,present,present,medium,Close forward wall and reverse low bank bound road; reverse large mountain face remains readable.,AI_PROPOSED_CONTACT_SCREEN,,,
490,132,50.02841011075893,window-0132-forward-00003,window-0132-reverse-00003,wall,both,both,present,present,medium,Forward cut occupies right foreground; reverse mountain face and distant crest supply B and C context.,AI_PROPOSED_CONTACT_SCREEN,,,
491,132,66.70454681434524,window-0132-forward-00004,window-0132-reverse-00002,wall,both,left,present,present,medium,Forward right wall remains close while reverse large dark-faced peak dominates upper valley. Original reverse confirms steep left cut and broad valley faces; opposite right side is sloping ground.,AI_PROPOSED_CONTACT_SCREEN,,,
492,132,83.38068351793154,window-0132-forward-00005,window-0132-reverse-00001,wall,right,left,present,uncertain,medium,Forward right wall frames open sea; reverse mountain faces occupy upper valley with readable plane divisions.,AI_PROPOSED_CONTACT_SCREEN,,,
493,132,100.05682022151785,window-0132-forward-00006,window-0132-reverse-00000,wall,right,left,present,uncertain,medium,Road rounds near cut toward coast; reverse large pale rocky slope becomes more prominent.,AI_PROPOSED_CONTACT_SCREEN,,,
494,133,0.0,window-0133-forward-00000,window-0133-reverse-00003,wall,right,left,present,uncertain,medium,Close right forward/left reverse cut persists; reverse upper valley faces remain readable.,AI_PROPOSED_CONTACT_SCREEN,,,
495,133,16.02051440147053,window-0133-forward-00001,window-0133-reverse-00002,wall,right,left,present,present,medium,Forward low coastal ground and right wall contrast with reverse broad rocky outcrop.,AI_PROPOSED_CONTACT_SCREEN,,,
496,133,32.04102880294106,window-0133-forward-00002,window-0133-reverse-00001,wall,right,left,present,present,medium,Reverse large rocky mound and upper cliff rise beyond main left cut; forward coastline remains open.,AI_PROPOSED_CONTACT_SCREEN,,,
497,133,48.061543204411585,window-0133-forward-00003,window-0133-reverse-00000,wall,right,left,present,present,medium,Reverse ridge face remains significant above near wall while forward sea horizon opens.,AI_PROPOSED_CONTACT_SCREEN,,,
498,134,0.0,window-0134-forward-00000,window-0134-reverse-00003,wall,right,left,present,present,medium,Forward cut becomes lower but remains close; reverse upper rocky face remains broad and readable.,AI_PROPOSED_CONTACT_SCREEN,,,
499,134,13.842272633052078,window-0134-forward-00001,window-0134-reverse-00002,wall,right,left,present,present,medium,Coastal roadside wall changes into stepped bank; reverse upper outcrop and cliff divisions stay visible.,AI_PROPOSED_CONTACT_SCREEN,,,
500,134,27.684545266104156,window-0134-forward-00002,window-0134-reverse-00001,wall,right,left,present,present,medium,Forward main cut lowers along straight road; reverse rock slope occupies substantial upper view.,AI_PROPOSED_CONTACT_SCREEN,,,
501,134,41.526817899156235,window-0134-forward-00003,window-0134-reverse-00000,wall,right,left,present,present,medium,Forward bank and open sea contrast with reverse broad rocky slope; road-edge blending still matters.,AI_PROPOSED_CONTACT_SCREEN,,,
502,135,0.0,window-0135-forward-00000,window-0135-reverse-00001,wall,both,both,present,present,medium,"Both near banks wrap tight curve, forward broad upper rock slope readable; reverse hillside has large ledge bands.",AI_PROPOSED_CONTACT_SCREEN,,,
503,135,9.444819703710607,window-0135-forward-00001,window-0135-reverse-00000,wall,both,both,present,present,medium,Paired curve exposes close roadside forms and broad uphill slopes; visible upper planes merit B continuity.,AI_PROPOSED_CONTACT_SCREEN,,,
504,136,0.0,window-0136-forward-00000,window-0136-reverse-00001,bank,right,left,present,uncertain,medium,"Low forward right bank opens onto sea, reverse broad rocky slope readable above close left cut.",AI_PROPOSED_CONTACT_SCREEN,,,
505,136,5.504780573259333,window-0136-forward-00001,window-0136-reverse-00000,bank,right,left,present,uncertain,low,Apparent road end and bank contact require original confirmation; reverse broad outcrop remains visible.,AI_PROPOSED_CONTACT_SCREEN,,,
506,137,0.0,window-0137-forward-00000,window-0137-reverse-00001,wall,both,both,present,absent,medium,Tight bend has close cuts on both sides and broad upper slope; distant skyline largely occluded.,AI_PROPOSED_CONTACT_SCREEN,,,
507,137,13.76236577902601,window-0137-forward-00001,window-0137-reverse-00000,wall,both,both,present,absent,medium,Both directions frame close curved cuts below broad uphill rock faces; no separate panorama visible.,AI_PROPOSED_CONTACT_SCREEN,,,
508,138,0.0,window-0138-forward-00000,window-0138-reverse-00004,wall,right,left,uncertain,uncertain,low,Close forward right cut and reverse left bank flank dark road patches; broad-face visibility uncertain.,AI_PROPOSED_CONTACT_SCREEN,,,
509,138,19.03237396767869,window-0138-forward-00001,window-0138-reverse-00003,wall,right,left,uncertain,uncertain,low,"Forward right wall and reverse left wall remain close; coastal horizon is visible, dark road areas need original check.",AI_PROPOSED_CONTACT_SCREEN,,,
510,138,38.06474793535738,window-0138-forward-00002,window-0138-reverse-00002,wall,right,left,uncertain,uncertain,low,Main cut hugs road edge; reverse sea remains open and far uphill face partly clipped.,AI_PROPOSED_CONTACT_SCREEN,,,
511,138,57.09712190303607,window-0138-forward-00003,window-0138-reverse-00001,wall,right,left,uncertain,uncertain,low,Road-edge cut and opposite low ground remain visible despite dark road appearance; remote-face classification uncertain.,AI_PROPOSED_CONTACT_SCREEN,,,
512,138,76.12949587071476,window-0138-forward-00004,window-0138-reverse-00000,wall,right,left,uncertain,uncertain,low,Forward main bank lowers while reverse left cut retains large facets; coastal panorama remains open.,AI_PROPOSED_CONTACT_SCREEN,,,
513,139,0.0,window-0139-forward-00000,window-0139-reverse-00001,bank,right,left,present,uncertain,medium,Forward low roadside banks and reverse broad valley faces both remain visible around apparent road end.,AI_PROPOSED_CONTACT_SCREEN,,,
514,139,17.050380898296417,window-0139-forward-00001,window-0139-reverse-00000,bank,right,left,present,uncertain,low,Near bank-to-ground transition needs care; reverse valley contains broad readable rocky upper slope.,AI_PROPOSED_CONTACT_SCREEN,,,
515,140,0.0,window-0140-forward-00000,window-0140-reverse-00001,wall,right,left,uncertain,uncertain,low,Forward right cut leads into bend while reverse left wall opens to sea; dark road patches do not establish geometry cause.,AI_PROPOSED_CONTACT_SCREEN,,,
516,140,10.786661104308688,window-0140-forward-00001,window-0140-reverse-00000,wall,right,left,present,present,low,"Forward right cut sits below broad uphill rocky face; reverse main left cut overlooks coast, dark strip needs original check.",AI_PROPOSED_CONTACT_SCREEN,,,
517,141,0.0,window-0141-forward-00000,window-0141-reverse-00004,wall,right,left,present,present,medium,Forward upper rocky hillside occupies much of view; reverse roadside wall remains close and sea-visible.,AI_PROPOSED_CONTACT_SCREEN,,,
518,141,17.010185148799515,window-0141-forward-00001,window-0141-reverse-00003,wall,right,left,present,present,medium,Forward broad rocky slope above main right cut remains readable; reverse cut continues beside open coast.,AI_PROPOSED_CONTACT_SCREEN,,,
519,141,34.02037029759903,window-0141-forward-00002,window-0141-reverse-00002,wall,right,left,present,present,medium,Close road cuts and forward broad textured rocky face stay visible; dark margins are inconclusive.,AI_PROPOSED_CONTACT_SCREEN,,,
520,141,51.030555446398544,window-0141-forward-00003,window-0141-reverse-00001,wall,right,left,present,present,medium,Forward upper slope shows large bouldery forms beyond near cut; reverse coast silhouette remains open.,AI_PROPOSED_CONTACT_SCREEN,,,
521,141,68.04074059519806,window-0141-forward-00004,window-0141-reverse-00000,wall,right,left,present,present,medium,Road enters curve below broad uphill rock slope; main cut base and low opposite bank remain readable.,AI_PROPOSED_CONTACT_SCREEN,,,
522,142,0.0,window-0142-forward-00000,window-0142-reverse-00002,bank,both,both,uncertain,present,medium,Lower near banks flank hairpin and upper pale slope is clipped; no confirmed distant broad-face priority.,AI_PROPOSED_CONTACT_SCREEN,,,
523,142,11.189068918384697,window-0142-forward-00001,window-0142-reverse-00001,bank,both,both,uncertain,present,medium,"Low road banks wrap turn, with forward sea opening and reverse upper slope clipped near frame edge.",AI_PROPOSED_CONTACT_SCREEN,,,
524,142,22.378137836769394,window-0142-forward-00002,window-0142-reverse-00000,bank,both,both,uncertain,present,medium,Near bank planes and road-to-ground transition remain important; broad upper rock patch is partly visible only.,AI_PROPOSED_CONTACT_SCREEN,,,
525,143,0.0,window-0143-forward-00000,window-0143-reverse-00003,bank,both,both,uncertain,present,medium,"Close banks taper along coastal road, reverse opens toward valley; remote rock-face detail remains uncertain.",AI_PROPOSED_CONTACT_SCREEN,,,
526,143,17.37627235597935,window-0143-forward-00001,window-0143-reverse-00002,bank,both,both,uncertain,present,medium,Low banks flank road with broad coastal panorama; upper valley forms are partly clipped.,AI_PROPOSED_CONTACT_SCREEN,,,
527,143,34.7525447119587,window-0143-forward-00002,window-0143-reverse-00001,bank,both,both,uncertain,present,medium,Forward low main bank and reverse curved near banks remain visible; far valley ridge supplies skyline context.,AI_PROPOSED_CONTACT_SCREEN,,,
528,143,52.128817067938044,window-0143-forward-00003,window-0143-reverse-00000,bank,right,left,uncertain,present,medium,Low roadside bank and broad valley context remain visible; no distinct bounded dominant-face identity.,AI_PROPOSED_CONTACT_SCREEN,,,
529,144,0.0,window-0144-forward-00000,window-0144-reverse-00001,bank,left,right,present,present,medium,Forward plateau escarpment stretches across upper view above left bank; reverse coastal bluff has readable silhouette.,AI_PROPOSED_CONTACT_SCREEN,,,
530,144,12.997773176743115,window-0144-forward-00001,window-0144-reverse-00000,bank,left,right,present,present,medium,Near left forward/right reverse banks expose road contact; forward broad plateau faces remain visible.,AI_PROPOSED_CONTACT_SCREEN,,,
531,145,0.0,window-0145-forward-00000,window-0145-reverse-00001,bank,left,right,present,present,medium,Forward long upper escarpment has readable vertical divisions; reverse main bank overlooks coast.,AI_PROPOSED_CONTACT_SCREEN,,,
532,145,15.562952999781762,window-0145-forward-00001,window-0145-reverse-00000,bank,left,right,present,present,medium,Broad forward plateau face remains visible above low bank; reverse sea and small coastal ridge retain outline.,AI_PROPOSED_CONTACT_SCREEN,,,
533,146,0.0,window-0146-forward-00000,window-0146-reverse-00003,bank,left,right,present,present,medium,Road banks and broad uphill escarpment remain visible; distant large face needs macroform preservation.,AI_PROPOSED_CONTACT_SCREEN,,,
534,146,17.892193894971275,window-0146-forward-00001,window-0146-reverse-00002,bank,left,right,present,present,medium,"Forward long plateau wall occupies upper view, reverse main right bank and coastal relief remain readable.",AI_PROPOSED_CONTACT_SCREEN,,,
535,146,35.78438778994255,window-0146-forward-00002,window-0146-reverse-00001,wall,left,right,uncertain,present,medium,"Original forward shows steep left road cut and broad valley ground, but upper escarpment is a narrow clipped band; B membership uncertain. Reverse coastal terrain supplies separate panorama context.",AI_PROPOSED_CONTACT_SCREEN,,,
536,146,53.67658168491383,window-0146-forward-00003,window-0146-reverse-00000,bank,left,right,present,present,medium,Close low banks guide road bend; forward upper plateau face remains broad despite limited pixel height.,AI_PROPOSED_CONTACT_SCREEN,,,
537,147,0.0,window-0147-forward-00000,window-0147-reverse-00002,bank,left,right,present,present,medium,Upper forward plateau escarpment forms broad horizon face; reverse main bank and coastal skyline remain visible.,AI_PROPOSED_CONTACT_SCREEN,,,
538,147,12.164875553097831,window-0147-forward-00001,window-0147-reverse-00001,bank,left,right,present,present,medium,Curving near banks below broad upland escarpment; reverse hillside has distinct large contour.,AI_PROPOSED_CONTACT_SCREEN,,,
539,147,24.329751106195662,window-0147-forward-00002,window-0147-reverse-00000,bank,left,right,present,present,medium,Tight curve exposes bank contact and ground transition; forward upland broad face and reverse long ridge remain visible.,AI_PROPOSED_CONTACT_SCREEN,,,
540,148,0.0,window-0148-forward-00000,window-0148-reverse-00001,bank,left,right,uncertain,present,medium,"Main bank lies left forward/right reverse; coast and upper rocky slope visible, but broad-face boundary uncertain.",AI_PROPOSED_CONTACT_SCREEN,,,
541,148,14.048838867907557,window-0148-forward-00001,window-0148-reverse-00000,bank,left,right,uncertain,present,medium,Near main bank curves beside road; reverse uphill rock forms partly clipped while coast remains open.,AI_PROPOSED_CONTACT_SCREEN,,,
542,149,0.0,window-0149-forward-00000,window-0149-reverse-00004,bank,left,right,present,present,medium,Forward low bank and reverse upper-right long rock face both visible; preserve broad cliff divisions and panorama.,AI_PROPOSED_CONTACT_SCREEN,,,
543,149,18.423844369944305,window-0149-forward-00001,window-0149-reverse-00003,bank,left,right,present,present,medium,Road-edge main bank remains close while reverse long upper-right escarpment is readable against sky.,AI_PROPOSED_CONTACT_SCREEN,,,
544,149,36.84768873988861,window-0149-forward-00002,window-0149-reverse-00002,wall,left,right,present,present,medium,Larger close cut develops left forward/right reverse; reverse upper cliff retains visible broad form divisions.,AI_PROPOSED_CONTACT_SCREEN,,,
545,149,55.271533109832916,window-0149-forward-00003,window-0149-reverse-00001,wall,left,right,uncertain,present,medium,Near wall grows along roadside and distant upper escarpment partly exits frame; B extent unresolved.,AI_PROPOSED_CONTACT_SCREEN,,,
546,149,73.69537747977722,window-0149-forward-00004,window-0149-reverse-00000,wall,left,right,uncertain,present,medium,Close main wall extends beside road while upland broad-face evidence is clipped in paired views.,AI_PROPOSED_CONTACT_SCREEN,,,
547,150,0.0,window-0150-forward-00000,window-0150-reverse-00003,bank,left,right,present,present,medium,Road beside main bank opens forward toward broad plateau escarpment with readable vertical divisions.,AI_PROPOSED_CONTACT_SCREEN,,,
548,150,13.340926659907959,window-0150-forward-00001,window-0150-reverse-00002,bank,left,right,present,present,medium,Near bank-road contact remains visible; forward plateau face occupies upper context and coastal skyline remains open reverse.,AI_PROPOSED_CONTACT_SCREEN,,,
549,150,26.681853319815918,window-0150-forward-00002,window-0150-reverse-00001,bank,left,right,present,present,medium,Forward broad escarpment retains large face divisions above low bank; reverse sea-facing silhouette stays visible.,AI_PROPOSED_CONTACT_SCREEN,,,
550,150,40.02277997972388,window-0150-forward-00003,window-0150-reverse-00000,bank,left,right,present,present,medium,Main roadside bank remains close while broad forward upland escarpment continues across skyline.,AI_PROPOSED_CONTACT_SCREEN,,,
551,151,0.0,window-0151-forward-00000,window-0151-reverse-00001,bank,left,right,uncertain,present,medium,Road follows close main cut with broad landscape opening; partly clipped upper plateau face makes B extent uncertain.,AI_PROPOSED_CONTACT_SCREEN,,,
552,151,14.041397277818424,window-0151-forward-00001,window-0151-reverse-00000,wall,both,both,absent,present,medium,Both roadside banks and an uphill cut are visible; the seaward view has a low distant ridge but no dominant broad wall.,AI_PROPOSED_CONTACT_SCREEN,,,
553,152,0.0,window-0152-forward-00000,window-0152-reverse-00001,wall,both,both,present,uncertain,medium,Roadside cut faces and lower opposing banks frame the asphalt; the opposite view exposes a long escarpment and stepped upper slope. Separate distant C terrain is not established; a B face outline alone does not qualify.,AI_PROPOSED_CONTACT_SCREEN,,,
554,152,14.021346387054281,window-0152-forward-00001,window-0152-reverse-00000,wall,both,both,present,uncertain,medium,Roadside cut faces and lower opposing banks frame the asphalt; the opposite view exposes a long escarpment and stepped upper slope. Separate distant C terrain is not established; a B face outline alone does not qualify.,AI_PROPOSED_CONTACT_SCREEN,,,
555,153,0.0,window-0153-forward-00000,window-0153-reverse-00001,wall,both,both,present,uncertain,medium,Roadside cut faces and lower opposing banks frame the asphalt; the opposite view exposes a long escarpment and stepped upper slope. Separate distant C terrain is not established; a B face outline alone does not qualify.,AI_PROPOSED_CONTACT_SCREEN,,,
556,153,9.495763754991819,window-0153-forward-00001,window-0153-reverse-00000,wall,both,both,present,uncertain,medium,Roadside cut faces and lower opposing banks frame the asphalt; the opposite view exposes a long escarpment and stepped upper slope. Separate distant C terrain is not established; a B face outline alone does not qualify.,AI_PROPOSED_CONTACT_SCREEN,,,
557,154,0.0,window-0154-forward-00000,window-0154-reverse-00002,wall,both,both,present,uncertain,medium,Roadside cut faces and lower opposing banks frame the asphalt; the opposite view exposes a long escarpment and stepped upper slope. Separate distant C terrain is not established; a B face outline alone does not qualify.,AI_PROPOSED_CONTACT_SCREEN,,,
558,154,10.781818209349542,window-0154-forward-00001,window-0154-reverse-00001,wall,both,both,present,uncertain,medium,Roadside cut faces and lower opposing banks frame the asphalt; the opposite view exposes a long escarpment and stepped upper slope. Separate distant C terrain is not established; a B face outline alone does not qualify.,AI_PROPOSED_CONTACT_SCREEN,,,
559,154,21.563636418699083,window-0154-forward-00002,window-0154-reverse-00000,wall,both,both,present,uncertain,medium,Roadside cut faces and lower opposing banks frame the asphalt; the opposite view exposes a long escarpment and stepped upper slope. Separate distant C terrain is not established; a B face outline alone does not qualify.,AI_PROPOSED_CONTACT_SCREEN,,,
560,155,0.0,window-0155-forward-00000,window-0155-reverse-00001,wall,both,both,present,uncertain,medium,Roadside cut faces and lower opposing banks frame the asphalt; the opposite view exposes a long escarpment and stepped upper slope. Separate distant C terrain is not established; a B face outline alone does not qualify.,AI_PROPOSED_CONTACT_SCREEN,,,
561,155,14.060965856780507,window-0155-forward-00001,window-0155-reverse-00000,wall,both,both,present,uncertain,medium,Roadside cut faces and lower opposing banks frame the asphalt; the opposite view exposes a long escarpment and stepped upper slope. Separate distant C terrain is not established; a B face outline alone does not qualify.,AI_PROPOSED_CONTACT_SCREEN,,,
562,156,0.0,window-0156-forward-00000,window-0156-reverse-00001,wall,both,both,present,uncertain,medium,Roadside cut faces and lower opposing banks frame the asphalt; the opposite view exposes a long escarpment and stepped upper slope. Separate distant C terrain is not established; a B face outline alone does not qualify.,AI_PROPOSED_CONTACT_SCREEN,,,
563,156,14.033544138496413,window-0156-forward-00001,window-0156-reverse-00000,wall,both,both,present,uncertain,medium,Roadside cut faces and lower opposing banks frame the asphalt; the opposite view exposes a long escarpment and stepped upper slope. Separate distant C terrain is not established; a B face outline alone does not qualify.,AI_PROPOSED_CONTACT_SCREEN,,,
564,157,0.0,window-0157-forward-00000,window-0157-reverse-00002,wall,both,both,present,uncertain,medium,Close uphill cut faces contrast with lower downhill banks; reverse views show switchbacks beneath a readable distant escarpment and skyline. Separate distant C terrain is not established; a B face outline alone does not qualify.,AI_PROPOSED_CONTACT_SCREEN,,,
565,157,12.51179203446196,window-0157-forward-00001,window-0157-reverse-00001,wall,both,both,present,uncertain,medium,Close uphill cut faces contrast with lower downhill banks; reverse views show switchbacks beneath a readable distant escarpment and skyline. Separate distant C terrain is not established; a B face outline alone does not qualify.,AI_PROPOSED_CONTACT_SCREEN,,,
566,157,25.02358406892392,window-0157-forward-00002,window-0157-reverse-00000,wall,both,both,present,uncertain,medium,Close uphill cut faces contrast with lower downhill banks; reverse views show switchbacks beneath a readable distant escarpment and skyline. Separate distant C terrain is not established; a B face outline alone does not qualify.,AI_PROPOSED_CONTACT_SCREEN,,,
567,158,0.0,window-0158-forward-00000,window-0158-reverse-00002,wall,left,right,absent,uncertain,medium,An uphill cut and low outer shoulder follow a crest bend; the seaward view is open and the inland upper slope lacks a dominant wall. Separate distant C terrain is not established; a B face outline alone does not qualify.,AI_PROPOSED_CONTACT_SCREEN,,,
568,158,16.49222864571343,window-0158-forward-00001,window-0158-reverse-00001,wall,left,right,absent,uncertain,medium,An uphill cut and low outer shoulder follow a crest bend; the seaward view is open and the inland upper slope lacks a dominant wall. Separate distant C terrain is not established; a B face outline alone does not qualify.,AI_PROPOSED_CONTACT_SCREEN,,,
569,158,32.98445729142686,window-0158-forward-00002,window-0158-reverse-00000,wall,both,both,present,uncertain,medium,Close uphill cut faces contrast with lower downhill banks; reverse views show switchbacks beneath a readable distant escarpment and skyline. Separate distant C terrain is not established; a B face outline alone does not qualify.,AI_PROPOSED_CONTACT_SCREEN,,,
570,159,0.0,window-0159-forward-00000,window-0159-reverse-00003,wall,both,both,present,uncertain,medium,Close uphill cut faces contrast with lower downhill banks; reverse views show switchbacks beneath a readable distant escarpment and skyline. Separate distant C terrain is not established; a B face outline alone does not qualify.,AI_PROPOSED_CONTACT_SCREEN,,,
571,159,18.03939526387205,window-0159-forward-00001,window-0159-reverse-00002,wall,both,both,present,uncertain,medium,Close uphill cut faces contrast with lower downhill banks; reverse views show switchbacks beneath a readable distant escarpment and skyline. Separate distant C terrain is not established; a B face outline alone does not qualify.,AI_PROPOSED_CONTACT_SCREEN,,,
572,159,36.0787905277441,window-0159-forward-00002,window-0159-reverse-00001,wall,both,both,present,uncertain,medium,Close uphill cut faces contrast with lower downhill banks; reverse views show switchbacks beneath a readable distant escarpment and skyline. Separate distant C terrain is not established; a B face outline alone does not qualify.,AI_PROPOSED_CONTACT_SCREEN,,,
573,159,54.11818579161614,window-0159-forward-00003,window-0159-reverse-00000,wall,both,both,present,uncertain,medium,Close uphill cut faces contrast with lower downhill banks; reverse views show switchbacks beneath a readable distant escarpment and skyline. Separate distant C terrain is not established; a B face outline alone does not qualify.,AI_PROPOSED_CONTACT_SCREEN,,,
574,160,0.0,window-0160-forward-00000,window-0160-reverse-00002,wall,both,both,present,uncertain,medium,Close uphill cut faces contrast with lower downhill banks; reverse views show switchbacks beneath a readable distant escarpment and skyline. Separate distant C terrain is not established; a B face outline alone does not qualify.,AI_PROPOSED_CONTACT_SCREEN,,,
575,160,14.50399684667101,window-0160-forward-00001,window-0160-reverse-00001,wall,both,both,present,uncertain,medium,Close uphill cut faces contrast with lower downhill banks; reverse views show switchbacks beneath a readable distant escarpment and skyline. Separate distant C terrain is not established; a B face outline alone does not qualify.,AI_PROPOSED_CONTACT_SCREEN,,,
576,160,29.00799369334202,window-0160-forward-00002,window-0160-reverse-00000,wall,left,right,present,uncertain,medium,"Readably faceted roadside walls persist; views open to a valley escarpment and coast, with layered slopes beyond the immediate road. Separate distant C terrain is not established; a B face outline alone does not qualify.",AI_PROPOSED_CONTACT_SCREEN,,,
577,161,0.0,window-0161-forward-00000,window-0161-reverse-00004,wall,both,both,present,present,medium,"Readably faceted roadside walls persist; views open to a valley escarpment and coast, with layered slopes beyond the immediate road.",AI_PROPOSED_CONTACT_SCREEN,,,
578,161,19.40347995886682,window-0161-forward-00001,window-0161-reverse-00003,wall,both,both,present,present,medium,"Readably faceted roadside walls persist; views open to a valley escarpment and coast, with layered slopes beyond the immediate road.",AI_PROPOSED_CONTACT_SCREEN,,,
579,161,38.80695991773364,window-0161-forward-00002,window-0161-reverse-00002,wall,both,both,present,present,medium,"Readably faceted roadside walls persist; views open to a valley escarpment and coast, with layered slopes beyond the immediate road.",AI_PROPOSED_CONTACT_SCREEN,,,
580,161,58.21043987660046,window-0161-forward-00003,window-0161-reverse-00001,wall,both,both,present,present,medium,"Readably faceted roadside walls persist; views open to a valley escarpment and coast, with layered slopes beyond the immediate road.",AI_PROPOSED_CONTACT_SCREEN,,,
581,161,77.61391983546729,window-0161-forward-00004,window-0161-reverse-00000,wall,both,both,present,present,medium,"Readably faceted roadside walls persist; views open to a valley escarpment and coast, with layered slopes beyond the immediate road.",AI_PROPOSED_CONTACT_SCREEN,,,
582,162,0.0,window-0162-forward-00000,window-0162-reverse-00003,wall,left,right,present,uncertain,medium,"Readably faceted roadside walls persist; views open to a valley escarpment and coast, with layered slopes beyond the immediate road. Separate distant C terrain is not established; a B face outline alone does not qualify.",AI_PROPOSED_CONTACT_SCREEN,,,
583,162,14.196160106052195,window-0162-forward-00001,window-0162-reverse-00002,wall,left,right,present,uncertain,medium,"Readably faceted roadside walls persist; views open to a valley escarpment and coast, with layered slopes beyond the immediate road. Separate distant C terrain is not established; a B face outline alone does not qualify.",AI_PROPOSED_CONTACT_SCREEN,,,
584,162,28.39232021210439,window-0162-forward-00002,window-0162-reverse-00001,wall,left,right,present,uncertain,medium,"Readably faceted roadside walls persist; views open to a valley escarpment and coast, with layered slopes beyond the immediate road. Separate distant C terrain is not established; a B face outline alone does not qualify.",AI_PROPOSED_CONTACT_SCREEN,,,
585,162,42.588480318156584,window-0162-forward-00003,window-0162-reverse-00000,wall,left,right,uncertain,uncertain,low,"Readably faceted roadside walls persist; views open to a valley escarpment and coast, with layered slopes beyond the immediate road. Separate distant C terrain is not established; a B face outline alone does not qualify.",AI_PROPOSED_CONTACT_SCREEN,,,
586,163,0.0,window-0163-forward-00000,window-0163-reverse-00003,wall,left,right,uncertain,uncertain,low,"Readably faceted roadside walls persist; views open to a valley escarpment and coast, with layered slopes beyond the immediate road. Separate distant C terrain is not established; a B face outline alone does not qualify.",AI_PROPOSED_CONTACT_SCREEN,,,
587,163,14.861179613446204,window-0163-forward-00001,window-0163-reverse-00002,wall,left,right,uncertain,uncertain,low,"Readably faceted roadside walls persist; views open to a valley escarpment and coast, with layered slopes beyond the immediate road. Separate distant C terrain is not established; a B face outline alone does not qualify.",AI_PROPOSED_CONTACT_SCREEN,,,
588,163,29.722359226892408,window-0163-forward-00002,window-0163-reverse-00001,wall,left,right,present,present,medium,Original reverse PNG resolves a large layered uphill wall on the right with readable planes and ledges (A contact plus B broad form). A separate distant triangular coastal ridge is visible center-left (C).,AI_PROPOSED_CONTACT_SCREEN,,,
589,163,44.58353884033861,window-0163-forward-00003,window-0163-reverse-00000,bank,left,right,absent,present,medium,The cut lowers into banks beside bends; inland views show broad ground slopes and small crest forms while seaward views open to a horizon. The broad upper face is modest in screen area here; avoid upgrading every rocky patch to B.,AI_PROPOSED_CONTACT_SCREEN,,,
590,164,0.0,window-0164-forward-00000,window-0164-reverse-00001,bank,left,right,uncertain,uncertain,low,The cut lowers into banks beside bends; inland views show broad ground slopes and small crest forms while seaward views open to a horizon. The broad upper face is modest in screen area here; avoid upgrading every rocky patch to B. Separate distant C terrain is not established; a B face outline alone does not qualify.,AI_PROPOSED_CONTACT_SCREEN,,,
591,164,14.028686653186725,window-0164-forward-00001,window-0164-reverse-00000,bank,left,right,uncertain,uncertain,low,The cut lowers into banks beside bends; inland views show broad ground slopes and small crest forms while seaward views open to a horizon. The broad upper face is modest in screen area here; avoid upgrading every rocky patch to B. Separate distant C terrain is not established; a B face outline alone does not qualify.,AI_PROPOSED_CONTACT_SCREEN,,,
592,165,0.0,window-0165-forward-00000,window-0165-reverse-00004,wall,left,right,absent,uncertain,medium,The cut lowers into banks beside bends; inland views show broad ground slopes and small crest forms while seaward views open to a horizon. The broad upper face is modest in screen area here; avoid upgrading every rocky patch to B. Separate distant C terrain is not established; a B face outline alone does not qualify.,AI_PROPOSED_CONTACT_SCREEN,,,
593,165,16.35747758503175,window-0165-forward-00001,window-0165-reverse-00003,wall,left,right,absent,uncertain,medium,The cut lowers into banks beside bends; inland views show broad ground slopes and small crest forms while seaward views open to a horizon. The broad upper face is modest in screen area here; avoid upgrading every rocky patch to B. Separate distant C terrain is not established; a B face outline alone does not qualify.,AI_PROPOSED_CONTACT_SCREEN,,,
594,165,32.7149551700635,window-0165-forward-00002,window-0165-reverse-00002,wall,left,right,absent,uncertain,medium,The cut lowers into banks beside bends; inland views show broad ground slopes and small crest forms while seaward views open to a horizon. The broad upper face is modest in screen area here; avoid upgrading every rocky patch to B. Separate distant C terrain is not established; a B face outline alone does not qualify.,AI_PROPOSED_CONTACT_SCREEN,,,
595,165,49.07243275509525,window-0165-forward-00003,window-0165-reverse-00001,wall,both,both,absent,uncertain,medium,The cut lowers into banks beside bends; inland views show broad ground slopes and small crest forms while seaward views open to a horizon. The broad upper face is modest in screen area here; avoid upgrading every rocky patch to B. Separate distant C terrain is not established; a B face outline alone does not qualify.,AI_PROPOSED_CONTACT_SCREEN,,,
596,165,65.429910340127,window-0165-forward-00004,window-0165-reverse-00000,bank,both,both,absent,uncertain,medium,The cut lowers into banks beside bends; inland views show broad ground slopes and small crest forms while seaward views open to a horizon. The broad upper face is modest in screen area here; avoid upgrading every rocky patch to B. Separate distant C terrain is not established; a B face outline alone does not qualify.,AI_PROPOSED_CONTACT_SCREEN,,,
597,166,0.0,window-0166-forward-00000,window-0166-reverse-00002,bank,both,both,absent,uncertain,medium,The cut lowers into banks beside bends; inland views show broad ground slopes and small crest forms while seaward views open to a horizon. The broad upper face is modest in screen area here; avoid upgrading every rocky patch to B. Separate distant C terrain is not established; a B face outline alone does not qualify.,AI_PROPOSED_CONTACT_SCREEN,,,
598,166,15.739595187182921,window-0166-forward-00001,window-0166-reverse-00001,bank,both,both,absent,uncertain,medium,The cut lowers into banks beside bends; inland views show broad ground slopes and small crest forms while seaward views open to a horizon. The broad upper face is modest in screen area here; avoid upgrading every rocky patch to B. Separate distant C terrain is not established; a B face outline alone does not qualify.,AI_PROPOSED_CONTACT_SCREEN,,,
599,166,31.479190374365842,window-0166-forward-00002,window-0166-reverse-00000,bank,both,both,absent,uncertain,medium,The cut lowers into banks beside bends; inland views show broad ground slopes and small crest forms while seaward views open to a horizon. The broad upper face is modest in screen area here; avoid upgrading every rocky patch to B. Separate distant C terrain is not established; a B face outline alone does not qualify.,AI_PROPOSED_CONTACT_SCREEN,,,
600,167,0.0,window-0167-forward-00000,window-0167-reverse-00001,wall,left,right,uncertain,uncertain,low,Close cuts transition into lower banks; reverse views reveal a broad upper slope and forward views expose small ridge outcrops. Separate distant C terrain is not established; a B face outline alone does not qualify.,AI_PROPOSED_CONTACT_SCREEN,,,
601,167,12.987918896031136,window-0167-forward-00001,window-0167-reverse-00000,wall,left,right,uncertain,uncertain,low,Close cuts transition into lower banks; reverse views reveal a broad upper slope and forward views expose small ridge outcrops. Separate distant C terrain is not established; a B face outline alone does not qualify.,AI_PROPOSED_CONTACT_SCREEN,,,
602,168,0.0,window-0168-forward-00000,window-0168-reverse-00003,wall,left,right,present,present,medium,Close cuts transition into lower banks; reverse views reveal a broad upper slope and forward views expose small ridge outcrops.,AI_PROPOSED_CONTACT_SCREEN,,,
603,168,15.496163087821117,window-0168-forward-00001,window-0168-reverse-00002,wall,left,right,present,present,medium,Close cuts transition into lower banks; reverse views reveal a broad upper slope and forward views expose small ridge outcrops.,AI_PROPOSED_CONTACT_SCREEN,,,
604,168,30.992326175642233,window-0168-forward-00002,window-0168-reverse-00001,wall,left,right,present,present,medium,Close cuts transition into lower banks; reverse views reveal a broad upper slope and forward views expose small ridge outcrops.,AI_PROPOSED_CONTACT_SCREEN,,,
605,168,46.48848926346335,window-0168-forward-00003,window-0168-reverse-00000,bank,left,right,present,present,medium,Close cuts transition into lower banks; reverse views reveal a broad upper slope and forward views expose small ridge outcrops.,AI_PROPOSED_CONTACT_SCREEN,,,
606,169,0.0,window-0169-forward-00000,window-0169-reverse-00001,bank,both,both,present,present,medium,Close cuts transition into lower banks; reverse views reveal a broad upper slope and forward views expose small ridge outcrops.,AI_PROPOSED_CONTACT_SCREEN,,,
607,169,9.51401032363151,window-0169-forward-00001,window-0169-reverse-00000,bank,both,both,present,present,medium,Close cuts transition into lower banks; reverse views reveal a broad upper slope and forward views expose small ridge outcrops.,AI_PROPOSED_CONTACT_SCREEN,,,
608,170,0.0,window-0170-forward-00000,window-0170-reverse-00001,bank,both,both,present,present,medium,Close cuts transition into lower banks; reverse views reveal a broad upper slope and forward views expose small ridge outcrops.,AI_PROPOSED_CONTACT_SCREEN,,,
609,170,9.521133903849195,window-0170-forward-00001,window-0170-reverse-00000,bank,both,both,present,present,medium,Close cuts transition into lower banks; reverse views reveal a broad upper slope and forward views expose small ridge outcrops.,AI_PROPOSED_CONTACT_SCREEN,,,
610,171,0.0,window-0171-forward-00000,window-0171-reverse-00001,bank,both,both,present,present,medium,Close cuts transition into lower banks; reverse views reveal a broad upper slope and forward views expose small ridge outcrops.,AI_PROPOSED_CONTACT_SCREEN,,,
611,171,19.04401921805316,window-0171-forward-00001,window-0171-reverse-00000,bank,both,both,present,present,medium,Close cuts transition into lower banks; reverse views reveal a broad upper slope and forward views expose small ridge outcrops.,AI_PROPOSED_CONTACT_SCREEN,,,
612,172,0.0,window-0172-forward-00000,window-0172-reverse-00002,wall,both,right,present,present,medium,"Near cut faces bound the road, with a readable inland cliff rim and upper terrain; reverse view also opens toward the sea.",AI_PROPOSED_CONTACT_SCREEN,,,
613,172,15.024028744261843,window-0172-forward-00001,window-0172-reverse-00001,wall,both,right,present,present,medium,"Near cut faces bound the road, with a readable inland cliff rim and upper terrain; reverse view also opens toward the sea.",AI_PROPOSED_CONTACT_SCREEN,,,
614,172,30.048057488523686,window-0172-forward-00002,window-0172-reverse-00000,wall,both,right,uncertain,present,low,"Near cut faces bound the road, with a readable inland cliff rim and upper terrain; reverse view also opens toward the sea.",AI_PROPOSED_CONTACT_SCREEN,,,
615,173,0.0,window-0173-forward-00000,window-0173-reverse-00006,wall,left,right,present,uncertain,medium,"Near cut faces bound the road, with a readable inland cliff rim and upper terrain; reverse view also opens toward the sea. Separate distant C terrain is not established; a B face outline alone does not qualify.",AI_PROPOSED_CONTACT_SCREEN,,,
616,173,16.7103084939012,window-0173-forward-00001,window-0173-reverse-00005,wall,left,right,present,uncertain,medium,"Near cut faces bound the road, with a readable inland cliff rim and upper terrain; reverse view also opens toward the sea. Separate distant C terrain is not established; a B face outline alone does not qualify.",AI_PROPOSED_CONTACT_SCREEN,,,
617,173,33.4206169878024,window-0173-forward-00002,window-0173-reverse-00004,wall,left,right,present,uncertain,medium,"Near cut faces bound the road, with a readable inland cliff rim and upper terrain; reverse view also opens toward the sea. Separate distant C terrain is not established; a B face outline alone does not qualify.",AI_PROPOSED_CONTACT_SCREEN,,,
618,173,50.1309254817036,window-0173-forward-00003,window-0173-reverse-00003,wall,left,right,present,uncertain,medium,"Near cut faces bound the road, with a readable inland cliff rim and upper terrain; reverse view also opens toward the sea. Separate distant C terrain is not established; a B face outline alone does not qualify.",AI_PROPOSED_CONTACT_SCREEN,,,
619,173,66.8412339756048,window-0173-forward-00004,window-0173-reverse-00002,wall,left,right,present,uncertain,medium,"Near cut faces bound the road, with a readable inland cliff rim and upper terrain; reverse view also opens toward the sea. Separate distant C terrain is not established; a B face outline alone does not qualify.",AI_PROPOSED_CONTACT_SCREEN,,,
620,173,83.551542469506,window-0173-forward-00005,window-0173-reverse-00001,wall,left,right,present,uncertain,medium,"Near cut faces bound the road, with a readable inland cliff rim and upper terrain; reverse view also opens toward the sea. Separate distant C terrain is not established; a B face outline alone does not qualify.",AI_PROPOSED_CONTACT_SCREEN,,,
621,173,100.2618509634072,window-0173-forward-00006,window-0173-reverse-00000,wall,left,right,present,uncertain,medium,"Near cut faces bound the road, with a readable inland cliff rim and upper terrain; reverse view also opens toward the sea. Separate distant C terrain is not established; a B face outline alone does not qualify.",AI_PROPOSED_CONTACT_SCREEN,,,
622,174,0.0,window-0174-forward-00000,window-0174-reverse-00001,wall,left,right,present,uncertain,medium,"Near cut faces bound the road, with a readable inland cliff rim and upper terrain; reverse view also opens toward the sea. Separate distant C terrain is not established; a B face outline alone does not qualify.",AI_PROPOSED_CONTACT_SCREEN,,,
623,174,13.04478635514223,window-0174-forward-00001,window-0174-reverse-00000,wall,left,right,present,uncertain,medium,"Near cut faces bound the road, with a readable inland cliff rim and upper terrain; reverse view also opens toward the sea. Separate distant C terrain is not established; a B face outline alone does not qualify.",AI_PROPOSED_CONTACT_SCREEN,,,
624,175,0.0,window-0175-forward-00000,window-0175-reverse-00001,wall,both,right,present,present,medium,"The road enters and exits a two-sided cut; the central pairs show tall opposing vertical faces, while other pairs retain open coastal or ridge views.",AI_PROPOSED_CONTACT_SCREEN,,,
625,175,13.961629560418281,window-0175-forward-00001,window-0175-reverse-00000,wall,both,right,present,present,medium,"The road enters and exits a two-sided cut; the central pairs show tall opposing vertical faces, while other pairs retain open coastal or ridge views.",AI_PROPOSED_CONTACT_SCREEN,,,
626,176,0.0,window-0176-forward-00000,window-0176-reverse-00004,wall,left,right,uncertain,present,low,"The road enters and exits a two-sided cut; the central pairs show tall opposing vertical faces, while other pairs retain open coastal or ridge views.",AI_PROPOSED_CONTACT_SCREEN,,,
627,176,16.514970031067357,window-0176-forward-00001,window-0176-reverse-00003,wall,left,right,uncertain,present,low,"The road enters and exits a two-sided cut; the central pairs show tall opposing vertical faces, while other pairs retain open coastal or ridge views.",AI_PROPOSED_CONTACT_SCREEN,,,
628,176,33.02994006213471,window-0176-forward-00002,window-0176-reverse-00002,wall,left,right,uncertain,present,low,"The road enters and exits a two-sided cut; the central pairs show tall opposing vertical faces, while other pairs retain open coastal or ridge views.",AI_PROPOSED_CONTACT_SCREEN,,,
629,176,49.54491009320207,window-0176-forward-00003,window-0176-reverse-00001,bank,left,right,uncertain,present,low,"The road enters and exits a two-sided cut; the central pairs show tall opposing vertical faces, while other pairs retain open coastal or ridge views.",AI_PROPOSED_CONTACT_SCREEN,,,
630,176,66.05988012426943,window-0176-forward-00004,window-0176-reverse-00000,bank,left,right,uncertain,present,low,"The road enters and exits a two-sided cut; the central pairs show tall opposing vertical faces, while other pairs retain open coastal or ridge views.",AI_PROPOSED_CONTACT_SCREEN,,,
631,177,0.0,window-0177-forward-00000,window-0177-reverse-00004,wall,both,right,absent,uncertain,medium,"The road enters and exits a two-sided cut; the central pairs show tall opposing vertical faces, while other pairs retain open coastal or ridge views. Separate distant C terrain is not established; a B face outline alone does not qualify.",AI_PROPOSED_CONTACT_SCREEN,,,
632,177,16.396376991906152,window-0177-forward-00001,window-0177-reverse-00003,wall,both,both,present,absent,medium,Tall opposing cut walls occupy much of the frame and expose broad vertical planes; close base contact needs A while major face form needs B.,AI_PROPOSED_CONTACT_SCREEN,,,
633,177,32.792753983812304,window-0177-forward-00002,window-0177-reverse-00002,wall,both,both,present,present,medium,"Original forward PNG confirms dominant tall bilateral cuts (A base contacts plus B broad vertical faces). Through their opening a separate distant mountain ridge is visible (C), rather than merely the cut-wall outline.",AI_PROPOSED_CONTACT_SCREEN,,,
634,177,49.189130975718456,window-0177-forward-00003,window-0177-reverse-00001,wall,both,both,present,uncertain,medium,Tall opposing cut walls occupy much of the frame and expose broad vertical planes; close base contact needs A while major face form needs B. Separate distant C terrain is not established; a B face outline alone does not qualify.,AI_PROPOSED_CONTACT_SCREEN,,,
635,177,65.58550796762461,window-0177-forward-00004,window-0177-reverse-00000,bank,both,both,absent,present,medium,"The road enters and exits a two-sided cut; the central pairs show tall opposing vertical faces, while other pairs retain open coastal or ridge views.",AI_PROPOSED_CONTACT_SCREEN,,,
636,178,0.0,window-0178-forward-00000,window-0178-reverse-00006,wall,right,left,present,uncertain,medium,"A tall stepped uphill face dominates forward-right and reverse-left, while the opposite side opens to a distinctive jagged mountain silhouette. Separate distant C terrain is not established; a B face outline alone does not qualify.",AI_PROPOSED_CONTACT_SCREEN,,,
637,178,16.711452222406866,window-0178-forward-00001,window-0178-reverse-00005,wall,right,left,present,uncertain,medium,"A tall stepped uphill face dominates forward-right and reverse-left, while the opposite side opens to a distinctive jagged mountain silhouette. Separate distant C terrain is not established; a B face outline alone does not qualify.",AI_PROPOSED_CONTACT_SCREEN,,,
638,178,33.42290444481373,window-0178-forward-00002,window-0178-reverse-00004,wall,right,left,present,uncertain,medium,"A tall stepped uphill face dominates forward-right and reverse-left, while the opposite side opens to a distinctive jagged mountain silhouette. Separate distant C terrain is not established; a B face outline alone does not qualify.",AI_PROPOSED_CONTACT_SCREEN,,,
639,178,50.1343566672206,window-0178-forward-00003,window-0178-reverse-00003,wall,right,left,present,uncertain,medium,"A tall stepped uphill face dominates forward-right and reverse-left, while the opposite side opens to a distinctive jagged mountain silhouette. Separate distant C terrain is not established; a B face outline alone does not qualify.",AI_PROPOSED_CONTACT_SCREEN,,,
640,178,66.84580888962746,window-0178-forward-00004,window-0178-reverse-00002,wall,right,left,present,uncertain,medium,"A tall stepped uphill face dominates forward-right and reverse-left, while the opposite side opens to a distinctive jagged mountain silhouette. Separate distant C terrain is not established; a B face outline alone does not qualify.",AI_PROPOSED_CONTACT_SCREEN,,,
641,178,83.55726111203434,window-0178-forward-00005,window-0178-reverse-00001,wall,right,left,present,uncertain,medium,"A tall stepped uphill face dominates forward-right and reverse-left, while the opposite side opens to a distinctive jagged mountain silhouette. Separate distant C terrain is not established; a B face outline alone does not qualify.",AI_PROPOSED_CONTACT_SCREEN,,,
642,178,100.2687133344412,window-0178-forward-00006,window-0178-reverse-00000,wall,right,left,present,uncertain,medium,"A tall stepped uphill face dominates forward-right and reverse-left, while the opposite side opens to a distinctive jagged mountain silhouette. Separate distant C terrain is not established; a B face outline alone does not qualify.",AI_PROPOSED_CONTACT_SCREEN,,,
643,179,0.0,window-0179-forward-00000,window-0179-reverse-00006,wall,right,left,present,uncertain,medium,"A tall stepped uphill face dominates forward-right and reverse-left, while the opposite side opens to a distinctive jagged mountain silhouette. Separate distant C terrain is not established; a B face outline alone does not qualify.",AI_PROPOSED_CONTACT_SCREEN,,,
644,179,16.73617039326405,window-0179-forward-00001,window-0179-reverse-00005,wall,right,left,present,uncertain,medium,"A tall stepped uphill face dominates forward-right and reverse-left, while the opposite side opens to a distinctive jagged mountain silhouette. Separate distant C terrain is not established; a B face outline alone does not qualify.",AI_PROPOSED_CONTACT_SCREEN,,,
645,179,33.4723407865281,window-0179-forward-00002,window-0179-reverse-00004,wall,right,left,present,uncertain,medium,"A tall stepped uphill face dominates forward-right and reverse-left, while the opposite side opens to a distinctive jagged mountain silhouette. Separate distant C terrain is not established; a B face outline alone does not qualify.",AI_PROPOSED_CONTACT_SCREEN,,,
646,179,50.20851117979215,window-0179-forward-00003,window-0179-reverse-00003,wall,right,left,present,uncertain,medium,"A tall stepped uphill face dominates forward-right and reverse-left, while the opposite side opens to a distinctive jagged mountain silhouette. Separate distant C terrain is not established; a B face outline alone does not qualify.",AI_PROPOSED_CONTACT_SCREEN,,,
647,179,66.9446815730562,window-0179-forward-00004,window-0179-reverse-00002,wall,right,left,present,uncertain,medium,"A tall stepped uphill face dominates forward-right and reverse-left, while the opposite side opens to a distinctive jagged mountain silhouette. Separate distant C terrain is not established; a B face outline alone does not qualify.",AI_PROPOSED_CONTACT_SCREEN,,,
648,179,83.68085196632025,window-0179-forward-00005,window-0179-reverse-00001,wall,right,left,present,uncertain,medium,Large near cliff planes remain forward-right and reverse-left; the mountain ahead has readable large faces as well as a clear skyline. Separate distant C terrain is not established; a B face outline alone does not qualify.,AI_PROPOSED_CONTACT_SCREEN,,,
649,179,100.4170223595843,window-0179-forward-00006,window-0179-reverse-00000,wall,right,left,present,uncertain,medium,Large near cliff planes remain forward-right and reverse-left; the mountain ahead has readable large faces as well as a clear skyline. Separate distant C terrain is not established; a B face outline alone does not qualify.,AI_PROPOSED_CONTACT_SCREEN,,,
650,180,0.0,window-0180-forward-00000,window-0180-reverse-00006,wall,right,left,present,uncertain,medium,Large near cliff planes remain forward-right and reverse-left; the mountain ahead has readable large faces as well as a clear skyline. Separate distant C terrain is not established; a B face outline alone does not qualify.,AI_PROPOSED_CONTACT_SCREEN,,,
651,180,16.74635273499198,window-0180-forward-00001,window-0180-reverse-00005,wall,right,left,present,uncertain,medium,Large near cliff planes remain forward-right and reverse-left; the mountain ahead has readable large faces as well as a clear skyline. Separate distant C terrain is not established; a B face outline alone does not qualify.,AI_PROPOSED_CONTACT_SCREEN,,,
652,180,33.49270546998396,window-0180-forward-00002,window-0180-reverse-00004,wall,right,left,present,uncertain,medium,Large near cliff planes remain forward-right and reverse-left; the mountain ahead has readable large faces as well as a clear skyline. Separate distant C terrain is not established; a B face outline alone does not qualify.,AI_PROPOSED_CONTACT_SCREEN,,,
653,180,50.23905820497594,window-0180-forward-00003,window-0180-reverse-00003,wall,right,left,present,uncertain,medium,Large near cliff planes remain forward-right and reverse-left; the mountain ahead has readable large faces as well as a clear skyline. Separate distant C terrain is not established; a B face outline alone does not qualify.,AI_PROPOSED_CONTACT_SCREEN,,,
654,180,66.98541093996792,window-0180-forward-00004,window-0180-reverse-00002,wall,right,left,present,uncertain,medium,Large near cliff planes remain forward-right and reverse-left; the mountain ahead has readable large faces as well as a clear skyline. Separate distant C terrain is not established; a B face outline alone does not qualify.,AI_PROPOSED_CONTACT_SCREEN,,,
655,180,83.73176367495991,window-0180-forward-00005,window-0180-reverse-00001,wall,right,left,present,uncertain,medium,Large near cliff planes remain forward-right and reverse-left; the mountain ahead has readable large faces as well as a clear skyline. Separate distant C terrain is not established; a B face outline alone does not qualify.,AI_PROPOSED_CONTACT_SCREEN,,,
656,180,100.47811640995188,window-0180-forward-00006,window-0180-reverse-00000,wall,right,left,present,uncertain,medium,Large near cliff planes remain forward-right and reverse-left; the mountain ahead has readable large faces as well as a clear skyline. Separate distant C terrain is not established; a B face outline alone does not qualify.,AI_PROPOSED_CONTACT_SCREEN,,,
657,181,0.0,window-0181-forward-00000,window-0181-reverse-00004,wall,right,left,present,uncertain,medium,Large near cliff planes remain forward-right and reverse-left; the mountain ahead has readable large faces as well as a clear skyline. Separate distant C terrain is not established; a B face outline alone does not qualify.,AI_PROPOSED_CONTACT_SCREEN,,,
658,181,17.201363816651,window-0181-forward-00001,window-0181-reverse-00003,wall,right,left,present,uncertain,medium,Large near cliff planes remain forward-right and reverse-left; the mountain ahead has readable large faces as well as a clear skyline. Separate distant C terrain is not established; a B face outline alone does not qualify.,AI_PROPOSED_CONTACT_SCREEN,,,
659,181,34.402727633302,window-0181-forward-00002,window-0181-reverse-00002,wall,right,left,present,uncertain,medium,Large near cliff planes remain forward-right and reverse-left; the mountain ahead has readable large faces as well as a clear skyline. Separate distant C terrain is not established; a B face outline alone does not qualify.,AI_PROPOSED_CONTACT_SCREEN,,,
660,181,51.604091449953,window-0181-forward-00003,window-0181-reverse-00001,wall,both,both,present,uncertain,medium,"Large mountain faces, roadside cut walls and hairpin road contacts are readable; closing cuts limit the horizon in the final pairs. Separate distant C terrain is not established; a B face outline alone does not qualify.",AI_PROPOSED_CONTACT_SCREEN,,,
661,181,68.805455266604,window-0181-forward-00004,window-0181-reverse-00000,wall,none,both,present,absent,medium,Bridge or parapet road contacts lead toward a large central peak with readable broad relief; reverse view retains a tall near cut face. The central peak is B with silhouette importance; its outline is not a separate C region.,AI_PROPOSED_CONTACT_SCREEN,,,
662,182,0.0,window-0182-forward-00000,window-0182-reverse-00002,wall,left,right,present,present,medium,"Large mountain faces, roadside cut walls and hairpin road contacts are readable; closing cuts limit the horizon in the final pairs.",AI_PROPOSED_CONTACT_SCREEN,,,
663,182,10.030359435896147,window-0182-forward-00001,window-0182-reverse-00001,wall,left,right,present,present,medium,"Large mountain faces, roadside cut walls and hairpin road contacts are readable; closing cuts limit the horizon in the final pairs.",AI_PROPOSED_CONTACT_SCREEN,,,
664,182,20.060718871792293,window-0182-forward-00002,window-0182-reverse-00000,wall,left,right,present,present,medium,"Large mountain faces, roadside cut walls and hairpin road contacts are readable; closing cuts limit the horizon in the final pairs.",AI_PROPOSED_CONTACT_SCREEN,,,
665,183,0.0,window-0183-forward-00000,window-0183-reverse-00001,wall,both,left,present,absent,medium,"Large mountain faces, roadside cut walls and hairpin road contacts are readable; closing cuts limit the horizon in the final pairs.",AI_PROPOSED_CONTACT_SCREEN,,,
666,183,8.10422891576463,window-0183-forward-00001,window-0183-reverse-00000,wall,both,left,present,absent,medium,"Large mountain faces, roadside cut walls and hairpin road contacts are readable; closing cuts limit the horizon in the final pairs.",AI_PROPOSED_CONTACT_SCREEN,,,
667,184,0.0,window-0184-forward-00000,window-0184-reverse-00001,wall,both,both,present,uncertain,medium,"Large mountain faces, roadside cut walls and hairpin road contacts are readable; closing cuts limit the horizon in the final pairs. Separate distant C terrain is not established; a B face outline alone does not qualify.",AI_PROPOSED_CONTACT_SCREEN,,,
668,184,7.92063508355347,window-0184-forward-00001,window-0184-reverse-00000,wall,both,both,present,uncertain,medium,"Large mountain faces, roadside cut walls and hairpin road contacts are readable; closing cuts limit the horizon in the final pairs. Separate distant C terrain is not established; a B face outline alone does not qualify.",AI_PROPOSED_CONTACT_SCREEN,,,
